gse_id,species,catalog_species,protocol,nrows,ncols,n_genes,nnz,density,is_usa,pz_bytes,raw_int32_bytes,ratio,bits_per_nz,codec,has_transpose,has_obs_var,num_chunks
GSE100274,Mus musculus,Mus musculus,dropseq,171540,17926,57180,13530556,0.0044,True,13994989,108316156,7.74,8.275,vocsc+zstd,False,True,18
GSE100725,Homo sapiens,Homo sapiens,10x_suspect,115818,2795,38606,20050914,0.061941,True,15034300,160418496,10.67,5.998,vocsc+zstd,False,True,3
GSE100861,Mus musculus,,,171540,26976,57180,20663807,0.004465,True,19610107,165418364,8.435,7.592,vocsc+zstd,False,True,27
GSE103224,Homo sapiens,,,115818,3276,38606,4266121,0.011244,True,4564048,34142076,7.481,8.559,vocsc+zstd,False,True,4
GSE103544,Homo sapiens,Homo sapiens,10xv2,115818,60316,38606,1910331,0.000273,True,2872712,15523916,5.404,12.03,vocsc+zstd,False,True,59
GSE103574,Mus musculus,Mus musculus,10xv3,171540,5022,57180,26837275,0.031153,True,20533818,214718292,10.457,6.121,vocsc+zstd,False,True,5
GSE103976,Mus musculus,,,171540,183350,57180,32044162,0.001019,True,39221098,257086700,6.555,9.792,vocsc+zstd,False,True,180
GSE103983,Mus musculus,,,171540,7870,57180,4355879,0.003227,True,5815823,34878516,5.997,10.681,vocsc+zstd,False,True,8
GSE104898,Mus musculus,,,171540,115313,57180,8209974,0.000415,True,14187474,66141048,4.662,13.825,vocsc+zstd,False,True,113
GSE106121,Danio rerio,Danio rerio,10x_suspect,97560,1201642,32520,192189538,0.001639,True,210621690,1542322876,7.323,8.767,vocsc+zstd,False,True,1174
GSE106202,Homo sapiens,,,115818,28448,38606,7964835,0.002417,True,9212397,63832476,6.929,9.253,vocsc+zstd,False,True,28
GSE106264,Mus musculus,Mus musculus,10xv2,171540,790552,57180,25541701,0.000188,True,37499572,207495820,5.533,11.745,vocsc+zstd,False,True,773
GSE106543,Homo sapiens,Homo sapiens,10xv2,115818,6963,38606,9937852,0.012323,True,8975903,79530672,8.86,7.226,vocsc+zstd,False,True,7
GSE106678,Mus musculus,Mus musculus,dropseq,171540,449309,57180,94143803,0.001221,True,107200718,754947664,7.042,9.11,vocsc+zstd,False,True,439
GSE107122,Mus musculus,Mus musculus,dropseq,171540,13764,57180,17784493,0.007532,True,15945115,142331004,8.926,7.173,vocsc+zstd,False,True,14
GSE107185,Homo sapiens,Homo sapiens; unidentified plasmid,10x_suspect,115818,40626,38606,192643822,0.040943,True,135343783,1541313084,11.388,5.62,vocsc+zstd,False,True,40
GSE107220,Mus musculus,,,171540,62233,57180,12427379,0.001164,True,15333295,99667968,6.5,9.871,vocsc+zstd,False,True,61
GSE107585,Mus musculus,Mus musculus,10x_suspect,171540,521682,57180,84925160,0.000949,True,84653838,681488012,8.05,7.974,vocsc+zstd,False,True,510
GSE107910,Mus musculus,Mus musculus,dropseq,171540,49598,57180,79217113,0.009311,True,64725603,633935300,9.794,6.537,vocsc+zstd,False,True,49
GSE108313,Homo sapiens,Homo sapiens,10xv2,115818,252882,38606,38914062,0.001329,True,36803406,312324028,8.486,7.566,vocsc+zstd,False,True,247
GSE109247,Mus musculus,,,171540,66737,57180,58943273,0.005149,True,51408682,471813136,9.178,6.977,vocsc+zstd,False,True,66
GSE109447,Mus musculus,,,171540,13264,57180,5113510,0.002247,True,6769849,40961140,6.051,10.591,vocsc+zstd,False,True,13
GSE110623,Mus musculus,,,171540,56756,57180,16859934,0.001732,True,19286644,135106500,7.005,9.151,vocsc+zstd,False,True,56
GSE110894,Mus musculus,,,171540,1650,57180,584615,0.002065,True,1576085,4683524,2.972,21.567,vocsc+zstd,False,True,2
GSE110949,Homo sapiens,,,115818,2155,38606,4409941,0.017669,True,4363949,35288152,8.086,7.917,vocsc+zstd,False,True,3
GSE111107,Mus musculus,Mus musculus,dropseq,171540,99019,57180,15984077,0.000941,True,20264282,128268696,6.33,10.142,vocsc+zstd,False,True,97
GSE111108,Homo sapiens,Homo sapiens,10x_suspect,115818,1030,38606,9389808,0.078712,True,7659249,75122588,9.808,6.526,vocsc+zstd,False,True,2
GSE111113,Mus musculus,Mus musculus,10xv2,171540,49403,57180,12016414,0.001418,True,11287049,96328928,8.534,7.514,vocsc+zstd,False,True,49
GSE111527,Mus musculus,Mus musculus,dropseq,171540,23254,57180,21592693,0.005413,True,21437810,172834564,8.062,7.943,vocsc+zstd,False,True,23
GSE111664,Mus musculus,Mus musculus,dropseq,171540,314905,57180,42980254,0.000796,True,56865987,345101656,6.069,10.585,vocsc+zstd,False,True,308
GSE111672,Homo sapiens,Homo sapiens,indrop,115818,820,38606,93436,0.000984,True,1097256,750772,0.684,93.947,vocsc+zstd,False,True,1
GSE111704,Mus musculus,Mus musculus,10xv2,171540,979705,57180,91481948,0.000544,True,89820252,735774408,8.192,7.855,vocsc+zstd,False,True,957
GSE111764,Homo sapiens,,,115818,3523,38606,957147,0.002346,True,1956480,7671272,3.921,16.353,vocsc+zstd,False,True,4
GSE111896,Homo sapiens,,,115818,12729,38606,12095143,0.008204,True,11295843,96812064,8.571,7.471,vocsc+zstd,False,True,13
GSE111898,Homo sapiens,Homo sapiens,10xv2,115818,204160,38606,14246262,0.000602,True,16976533,114786740,6.761,9.533,vocsc+zstd,False,True,200
GSE113293,Mus musculus,Mus musculus,dropseq,171540,821703,57180,85159623,0.000604,True,109160031,684563800,6.271,10.255,vocsc+zstd,False,True,803
GSE114156,Homo sapiens,Homo sapiens,indrop,115818,381,38606,312169,0.007074,True,1275331,2498880,1.959,32.683,vocsc+zstd,False,True,1
GSE114454,Homo sapiens,,,115818,236676,38606,25446849,0.000928,True,34405942,204521500,5.944,10.817,vocsc+zstd,False,True,232
GSE114459,Homo sapiens,,,115818,13646,38606,39748417,0.02515,True,29963686,318041924,10.614,6.031,vocsc+zstd,False,True,14
GSE114460,Homo sapiens,,,115818,13517,38606,40210288,0.025685,True,30184953,321736376,10.659,6.005,vocsc+zstd,False,True,14
GSE114461,Homo sapiens,,,115818,7753,38606,48250593,0.053735,True,34684705,386035760,11.13,5.751,vocsc+zstd,False,True,8
GSE114462,Homo sapiens,Homo sapiens,10x_suspect,115818,724772,38606,115179021,0.001372,True,104744600,924331260,8.825,7.275,vocsc+zstd,False,True,708
GSE114530,Homo sapiens,Homo sapiens,10x_suspect,115818,20163,38606,25763927,0.011033,True,22202973,206192072,9.287,6.894,vocsc+zstd,False,True,20
GSE114615,Unknown,,,98499,1403,98499,5105513,0.036945,True,4435245,40849720,9.21,6.95,vocsc+zstd,False,True,2
GSE114724,Homo sapiens,Homo sapiens,10x_suspect,115818,24112,38606,5420524,0.001941,True,6547847,43460644,6.637,9.664,vocsc+zstd,False,True,24
GSE114725,Homo sapiens,Homo sapiens,indrop,115818,16406,38606,7268080,0.003825,True,8209607,58210268,7.091,9.036,vocsc+zstd,False,True,17
GSE115243,Mus musculus,,,171540,539347,57180,76086192,0.000822,True,93509431,610846928,6.532,9.832,vocsc+zstd,False,True,527
GSE115476,Drosophila melanogaster,,,72834,54960,24278,16549803,0.004134,True,15054219,132618268,8.809,7.277,vocsc+zstd,False,True,54
GSE115869,Homo sapiens,,,115818,33361,38606,23473121,0.006075,True,21452831,187918416,8.76,7.311,vocsc+zstd,False,True,33
GSE116001,Mus musculus,,,171540,1599,57180,6356713,0.023175,True,6415016,50860104,7.928,8.073,vocsc+zstd,False,True,2
GSE116011,Homo sapiens,,,115818,2484,38606,2400458,0.008344,True,2980532,19213604,6.446,9.933,vocsc+zstd,False,True,3
GSE116256,Homo sapiens,,,115818,26470,38606,7241954,0.002362,True,7914247,58041516,7.334,8.743,vocsc+zstd,False,True,26
GSE116390,Mus musculus,Mus musculus,10x_suspect,171540,13961,57180,3320897,0.001387,True,4926548,26623024,5.404,11.868,vocsc+zstd,False,True,14
GSE117295,Mus musculus,Mus musculus,dropseq,171540,162242,57180,41310124,0.001484,True,43779438,331129964,7.564,8.478,vocsc+zstd,False,True,159
GSE117382,Homo sapiens,Homo sapiens,dropseq,115818,231402,38606,145390462,0.005425,True,125768623,1164049308,9.255,6.92,vocsc+zstd,False,True,226
GSE117707,Mus musculus,Mus musculus,10x_suspect,171540,84201,57180,33821481,0.002342,True,28901852,270908656,9.373,6.836,vocsc+zstd,False,True,83
GSE117784,Mus musculus,,,171540,31142,57180,25581501,0.004789,True,24256170,204776580,8.442,7.586,vocsc+zstd,False,True,31
GSE117785,Mus musculus,,,171540,96664,57180,90395060,0.005451,True,74929017,723547140,9.656,6.631,vocsc+zstd,False,True,95
GSE117786,Mus musculus,,,171540,51600,57180,33996353,0.003841,True,30444277,272177228,8.94,7.164,vocsc+zstd,False,True,51
GSE117788,Mus musculus,,,171540,22304,57180,39504347,0.010325,True,32547432,316123996,9.713,6.591,vocsc+zstd,False,True,22
GSE117790,Mus musculus,,,171540,5356,57180,22607469,0.024606,True,17674769,180881180,10.234,6.254,vocsc+zstd,False,True,6
GSE117792,Mus musculus,,,171540,67166,57180,54558075,0.004735,True,44364864,436733268,9.844,6.505,vocsc+zstd,False,True,66
GSE117793,Mus musculus,,,171540,7121,57180,26414375,0.021624,True,20223008,211343488,10.451,6.125,vocsc+zstd,False,True,7
GSE117794,Mus musculus,,,171540,4983,57180,25427191,0.029747,True,19303140,203437464,10.539,6.073,vocsc+zstd,False,True,5
GSE117795,Mus musculus,Mus musculus,10xv2,171540,571129,57180,205283211,0.002095,True,177679785,1644550208,9.256,6.924,vocsc+zstd,False,True,558
GSE117893,Mus musculus,Mus musculus,10x_suspect,171540,161491,57180,34871716,0.001259,True,38854858,279619696,7.197,8.914,vocsc+zstd,False,True,158
GSE117963,Mus musculus,Mus musculus,10xv2,171540,23823,57180,2663580,0.000652,True,5157077,21403936,4.15,15.489,vocsc+zstd,False,True,24
GSE118120,Mus musculus,,,171540,326,57180,18669,0.000334,True,1048880,150660,0.144,449.464,vocsc+zstd,False,True,1
GSE118184,Homo sapiens,Homo sapiens,10x_suspect,115818,320911,38606,138660145,0.003731,True,136445102,1110564808,8.139,7.872,vocsc+zstd,False,True,314
GSE118312,Homo sapiens,Mus musculus; Homo sapiens,10xv3,115818,13099,38606,29226570,0.019265,True,22756616,233864960,10.277,6.229,vocsc+zstd,False,True,13
GSE118368,Mus musculus,Mus musculus,10xv2,171540,6577,57180,21209859,0.018799,True,16468244,169705184,10.305,6.212,vocsc+zstd,False,True,7
GSE118486,Mus musculus,Mus musculus,10xv2,171540,4789,57180,16889974,0.02056,True,14084744,135138952,9.595,6.671,vocsc+zstd,False,True,5
GSE118545,Mus musculus,Mus musculus,dropseq,171540,1109861,57180,152702388,0.000802,True,188898224,1226058552,6.491,9.896,vocsc+zstd,False,True,1084
GSE118555,Mus musculus,Mus musculus,10x_suspect,171540,4543,57180,7244243,0.009296,True,7498071,57972120,7.732,8.28,vocsc+zstd,False,True,5
GSE118932,Mus musculus,Mus musculus,10xv2,171540,9615,57180,22128346,0.013416,True,18588620,177065232,9.525,6.72,vocsc+zstd,False,True,10
GSE119531,Mus musculus,Mus musculus,10x_suspect,171540,233996,57180,18807031,0.000469,True,27263549,151392236,5.553,11.597,vocsc+zstd,False,True,229
GSE119561,Homo sapiens,Homo sapiens,10xv2,115818,7225,38606,29977963,0.035825,True,22621694,239852608,10.603,6.037,vocsc+zstd,False,True,8
GSE119682,Homo sapiens,,,115818,9005,38606,6422639,0.006158,True,7200971,51417136,7.14,8.969,vocsc+zstd,False,True,9
GSE119750,Homo sapiens,,,115818,256174,38606,84232576,0.002839,True,95148489,674885308,7.093,9.037,vocsc+zstd,False,True,251
GSE120537,Drosophila melanogaster,Drosophila melanogaster,10xv3,72834,1035,24278,1574346,0.020885,True,1651922,12598912,7.627,8.394,vocsc+zstd,False,True,2
GSE120678,Mus musculus,Mus musculus,dropseq,171540,6245,57180,11791299,0.011007,True,11831363,94355376,7.975,8.027,vocsc+zstd,False,True,7
GSE120960,Mus musculus,,,171540,14053,57180,9455519,0.003922,True,9771299,75700368,7.747,8.267,vocsc+zstd,False,True,14
GSE121034,Mus musculus,Mus musculus,10xv2,171540,10452,57180,18699774,0.01043,True,15763913,149640004,9.493,6.744,vocsc+zstd,False,True,11
GSE121080,Homo sapiens,Homo sapiens,10xv2,115818,65850,38606,125902252,0.016508,True,102153118,1007481420,9.862,6.491,vocsc+zstd,False,True,65
GSE121107,Homo sapiens,Homo sapiens,dropseq,115818,185945,38606,59099987,0.002744,True,58226580,473543680,8.133,7.882,vocsc+zstd,False,True,182
GSE121267,Homo sapiens,Homo sapiens,10x_suspect,115818,3273,38606,8130721,0.021449,True,7160255,65058864,9.086,7.045,vocsc+zstd,False,True,4
GSE121287,Mus musculus,Mus musculus,10x_suspect,171540,3315,57180,8198044,0.014417,True,7713031,65597616,8.505,7.527,vocsc+zstd,False,True,4
GSE121309,Homo sapiens,Homo sapiens,10xv3_5prime,115818,10959,38606,4179820,0.003293,True,5117716,33482400,6.542,9.795,vocsc+zstd,False,True,11
GSE121429,Homo sapiens,Homo sapiens,10x_suspect,115818,5622,38606,32861506,0.050469,True,23513152,262914540,11.182,5.724,vocsc+zstd,False,True,6
GSE121619,Unknown,Arabidopsis thaliana,10x_suspect,98499,8817,98499,14213272,0.016366,True,12236624,113741448,9.295,6.887,vocsc+zstd,False,True,9
GSE121707,Mus musculus,Mus musculus,10xv2,171540,26159,57180,69465229,0.01548,True,52361693,555826472,10.615,6.03,vocsc+zstd,False,True,26
GSE121891,Mus musculus,Mus musculus,10xv2,171540,475072,57180,113769379,0.001396,True,120659917,912055324,7.559,8.485,vocsc+zstd,False,True,464
GSE121904,Mus musculus,Mus musculus,10xv2,171540,29924,57180,101249319,0.019725,True,82593640,810114252,9.808,6.526,vocsc+zstd,False,True,30
GSE122465,Mus musculus,Mus musculus,10xv2,171540,11615,57180,21292355,0.010687,True,19136291,170385304,8.904,7.19,vocsc+zstd,False,True,12
GSE122687,Unknown,Arabidopsis thaliana,dropseq,98499,1752,98499,4337509,0.025135,True,3916596,34707084,8.862,7.224,vocsc+zstd,False,True,2
GSE122743,Homo sapiens,Homo sapiens,10xv2,115818,35083,38606,54579636,0.013433,True,43013975,436777424,10.154,6.305,vocsc+zstd,False,True,35
GSE122762,Mus musculus,Mus musculus,10xv2,171540,50346,57180,29275168,0.00339,True,27624992,234402732,8.485,7.549,vocsc+zstd,False,True,50
GSE123135,Mus musculus,Mus musculus,10xv2,171540,2224237,57180,334034574,0.000875,True,301931781,2681173544,8.88,7.231,vocsc+zstd,False,True,2173
GSE123335,Mus musculus,,,171540,234021,57180,97336473,0.002425,True,95469647,779627872,8.166,7.847,vocsc+zstd,False,True,229
GSE123400,Mus musculus,Mus musculus,10xv2,171540,8147,57180,10249036,0.007334,True,10209660,82024880,8.034,7.969,vocsc+zstd,False,True,8
GSE123405,Homo sapiens,,,115818,4773,38606,5893567,0.010661,True,6275617,47167632,7.516,8.519,vocsc+zstd,False,True,5
GSE123534,Mus musculus,Mus musculus,10x_suspect,171540,7634,57180,17806808,0.013598,True,15461403,142485004,9.216,6.946,vocsc+zstd,False,True,8
GSE123587,Mus musculus,Mus musculus,10x_suspect,171540,3258,57180,4317234,0.007725,True,5020461,34550908,6.882,9.303,vocsc+zstd,False,True,4
GSE123662,Danio rerio,Danio rerio,10xv3,97560,80080,32520,7513984,0.000962,True,8833262,60432196,6.841,9.405,vocsc+zstd,False,True,79
GSE123778,Danio rerio,Danio rerio,10xv2,97560,8428,32520,18761138,0.022817,True,16117080,150122820,9.315,6.873,vocsc+zstd,False,True,9
GSE123782,Homo sapiens,Homo sapiens,dropseq,115818,172629,38606,185558095,0.009281,True,147844616,1485155280,10.045,6.374,vocsc+zstd,False,True,169
GSE123813,Homo sapiens,,,115818,133264,38606,65565190,0.004248,True,66003987,525054580,7.955,8.054,vocsc+zstd,False,True,131
GSE123902,Homo sapiens,Homo sapiens,10x_suspect,115818,47804,38606,64145715,0.011586,True,56075317,513356940,9.155,6.993,vocsc+zstd,False,True,47
GSE123994,Mus musculus,Mus musculus,10xv2,171540,49595,57180,21210232,0.002493,True,21459430,169880240,7.916,8.094,vocsc+zstd,False,True,49
GSE124061,Mus musculus,,,171540,430195,57180,80338428,0.001089,True,99338858,644428208,6.487,9.892,vocsc+zstd,False,True,421
GSE124263,Homo sapiens,Homo sapiens,10xv2,115818,47806,38606,31031179,0.005605,True,29138994,248440660,8.526,7.512,vocsc+zstd,False,True,47
GSE124425,Mus musculus,Mus musculus,dropseq,171540,10041,57180,8139596,0.004726,True,9322095,65156936,6.99,9.162,vocsc+zstd,False,True,10
GSE124560,Mus musculus,Mus musculus,dropseq,171540,329365,57180,58981629,0.001044,True,63238992,473170496,7.482,8.577,vocsc+zstd,False,True,322
GSE124920,Mus musculus,Mus musculus,10x_suspect,171540,13961,57180,44037245,0.018388,True,31941166,352353808,11.031,5.803,vocsc+zstd,False,True,14
GSE125162,Unknown,Saccharomyces cerevisiae,10xv2,21381,1553,21381,1402080,0.042225,True,1142965,11222856,9.819,6.522,vocsc+zstd,False,True,2
GSE125290,Mus musculus,Mus musculus,10xv2,171540,1376773,57180,203929618,0.000863,True,220465870,1636944040,7.425,8.649,vocsc+zstd,False,True,1345
GSE125422,Homo sapiens,Homo sapiens,10xv3,115818,15814,38606,115359663,0.062985,True,81423688,922940564,11.335,5.647,vocsc+zstd,False,True,16
GSE125527,Homo sapiens,Homo sapiens,10x_suspect,115818,392416,38606,30645801,0.000674,True,42198950,246736076,5.847,11.016,vocsc+zstd,False,True,384
GSE125688,Mus musculus,Mus musculus,indrop,171540,32257,57180,18969280,0.003428,True,18607055,151883272,8.163,7.847,vocsc+zstd,False,True,32
GSE125838,Homo sapiens,,,115818,5041,38606,23519909,0.040285,True,17683833,188179440,10.641,6.015,vocsc+zstd,False,True,5
GSE125976,Mus musculus,Mus musculus,10xv2,171540,9925,57180,26173736,0.015373,True,21292205,209429592,9.836,6.508,vocsc+zstd,False,True,10
GSE126030,Homo sapiens,Homo sapiens,10x_suspect,115818,70783,38606,135212715,0.016493,True,109641517,1081984856,9.868,6.487,vocsc+zstd,False,True,70
GSE126042,Homo sapiens,Homo sapiens,dropseq,115818,17776,38606,13236199,0.006429,True,13371512,105960700,7.924,8.082,vocsc+zstd,False,True,18
GSE126085,Homo sapiens,,,115818,22469,38606,16407951,0.006305,True,14866770,131353488,8.835,7.249,vocsc+zstd,False,True,22
GSE126139,Drosophila melanogaster,Drosophila melanogaster,10xv2,72834,7739,24278,13470716,0.023899,True,10113747,107796688,10.658,6.006,vocsc+zstd,False,True,8
GSE126374,Mus musculus,,,171540,226185,57180,49020119,0.001263,True,51088705,393065696,7.694,8.338,vocsc+zstd,False,True,221
GSE126579,Mus musculus,Mus musculus,dropseq,171540,1306,57180,1571884,0.007016,True,2287621,12580300,5.499,11.643,vocsc+zstd,False,True,2
GSE127199,Homo sapiens,Homo sapiens,10xv2,115818,20120,38606,65539228,0.028125,True,48480156,524394308,10.817,5.918,vocsc+zstd,False,True,20
GSE127246,Homo sapiens,,,115818,187622,38606,53921472,0.002481,True,57766704,432122268,7.48,8.57,vocsc+zstd,False,True,184
GSE127248,Rattus norvegicus,Rattus norvegicus,10xv2,91686,18868,30562,18483967,0.010685,True,15904446,147947212,9.302,6.884,vocsc+zstd,False,True,19
GSE127832,Drosophila melanogaster,Drosophila melanogaster,10x_suspect,72834,59273,24278,19388634,0.004491,True,17298320,155346168,8.98,7.138,vocsc+zstd,False,True,58
GSE127918,Homo sapiens,,,115818,175270,38606,60843053,0.002997,True,63755785,487445508,7.646,8.383,vocsc+zstd,False,True,172
GSE128040,Homo sapiens,Homo sapiens,dropseq,115818,2767,38606,10638541,0.033197,True,8585444,85119400,9.914,6.456,vocsc+zstd,False,True,3
GSE128223,Homo sapiens,Homo sapiens,10x_suspect,115818,6688,38606,15022167,0.019394,True,13011994,120204092,9.238,6.929,vocsc+zstd,False,True,7
GSE128334,Mus musculus,Mus musculus,10xv2,171540,7191,57180,11247021,0.009118,True,10452681,90004936,8.611,7.435,vocsc+zstd,False,True,8
GSE128565,Mus musculus,Mus musculus,10xv2,171540,1168808,57180,233850409,0.001166,True,210002815,1875478508,8.931,7.184,vocsc+zstd,False,True,1142
GSE128639,Homo sapiens,Homo sapiens,10x_suspect,115818,27346,38606,45285641,0.014299,True,37281909,362394516,9.72,6.586,vocsc+zstd,False,True,27
GSE128879,Homo sapiens,Homo sapiens,10xv2,115818,169630,38606,25941085,0.00132,True,26020945,208207204,8.002,8.025,vocsc+zstd,False,True,166
GSE129096,Homo sapiens,Homo sapiens,dropseq,115818,1246430,38606,243485615,0.001687,True,274600984,1952870644,7.112,9.022,vocsc+zstd,False,True,1218
GSE129178,Mus musculus,Mus musculus,10x_suspect,171540,66558,57180,18140568,0.001589,True,20156640,145390780,7.213,8.889,vocsc+zstd,False,True,65
GSE129578,Homo sapiens,Homo sapiens; Mus musculus,10x_suspect,115818,43790,38606,4418948,0.000871,True,5907954,35526748,6.013,10.696,vocsc+zstd,False,True,43
GSE129609,Mus musculus,,,171540,169812,57180,44628848,0.001532,True,51786970,357710036,6.907,9.283,vocsc+zstd,False,True,166
GSE129611,Homo sapiens,,,115818,283,38606,177975,0.00543,True,1123461,1424936,1.268,50.5,vocsc+zstd,False,True,1
GSE129671,Homo sapiens,Homo sapiens,microwell,115818,31850,38606,30995263,0.008403,True,26632172,248089508,9.315,6.874,vocsc+zstd,False,True,32
GSE129710,Mus musculus,,,171540,8549,57180,19359380,0.013201,True,15503971,154909240,9.992,6.407,vocsc+zstd,False,True,9
GSE129726,Mus musculus,Mus musculus,10x_suspect,171540,10780,57180,11937068,0.006455,True,12243812,95539668,7.803,8.206,vocsc+zstd,False,True,11
GSE129730,Mus musculus,Mus musculus,10xv3,171540,348464,57180,121310028,0.002029,True,123200028,971874084,7.889,8.125,vocsc+zstd,False,True,341
GSE129762,Homo sapiens,,,115818,11732,38606,2411109,0.001774,True,3948914,19335804,4.896,13.102,vocsc+zstd,False,True,12
GSE129763,Mus musculus,,,171540,3320,57180,1925042,0.00338,True,3387923,15413620,4.55,14.079,vocsc+zstd,False,True,4
GSE129826,Homo sapiens,,,115818,107541,38606,365483630,0.029344,True,263851542,2924299208,11.083,5.775,vocsc+zstd,False,True,106
GSE130105,Homo sapiens,Homo sapiens,10x_suspect,115818,37618,38606,6436126,0.001477,True,8785951,51639484,5.878,10.921,vocsc+zstd,False,True,37
GSE130238,Homo sapiens,Homo sapiens,10xv2,115818,16990,38606,45716086,0.023233,True,36299205,365796652,10.077,6.352,vocsc+zstd,False,True,17
GSE130439,Gallus gallus,Gallus gallus,10xv2,90324,214843,30108,24261792,0.00125,True,25200021,194953712,7.736,8.309,vocsc+zstd,False,True,210
GSE130453,Mus musculus,Mus musculus,10xv2,171540,3497,57180,10161001,0.016939,True,9678022,81302000,8.401,7.62,vocsc+zstd,False,True,4
GSE130554,Mus musculus,Mus musculus,10xv2,171540,15837,57180,56779310,0.0209,True,42590785,454297832,10.667,6.001,vocsc+zstd,False,True,16
GSE130593,Mus musculus,Mus musculus,10xv2,171540,51514,57180,180231273,0.020396,True,133510858,1442056244,10.801,5.926,vocsc+zstd,False,True,51
GSE130597,Mus musculus,,,171540,194321,57180,36977816,0.001109,True,40637487,296599816,7.299,8.792,vocsc+zstd,False,True,190
GSE130606,Mus musculus,Mus musculus,10xv2,171540,2766,57180,12145796,0.025598,True,9677757,97177436,10.041,6.374,vocsc+zstd,False,True,3
GSE130653,Mus musculus,Mus musculus,10xv2,171540,33336,57180,37734644,0.006599,True,31216997,302010500,9.675,6.618,vocsc+zstd,False,True,33
GSE130756,Homo sapiens,Homo; Homo sapiens,dropseq,115818,3338,38606,245826,0.000636,True,1267384,1979964,1.562,41.245,vocsc+zstd,False,True,4
GSE130879,Mus musculus,,,171540,88821,57180,90173131,0.005918,True,79345501,721740336,9.096,7.039,vocsc+zstd,False,True,87
GSE130881,Homo sapiens,,,115818,279,38606,2335989,0.072292,True,2631173,18689032,7.103,9.011,vocsc+zstd,False,True,1
GSE130896,Mus musculus,Mus musculus,10xv2,171540,4172,57180,10312212,0.014409,True,8999061,82514388,9.169,6.981,vocsc+zstd,False,True,5
GSE130919,Mus musculus,Mus musculus,10xv2,171540,5721,57180,12125450,0.012356,True,10638293,97026488,9.12,7.019,vocsc+zstd,False,True,6
GSE130931,Homo sapiens,Homo sapiens,10xv3,115818,115410,38606,8748558,0.000655,True,9431662,70450108,7.47,8.625,vocsc+zstd,False,True,113
GSE130973,Homo sapiens,Homo sapiens,10xv2,115818,25940,38606,38216011,0.01272,True,34026429,305831852,8.988,7.123,vocsc+zstd,False,True,26
GSE131059,Mus musculus,Mus musculus,10xv2,171540,14261,57180,17080386,0.006982,True,16123942,136700136,8.478,7.552,vocsc+zstd,False,True,14
GSE131109,Mus musculus,Mus musculus,10xv2,171540,35877,57180,34601319,0.005622,True,29889327,276954064,9.266,6.911,vocsc+zstd,False,True,36
GSE131155,Unknown,,,51459,228826,51459,258117226,0.02192,True,212432111,2065853116,9.725,6.584,vocsc+zstd,False,True,224
GSE131181,Mus musculus,Mus musculus,10xv2,171540,101420,57180,406089751,0.023342,True,300576247,3249123692,10.81,5.921,vocsc+zstd,False,True,100
GSE131450,Mus musculus,,,171540,12002,57180,6226546,0.003024,True,7777003,49860380,6.411,9.992,vocsc+zstd,False,True,12
GSE131734,Mus musculus,Mus musculus,10x_suspect,171540,2990,57180,15556882,0.030331,True,12716957,124467020,9.787,6.54,vocsc+zstd,False,True,3
GSE131736,Homo sapiens,Homo sapiens,10xv2,115818,66151,38606,293397721,0.038295,True,215847110,2347446376,10.876,5.885,vocsc+zstd,False,True,65
GSE131799,Mus musculus,,,171540,1092573,57180,74846882,0.000399,True,115898962,603145352,5.204,12.388,vocsc+zstd,False,True,1067
GSE131834,Mus musculus,Mus musculus,10x_suspect,171540,33040,57180,78586056,0.013866,True,62571419,628820612,10.05,6.37,vocsc+zstd,False,True,33
GSE131847,Mus musculus,Mus musculus,10x_suspect,171540,1148496,57180,121031741,0.000614,True,122081395,972847916,7.969,8.069,vocsc+zstd,False,True,1122
GSE131957,Mus musculus,Mus musculus,10xv3,171540,412331,57180,32159564,0.000455,True,34407821,258925840,7.525,8.559,vocsc+zstd,False,True,403
GSE132023,Homo sapiens,,,115818,66342,38606,382832117,0.049825,True,266396101,3062922308,11.498,5.567,vocsc+zstd,False,True,65
GSE132026,Homo sapiens,Homo sapiens,unknown,115818,878761,38606,326096808,0.003204,True,258565531,2612289512,10.103,6.343,vocsc+zstd,False,True,859
GSE132067,Mus musculus,,,171540,4783,57180,10119726,0.012334,True,9527929,80976944,8.499,7.532,vocsc+zstd,False,True,5
GSE132092,Mus musculus,Mus musculus,10xv3,171540,20677,57180,103442611,0.029164,True,77601862,827623600,10.665,6.002,vocsc+zstd,False,True,21
GSE132144,Mus musculus,,,171540,39544,57180,103477733,0.015255,True,80363218,827980044,10.303,6.213,vocsc+zstd,False,True,39
GSE132188,Mus musculus,Mus musculus,10xv2,171540,1015974,57180,212661552,0.00122,True,176837834,1705356316,9.644,6.652,vocsc+zstd,False,True,993
GSE132274,Drosophila melanogaster,Drosophila melanogaster,10xv2,72834,4965,24278,5730031,0.015845,True,4662516,45860112,9.836,6.51,vocsc+zstd,False,True,5
GSE132338,Homo sapiens,Homo sapiens,10xv3,115818,255428,38606,25211198,0.000852,True,32298111,202711300,6.276,10.249,vocsc+zstd,False,True,250
GSE132462,Mus musculus,Mus musculus,10xv2,171540,15572,57180,90471060,0.033869,True,64138771,723830772,11.285,5.672,vocsc+zstd,False,True,16
GSE132533,Mus musculus,Mus musculus,10xv3,171540,409348,57180,11066761,0.000158,True,16679273,90171484,5.406,12.057,vocsc+zstd,False,True,400
GSE132543,Mus musculus,Mus musculus,10x_suspect,171540,2424,57180,5670999,0.013638,True,6449451,45377692,7.036,9.098,vocsc+zstd,False,True,3
GSE132544,Mus musculus,Mus musculus,10x_suspect,171540,17107,57180,37557243,0.012798,True,30407708,300526376,9.883,6.477,vocsc+zstd,False,True,17
GSE132662,Mus musculus,Mus musculus,10x_suspect,171540,427620,57180,176119975,0.002401,True,155845535,1410670284,9.052,7.079,vocsc+zstd,False,True,418
GSE132950,Homo sapiens,Homo sapiens,10xv3_5prime,115818,3725,38606,1553208,0.0036,True,2471690,12440568,5.033,12.731,vocsc+zstd,False,True,4
GSE133028,Homo sapiens,Homo sapiens,unknown,115818,209961,38606,164977205,0.006784,True,153385077,1320657488,8.61,7.438,vocsc+zstd,False,True,206
GSE133080,Mus musculus,Mus musculus,10xv2,171540,833704,57180,58159133,0.000407,True,63619338,468607884,7.366,8.751,vocsc+zstd,False,True,815
GSE133283,Mus musculus,Mus musculus,10xv2,171540,52790,57180,88905478,0.009818,True,74796247,711454988,9.512,6.73,vocsc+zstd,False,True,52
GSE133433,Homo sapiens,Homo sapiens,10xv2,115818,29107,38606,24423444,0.007245,True,20650644,195503984,9.467,6.764,vocsc+zstd,False,True,29
GSE133466,Danio rerio,Danio rerio,10xv3,97560,12559,32520,20470587,0.016707,True,19037669,163814936,8.605,7.44,vocsc+zstd,False,True,13
GSE133531,Mus musculus,Mus musculus,10xv2,171540,94777,57180,233032801,0.014333,True,182468367,1864641520,10.219,6.264,vocsc+zstd,False,True,93
GSE133669,Homo sapiens,Homo sapiens,10xv3,115818,2491,38606,25701383,0.089085,True,18146944,205621032,11.331,5.649,vocsc+zstd,False,True,3
GSE133773,Mus musculus,Mus musculus,10xv2,171540,2195,57180,4846249,0.012871,True,5400458,38778776,7.181,8.915,vocsc+zstd,False,True,3
GSE133894,Homo sapiens,Homo sapiens,dropseq,115818,26075,38606,11748161,0.00389,True,13208820,94089592,7.123,8.995,vocsc+zstd,False,True,26
GSE134003,Mus musculus,,,171540,386594,57180,49729587,0.00075,True,64099139,399383076,6.231,10.312,vocsc+zstd,False,True,378
GSE134064,Mus musculus,Mus musculus,10xv2,171540,4329,57180,16734961,0.022536,True,13287903,133897008,10.077,6.352,vocsc+zstd,False,True,5
GSE134134,Mus musculus,Mus musculus,10xv3,171540,225593,57180,50426719,0.001303,True,53393370,404316128,7.572,8.471,vocsc+zstd,False,True,221
GSE134144,Homo sapiens,Homo sapiens,10xv2,115818,155677,38606,94293821,0.00523,True,87940940,754973280,8.585,7.461,vocsc+zstd,False,True,153
GSE134174,Homo sapiens,Homo sapiens,10x_suspect,115818,651718,38606,137942553,0.001828,True,123945758,1106147300,8.924,7.188,vocsc+zstd,False,True,637
GSE134180,Mus musculus,,,171540,163,57180,64594,0.00231,True,1609387,517408,0.321,199.323,vocsc+zstd,False,True,1
GSE134365,Mus musculus,Mus musculus,10xv3,171540,17473,57180,57929139,0.019327,True,46368494,463503008,9.996,6.403,vocsc+zstd,False,True,18
GSE134420,Mus musculus,Mus musculus,10xv2,171540,69163,57180,17115051,0.001443,True,18468512,137197064,7.429,8.633,vocsc+zstd,False,True,68
GSE134439,Mus musculus,Mus musculus,10xv2,171540,14976,57180,36555205,0.014229,True,27363939,292501548,10.689,5.989,vocsc+zstd,False,True,15
GSE134722,Drosophila melanogaster,Drosophila melanogaster,10xv2,72834,1282211,24278,45947391,0.000492,True,63449854,372707976,5.874,11.047,vocsc+zstd,False,True,1253
GSE134726,Mus musculus,Mus musculus,10xv2,171540,38597,57180,49383789,0.007459,True,42447021,395224704,9.311,6.876,vocsc+zstd,False,True,38
GSE134731,Mus musculus,,,171540,17662,57180,65815866,0.021723,True,50972622,526597580,10.331,6.196,vocsc+zstd,False,True,18
GSE134837,Homo sapiens,,,115818,4920,38606,5655698,0.009925,True,5527749,45265268,8.189,7.819,vocsc+zstd,False,True,5
GSE134838,Homo sapiens,,,115818,8249,38606,8881805,0.009297,True,8041424,71087440,8.84,7.243,vocsc+zstd,False,True,9
GSE134839,Homo sapiens,,,115818,2357,38606,5671469,0.020776,True,5262896,45381184,8.623,7.424,vocsc+zstd,False,True,3
GSE134840,Homo sapiens,,,115818,2422,38606,5165653,0.018415,True,4898808,41334916,8.438,7.587,vocsc+zstd,False,True,3
GSE134841,Homo sapiens,,,115818,145293,38606,16554642,0.000984,True,19824828,133018312,6.71,9.58,vocsc+zstd,False,True,142
GSE134842,Homo sapiens,,,115818,3218,38606,5004556,0.013428,True,4904400,40049324,8.166,7.84,vocsc+zstd,False,True,4
GSE134902,Mus musculus,Mus musculus,10xv2,171540,9523,57180,13860563,0.008485,True,12148882,110922600,9.13,7.012,vocsc+zstd,False,True,10
GSE134918,Mus musculus,,,171540,304646,57180,78879563,0.001509,True,87468899,632255092,7.228,8.871,vocsc+zstd,False,True,298
GSE135076,Homo sapiens,Homo sapiens,dropseq,115818,177,38606,78739,0.003841,True,1020780,630624,0.618,103.713,vocsc+zstd,False,True,1
GSE135096,Mus musculus,,,171540,22596,57180,14817111,0.003823,True,14996592,118627276,7.91,8.097,vocsc+zstd,False,True,23
GSE135167,Mus musculus,Mus musculus,10xv2,171540,9840,57180,20041848,0.011873,True,17722400,160374148,9.049,7.074,vocsc+zstd,False,True,10
GSE135185,Mus musculus,Mus musculus,10xv2,171540,25365,57180,13485341,0.003099,True,13359548,107984192,8.083,7.925,vocsc+zstd,False,True,25
GSE135186,Mus musculus,Mus musculus,10xv2,171540,3491,57180,6012459,0.01004,True,6366272,48113640,7.558,8.471,vocsc+zstd,False,True,4
GSE135253,Homo sapiens,Homo sapiens,10xv3,115818,3172,38606,11801827,0.032125,True,9218391,94427308,10.243,6.249,vocsc+zstd,False,True,4
GSE135296,Mus musculus,Mus musculus,unknown,171540,721174,57180,73305720,0.000593,True,92134195,589330460,6.396,10.055,vocsc+zstd,False,True,705
GSE135310,Mus musculus,Mus musculus,10xv2,171540,81855,57180,1008035,7.2e-05,True,3548775,8391704,2.365,28.164,vocsc+zstd,False,True,80
GSE135337,Homo sapiens,Homo sapiens,10x_suspect,115818,1402459,38606,302361439,0.001861,True,276519258,2424501352,8.768,7.316,vocsc+zstd,False,True,1370
GSE135357,Homo sapiens,Homo sapiens,parse,115818,62750,38606,137106162,0.018865,True,102581181,1097100300,10.695,5.986,vocsc+zstd,False,True,62
GSE135601,Mus musculus,Mus musculus,unknown,171540,8323,57180,26711042,0.018709,True,20112191,213721632,10.626,6.024,vocsc+zstd,False,True,9
GSE135618,Homo sapiens,Mus musculus; Homo sapiens,10xv2,115818,27358,38606,9222427,0.002911,True,10552730,73888852,7.002,9.154,vocsc+zstd,False,True,27
GSE135893,Homo sapiens,Homo sapiens,10xv3_5prime,115818,75214,38606,31804436,0.003651,True,32717268,254736348,7.786,8.23,vocsc+zstd,False,True,74
GSE135922,Homo sapiens,Homo sapiens,10xv3,115818,10115,38606,45032046,0.03844,True,36954082,360296832,9.75,6.565,vocsc+zstd,False,True,10
GSE136028,Mus musculus,,,171540,38040,57180,41144224,0.006305,True,37946091,329305956,8.678,7.378,vocsc+zstd,False,True,38
GSE136035,Homo sapiens,Homo sapiens,10xv3_5prime,115818,9742,38606,3117642,0.002763,True,4068518,24980108,6.14,10.44,vocsc+zstd,False,True,10
GSE136148,Mus musculus,Homo sapiens; Mus musculus,10xv2,171540,15024,57180,3016577,0.00117,True,5248459,24192716,4.609,13.919,vocsc+zstd,False,True,15
GSE136162,Drosophila melanogaster,Drosophila melanogaster,10x_suspect,72834,71769,24278,15686708,0.003001,True,15706407,125780744,8.008,8.01,vocsc+zstd,False,True,71
GSE136206,Mus musculus,Mus musculus,10xv2,171540,34427,57180,53803207,0.009111,True,44365726,430563368,9.705,6.597,vocsc+zstd,False,True,34
GSE136209,Homo sapiens,Homo sapiens,scATAC,115818,719,38606,10949192,0.131485,True,9271505,87596416,9.448,6.774,vocsc+zstd,False,True,1
GSE136260,Homo sapiens,Homo sapiens,10x_suspect,115818,573,38606,2744514,0.041356,True,2982273,21958408,7.363,8.693,vocsc+zstd,False,True,1
GSE136364,Mus musculus,Mus musculus,10x_suspect,171540,2546,57180,5409899,0.012387,True,5806560,43289380,7.455,8.587,vocsc+zstd,False,True,3
GSE136376,Mus musculus,Mus musculus,10xv3_5prime,171540,19389,57180,8995370,0.002705,True,9978675,72040520,7.219,8.874,vocsc+zstd,False,True,19
GSE136679,Mus musculus,Mus musculus,seqwell,171540,168637,57180,57013386,0.001971,True,58683897,456781640,7.784,8.234,vocsc+zstd,False,True,165
GSE136752,Mus musculus,Mus musculus,10xv3,171540,277093,57180,210318687,0.004425,True,174688943,1683657872,9.638,6.645,vocsc+zstd,False,True,271
GSE136831,Homo sapiens,Homo sapiens,10xv2,115818,413284,38606,502804124,0.010504,True,423092649,4024086132,9.511,6.732,vocsc+zstd,False,True,404
GSE136887,Homo sapiens,Homo sapiens,10xv2,115818,1311575,38606,134910510,0.000888,True,133694789,1084530384,8.112,7.928,vocsc+zstd,False,True,1281
GSE137026,Homo sapiens,Homo sapiens,10xv2,115818,70105,38606,495739139,0.061056,True,351059116,3966193536,11.298,5.665,vocsc+zstd,False,True,69
GSE137476,Mus musculus,Mus musculus,10xv3,171540,9692,57180,1072072,0.000645,True,2806431,8615348,3.07,20.942,vocsc+zstd,False,True,10
GSE137478,Mus musculus,Mus musculus,10xv2,171540,13672,57180,20181993,0.008605,True,17967917,161510636,8.989,7.122,vocsc+zstd,False,True,14
GSE137572,Mus musculus,Mus musculus,10xv2,171540,2007,57180,4969677,0.014435,True,5361376,39765448,7.417,8.631,vocsc+zstd,False,True,2
GSE137665,Mus musculus,Mus musculus,10x_suspect,171540,76091,57180,22819809,0.001748,True,26214551,182862840,6.976,9.19,vocsc+zstd,False,True,75
GSE137672,Homo sapiens,,,115818,7449,38606,37141583,0.043051,True,28477826,297162464,10.435,6.134,vocsc+zstd,False,True,8
GSE137758,Homo sapiens,Homo sapiens,10xv3,115818,15053,38606,56623229,0.032478,True,41927266,453046048,10.806,5.924,vocsc+zstd,False,True,15
GSE137766,Homo sapiens,Homo sapiens,10xv2,115818,16758,38606,127361056,0.06562,True,95853301,1018955484,10.63,6.021,vocsc+zstd,False,True,17
GSE137804,Homo sapiens,Homo sapiens,10x_suspect,115818,114555,38606,240490924,0.018126,True,188915196,1924385616,10.187,6.284,vocsc+zstd,False,True,112
GSE137818,Mus musculus,Mus musculus,10x_suspect,171540,65243,57180,33565088,0.002999,True,33484728,268781680,8.027,7.981,vocsc+zstd,False,True,64
GSE137829,Homo sapiens,Homo sapiens,10x_suspect,115818,36698,38606,95345397,0.022433,True,78085994,762909972,9.77,6.552,vocsc+zstd,False,True,36
GSE137846,Homo sapiens,,,115818,7454,38606,13838219,0.016029,True,13578907,110735572,8.155,7.85,vocsc+zstd,False,True,8
GSE137950,Homo sapiens,Homo sapiens,seqwell,115818,1817,38606,4513734,0.021449,True,4710767,36117144,7.667,8.349,vocsc+zstd,False,True,2
GSE137971,Danio rerio,Danio rerio,10xv2,97560,21005,32520,46451286,0.022667,True,39293693,371694312,9.459,6.767,vocsc+zstd,False,True,21
GSE138038,Mus musculus,Mus musculus,10xv3,171540,988,57180,2436294,0.014375,True,3370586,19494308,5.784,11.068,vocsc+zstd,False,True,1
GSE138121,Homo sapiens,Homo sapiens,10xv2,115818,6495,38606,41675309,0.055402,True,31001542,333428456,10.755,5.951,vocsc+zstd,False,True,7
GSE138222,Mus musculus,Mus musculus,10xv2,171540,28316,57180,40295319,0.008296,True,34280582,322475820,9.407,6.806,vocsc+zstd,False,True,28
GSE138626,Drosophila melanogaster,,,72834,27917,24278,13618771,0.006698,True,12044371,109061840,9.055,7.075,vocsc+zstd,False,True,28
GSE138689,Mus musculus,Mus musculus,10xv2,171540,161222,57180,25187402,0.000911,True,25300869,202144108,7.99,8.036,vocsc+zstd,False,True,158
GSE138814,Homo sapiens,Homo sapiens,10xv2,115818,887,38606,11163710,0.10867,True,8545769,89313232,10.451,6.124,vocsc+zstd,False,True,1
GSE139088,Mus musculus,Mus musculus,unknown,171540,17191,57180,1297797,0.00044,True,3262506,10451144,3.203,20.111,vocsc+zstd,False,True,17
GSE139103,Mus musculus,Mus musculus,10x_suspect,171540,362349,57180,32150123,0.000517,True,36606133,258650384,7.066,9.109,vocsc+zstd,False,True,354
GSE139107,Mus musculus,Mus musculus,10x_suspect,171540,455656,57180,137813616,0.001763,True,147743088,1104331556,7.475,8.576,vocsc+zstd,False,True,445
GSE139324,Homo sapiens,Homo sapiens,unknown_sc,115818,134589,38606,273361042,0.017537,True,234670155,2187426696,9.321,6.868,vocsc+zstd,False,True,132
GSE139342,Homo sapiens,Homo sapiens,10xv2,115818,8004,38606,29823542,0.032172,True,22844468,238620356,10.445,6.128,vocsc+zstd,False,True,8
GSE139448,Homo sapiens,Homo sapiens,10xv2,115818,13791,38606,51751732,0.032401,True,39385614,414069024,10.513,6.088,vocsc+zstd,False,True,14
GSE139598,Macaca mulatta,Macaca mulatta,seqwell,106296,143528,35432,270391259,0.017723,True,224248553,2163704188,9.649,6.635,vocsc+zstd,False,True,141
GSE139658,Mus musculus,Mus musculus,dropseq,171540,185225,57180,100218544,0.003154,True,106553281,802489256,7.531,8.506,vocsc+zstd,False,True,181
GSE139842,Mus musculus,Mus musculus,10xv2,171540,5422,57180,13234432,0.014229,True,11804963,105897148,8.971,7.136,vocsc+zstd,False,True,6
GSE140182,Homo sapiens,Homo sapiens,10xv3,115818,1982,38606,3640661,0.01586,True,3987335,29133220,7.306,8.762,vocsc+zstd,False,True,2
GSE140231,Homo sapiens,Homo sapiens,10xv2,115818,745551,38606,39546967,0.000458,True,51033684,319357944,6.258,10.324,vocsc+zstd,False,True,729
GSE140348,Mus musculus,Mus musculus,10xv2,171540,3691,57180,4402344,0.006953,True,5180369,35233520,6.801,9.414,vocsc+zstd,False,True,4
GSE140553,Homo sapiens,Homo sapiens,10xv3,115818,17363,38606,149513879,0.07435,True,98912683,1196180488,12.093,5.292,vocsc+zstd,False,True,17
GSE140628,Mus musculus,Mus musculus,10x_suspect,171540,1966,57180,6857999,0.020335,True,6830867,54871860,8.033,7.968,vocsc+zstd,False,True,2
GSE140879,Mus musculus,Mus musculus,10xv3,171540,4728,57180,18376673,0.022658,True,15580177,147032300,9.437,6.783,vocsc+zstd,False,True,5
GSE140968,Mus musculus,Mus musculus,10xv3,171540,9984,57180,32564416,0.019014,True,25833827,260555268,10.086,6.347,vocsc+zstd,False,True,10
GSE141036,Mus musculus,Mus musculus,10x_suspect,171540,14437,57180,30916205,0.012484,True,26160904,247387392,9.456,6.769,vocsc+zstd,False,True,15
GSE141038,Mus musculus,Mus musculus,10x_suspect,171540,12412,57180,13329755,0.006261,True,13084971,106687692,8.153,7.853,vocsc+zstd,False,True,13
GSE141087,Homo sapiens,Homo sapiens,10xv3,115818,7952,38606,22927265,0.024894,True,19380142,183449932,9.466,6.762,vocsc+zstd,False,True,8
GSE141115,Mus musculus,Mus musculus,10xv3,171540,91123,57180,60719919,0.003885,True,58179969,486123848,8.356,7.665,vocsc+zstd,False,True,89
GSE141263,Mus musculus,Mus musculus,10xv2,171540,44324,57180,39270721,0.005165,True,34170578,314343068,9.199,6.961,vocsc+zstd,False,True,44
GSE141273,Drosophila melanogaster,,,72834,47103,24278,78989469,0.023024,True,60388145,632104168,10.467,6.116,vocsc+zstd,False,True,46
GSE141348,Mus musculus,Mus musculus,10xv3,171540,21028,57180,107399366,0.029774,True,80816986,859279044,10.632,6.02,vocsc+zstd,False,True,21
GSE141383,Homo sapiens,,,115818,29873,38606,24997098,0.007225,True,23843518,200096280,8.392,7.631,vocsc+zstd,False,True,30
GSE141530,Mus musculus,Mus musculus,10x_suspect,171540,25388,57180,150880461,0.034645,True,105996143,1207145244,11.389,5.62,vocsc+zstd,False,True,25
GSE141590,Drosophila melanogaster,Drosophila melanogaster,scATAC,72834,2623,24278,1185793,0.006207,True,1373856,9496840,6.913,9.269,vocsc+zstd,False,True,3
GSE141701,Drosophila melanogaster,Drosophila melanogaster,10xv3,72834,2304,24278,6182078,0.03684,True,5064590,49465844,9.767,6.554,vocsc+zstd,False,True,3
GSE141784,Mus musculus,,,171540,8088,57180,23457569,0.016907,True,19654850,187692908,9.549,6.703,vocsc+zstd,False,True,8
GSE141786,Mus musculus,Mus musculus,unknown,171540,699477,57180,30730647,0.000256,True,37495750,248643088,6.631,9.761,vocsc+zstd,False,True,684
GSE141807,Drosophila melanogaster,Drosophila melanogaster,10xv2,72834,33395,24278,22187951,0.009122,True,17716278,177637192,10.027,6.388,vocsc+zstd,False,True,33
GSE141809,Mus musculus,,,171540,2988,57180,3268247,0.006376,True,4442943,26157932,5.888,10.875,vocsc+zstd,False,True,3
GSE141946,Homo sapiens,Homo sapiens,dropseq,115818,65819,38606,91636163,0.012021,True,78228788,733352584,9.374,6.83,vocsc+zstd,False,True,65
GSE142243,Mus musculus,,,171540,3538,57180,3941509,0.006494,True,5092190,31546228,6.195,10.336,vocsc+zstd,False,True,4
GSE142277,Homo sapiens,Homo sapiens,dropseq,115818,1629,38606,6673463,0.035372,True,5156205,53394224,10.355,6.181,vocsc+zstd,False,True,2
GSE142286,Homo sapiens,Homo sapiens,10xv3,115818,1604,38606,18226948,0.098115,True,13941295,145822004,10.46,6.119,vocsc+zstd,False,True,2
GSE142298,Homo sapiens,,,115818,655,38606,425631,0.005611,True,1414289,3407672,2.409,26.582,vocsc+zstd,False,True,1
GSE142345,Mus musculus,Mus musculus,10xv2,171540,6114,57180,2445780,0.002332,True,3922125,19590700,4.995,12.829,vocsc+zstd,False,True,6
GSE142356,Homo sapiens,Homo sapiens,dropseq,115818,2907,38606,8165891,0.024254,True,6847915,65338760,9.541,6.709,vocsc+zstd,False,True,3
GSE142420,Mus musculus,,,171540,2000,57180,6408032,0.018678,True,6269919,51272260,8.177,7.828,vocsc+zstd,False,True,2
GSE142449,Homo sapiens,Homo sapiens,10xv3,115818,10682,38606,10976959,0.008873,True,10597407,87858404,8.291,7.723,vocsc+zstd,False,True,11
GSE142483,Macaca mulatta,Macaca mulatta,10xv3,106296,109901,35432,50452624,0.004319,True,47580192,404060600,8.492,7.545,vocsc+zstd,False,True,108
GSE142529,Mus musculus,Mus musculus,10xv3,171540,4909,57180,22194155,0.026356,True,19012632,177572880,9.34,6.853,vocsc+zstd,False,True,5
GSE142581,Mus musculus,Mus musculus,10xv2,171540,28158,57180,75368999,0.015604,True,60033595,603064628,10.045,6.372,vocsc+zstd,False,True,28
GSE142595,Homo sapiens,,,115818,539193,38606,476850871,0.007636,True,472739057,3816963744,8.074,7.931,vocsc+zstd,False,True,527
GSE142744,Homo sapiens,,,115818,41261,38606,4747757,0.000994,True,6486799,38147104,5.881,10.93,vocsc+zstd,False,True,41
GSE142754,Mus musculus,,,171540,40391,57180,56668747,0.008179,True,50098592,453511544,9.052,7.072,vocsc+zstd,False,True,40
GSE142768,Mus musculus,,,171540,28864,57180,98627998,0.019919,True,71768271,789139444,10.996,5.821,vocsc+zstd,False,True,29
GSE142784,Homo sapiens,Homo sapiens,10x_suspect,115818,119963,38606,15334632,0.001104,True,16478815,123156912,7.474,8.597,vocsc+zstd,False,True,118
GSE142786,Homo sapiens,Homo sapiens,bd_rhapsody,115818,4241,38606,2416416,0.00492,True,3093019,19348296,6.255,10.24,vocsc+zstd,False,True,5
GSE142787,Drosophila melanogaster,Drosophila melanogaster,10xv2,72834,98496,24278,53407808,0.007445,True,43103661,427656452,9.922,6.457,vocsc+zstd,False,True,97
GSE143190,Homo sapiens,Homo sapiens,dropseq,115818,8501,38606,1210505,0.001229,True,2353191,9718048,4.13,15.552,vocsc+zstd,False,True,9
GSE143351,Mus musculus,Mus musculus,10xv3,171540,6020,57180,7614708,0.007374,True,7829762,60941748,7.783,8.226,vocsc+zstd,False,True,6
GSE143545,Mus musculus,,,171540,4942,57180,1210563,0.001428,True,2233428,9704276,4.345,14.76,vocsc+zstd,False,True,5
GSE143686,Homo sapiens,Homo sapiens,10xv2,115818,26104,38606,91207883,0.030168,True,67888757,729767484,10.749,5.955,vocsc+zstd,False,True,26
GSE143704,Homo sapiens,Homo sapiens,10xv3,115818,162817,38606,103363340,0.005481,True,94828349,827557992,8.727,7.339,vocsc+zstd,False,True,160
GSE143783,Homo sapiens,Homo sapiens,dropseq,115818,929936,38606,204630001,0.0019,True,214522640,1640759756,7.648,8.387,vocsc+zstd,False,True,909
GSE143791,Homo sapiens,Homo sapiens; Mus musculus,10xv2,115818,151490,38606,183493508,0.010458,True,159938093,1468554028,9.182,6.973,vocsc+zstd,False,True,148
GSE143916,Mus musculus,Mus musculus,10xv2,171540,6174,57180,17025507,0.016076,True,13836798,136228756,9.845,6.502,vocsc+zstd,False,True,7
GSE143920,Rattus norvegicus,Rattus norvegicus,10xv3,91686,6512,30562,7119335,0.011924,True,6532181,56980732,8.723,7.34,vocsc+zstd,False,True,7
GSE144136,Homo sapiens,Homo sapiens,10xv2,115818,61646,38606,146673074,0.020543,True,113705187,1173631180,10.322,6.202,vocsc+zstd,False,True,61
GSE144172,Mus musculus,Mus musculus,10x_suspect,171540,3575,57180,6430093,0.010485,True,6547791,51455048,7.858,8.146,vocsc+zstd,False,True,4
GSE144173,Mus musculus,Mus musculus,10x_suspect,171540,2356,57180,3504878,0.008672,True,4278615,28048452,6.555,9.766,vocsc+zstd,False,True,3
GSE144174,Mus musculus,Mus musculus,10x_suspect,171540,17273,57180,62631476,0.021138,True,51508235,501120904,9.729,6.579,vocsc+zstd,False,True,17
GSE144201,Mus musculus,Mus musculus,10xv3,171540,2039,57180,7184459,0.020541,True,6871563,57483832,8.365,7.652,vocsc+zstd,False,True,2
GSE144202,Mus musculus,Mus musculus,10xv3,171540,2145,57180,6273920,0.017051,True,6018723,50199944,8.341,7.675,vocsc+zstd,False,True,3
GSE144430,Homo sapiens,Homo sapiens,10xv2,115818,9792,38606,4606409,0.004062,True,5133098,36890444,7.187,8.915,vocsc+zstd,False,True,10
GSE144637,Mus musculus,Mus musculus,10x_suspect,171540,4660,57180,21571114,0.026985,True,17695549,172587556,9.753,6.563,vocsc+zstd,False,True,5
GSE144730,Unknown,,,93363,212551,93363,61831289,0.003116,True,66092946,495500520,7.497,8.551,vocsc+zstd,False,True,208
GSE144827,Danio rerio,Danio rerio,10xv2,97560,2809,32520,5404303,0.01972,True,5471580,43245664,7.904,8.1,vocsc+zstd,False,True,3
GSE144929,Homo sapiens,,,115818,7928,38606,7432397,0.008094,True,7010501,59490892,8.486,7.546,vocsc+zstd,False,True,8
GSE144930,Homo sapiens,,,115818,7893,38606,4859356,0.005316,True,5135472,38906424,7.576,8.455,vocsc+zstd,False,True,8
GSE144944,Danio rerio,Danio rerio,10x_suspect,97560,23001,32520,25150239,0.011208,True,23448330,201293920,8.585,7.459,vocsc+zstd,False,True,23
GSE145107,Mus musculus,Mus musculus,10xv3,171540,5343,57180,44884373,0.048972,True,34931679,359096360,10.28,6.226,vocsc+zstd,False,True,6
GSE145121,Mus musculus,Mus musculus,10xv3,171540,15714,57180,11383738,0.004223,True,11457292,91132764,7.954,8.052,vocsc+zstd,False,True,16
GSE145173,Mus musculus,Mus musculus,10x_suspect,171540,10574,57180,35991720,0.019843,True,27940211,287976060,10.307,6.21,vocsc+zstd,False,True,11
GSE145286,Mus musculus,Mus musculus,10x_suspect,171540,18355,57180,31064443,0.009866,True,27031712,248588968,9.196,6.961,vocsc+zstd,False,True,18
GSE145307,Homo sapiens,Homo sapiens,10xv3_5prime,115818,66376,38606,38789405,0.005046,True,37844373,310580748,8.207,7.805,vocsc+zstd,False,True,65
GSE145388,Mus musculus,Mus musculus,10x_suspect,171540,68736,57180,146744819,0.012446,True,113658398,1174233500,10.331,6.196,vocsc+zstd,False,True,68
GSE145443,Mus musculus,Mus musculus,10xv2,171540,201569,57180,34100844,0.000986,True,36851521,273613032,7.425,8.645,vocsc+zstd,False,True,197
GSE145502,Mus musculus,Mus musculus,10xv3,171540,5801,57180,460371,0.000463,True,2086504,3706176,1.776,36.258,vocsc+zstd,False,True,6
GSE145708,Mus musculus,Mus musculus,10xv3,171540,122742,57180,14681111,0.000697,True,19740327,117939860,5.975,10.757,vocsc+zstd,False,True,120
GSE145727,Mus musculus,Mus musculus,unknown,171540,114,57180,60612,0.003099,True,1072388,485356,0.453,141.541,vocsc+zstd,False,True,1
GSE145801,Danio rerio,Danio rerio,dropseq,97560,1004,32520,1714598,0.017505,True,2366224,13720804,5.799,11.04,vocsc+zstd,False,True,1
GSE145926,Homo sapiens,Homo sapiens,10xv3,115818,32716,38606,25194248,0.006649,True,24900260,201684852,8.1,7.907,vocsc+zstd,False,True,32
GSE145932,Mus musculus,Mus musculus,10xv3,171540,32868,57180,23006564,0.00408,True,21016938,184183988,8.764,7.308,vocsc+zstd,False,True,33
GSE145980,Danio rerio,Danio rerio,10xv2,97560,25470,32520,17988326,0.007239,True,17364242,144008492,8.293,7.722,vocsc+zstd,False,True,25
GSE145998,Mus musculus,Mus musculus,10xv3,171540,120319,57180,137543808,0.006664,True,116798362,1100831744,9.425,6.793,vocsc+zstd,False,True,118
GSE146040,Drosophila melanogaster,Drosophila melanogaster,10xv2,72834,38900,24278,12327889,0.004351,True,11240248,98778716,8.788,7.294,vocsc+zstd,False,True,38
GSE146043,Mus musculus,Mus musculus,10xv2,171540,195710,57180,49209984,0.001466,True,51093706,394462716,7.72,8.306,vocsc+zstd,False,True,192
GSE146080,Mus musculus,Mus musculus,10xv3,171540,15921,57180,36041772,0.013197,True,29995725,288397864,9.615,6.658,vocsc+zstd,False,True,16
GSE146122,Mus musculus,Mus musculus,10xv2,171540,21319,57180,63240940,0.017293,True,54198145,506012800,9.336,6.856,vocsc+zstd,False,True,21
GSE146170,Homo sapiens,,,115818,49385,38606,71557993,0.012511,True,58972704,572661488,9.711,6.593,vocsc+zstd,False,True,49
GSE146233,Mus musculus,,,171540,10098,57180,34241169,0.019767,True,28763874,273969748,9.525,6.72,vocsc+zstd,False,True,10
GSE146276,Mus musculus,Homo sapiens; Macaca fascicularis; Mus musculus,10xv3,171540,45986,57180,62826264,0.007964,True,49515205,502794060,10.154,6.305,vocsc+zstd,False,True,45
GSE146437,Mus musculus,Mus musculus,10xv2,171540,33340,57180,82124556,0.01436,True,63783832,657129812,10.302,6.213,vocsc+zstd,False,True,33
GSE146512,Homo sapiens,Homo sapiens,10x_suspect,115818,13153,38606,61461422,0.040346,True,45467664,491743992,10.815,5.918,vocsc+zstd,False,True,13
GSE146586,Homo sapiens,Homo sapiens,10x_suspect,115818,6271,38606,3571362,0.004917,True,4611039,28595984,6.202,10.329,vocsc+zstd,False,True,7
GSE146596,Drosophila melanogaster,Drosophila melanogaster,10xv3,72834,8009,24278,15128753,0.025935,True,11839917,121062064,10.225,6.261,vocsc+zstd,False,True,8
GSE146609,Mus musculus,Mus musculus,10xv2,171540,13014,57180,56481734,0.025301,True,44604901,451905932,10.131,6.318,vocsc+zstd,False,True,13
GSE146619,Mus musculus,Mus musculus,10xv2,171540,271812,57180,41123173,0.000882,True,51227947,330072636,6.443,9.966,vocsc+zstd,False,True,266
GSE146637,Mus musculus,Mus musculus,10xv2,171540,81137,57180,106293682,0.007637,True,83552457,850674008,10.181,6.288,vocsc+zstd,False,True,80
GSE146672,Mus musculus,,,171540,52718,57180,34736563,0.003841,True,33584638,278103380,8.281,7.735,vocsc+zstd,False,True,52
GSE146792,Homo sapiens,Homo sapiens,dropseq,115818,12325,38606,948977,0.000665,True,2376131,7641120,3.216,20.031,vocsc+zstd,False,True,13
GSE147024,Mus musculus,Mus musculus,10xv3,171540,16629,57180,94779913,0.033227,True,71072342,758305824,10.669,5.999,vocsc+zstd,False,True,17
GSE147047,Homo sapiens,Homo sapiens,10xv3,115818,19719,38606,37100825,0.016245,True,30117757,296885480,9.857,6.494,vocsc+zstd,False,True,20
GSE147081,Mus musculus,Mus musculus,10x_suspect,171540,8016,57180,13499785,0.009818,True,11775261,108030348,9.174,6.978,vocsc+zstd,False,True,8
GSE147082,Homo sapiens,,,115818,930,38606,2559521,0.023763,True,2991621,20479892,6.846,9.351,vocsc+zstd,False,True,1
GSE147088,Mus musculus,Mus musculus,10x_suspect,171540,45945,57180,110180983,0.01398,True,82094594,881631648,10.739,5.961,vocsc+zstd,False,True,45
GSE147206,Homo sapiens,Homo sapiens,10xv2,115818,369627,38606,180734066,0.004222,True,143890595,1447351040,10.059,6.369,vocsc+zstd,False,True,361
GSE147249,Homo sapiens,,,115818,1326,38606,4464177,0.029068,True,4204113,35718724,8.496,7.534,vocsc+zstd,False,True,2
GSE147275,Homo sapiens,Mus musculus; Homo sapiens,10xv3,115818,23356,38606,48443896,0.017909,True,39103023,387644596,9.913,6.457,vocsc+zstd,False,True,23
GSE147285,Mus musculus,Mus musculus,dropseq,171540,11001,57180,15653188,0.008295,True,15652782,125269512,8.003,8.0,vocsc+zstd,False,True,11
GSE147289,Unknown,Arabidopsis thaliana,10xv3,98499,96868,98499,72496480,0.007598,True,59465778,580359316,9.76,6.562,vocsc+zstd,False,True,95
GSE147319,Mus musculus,Mus musculus,10xv2,171540,618398,57180,241739401,0.002279,True,199688736,1936388804,9.697,6.608,vocsc+zstd,False,True,604
GSE147327,Mus musculus,Mus musculus,10xv3,171540,52775,57180,6268285,0.000692,True,8425772,50357384,5.977,10.754,vocsc+zstd,False,True,52
GSE147405,Homo sapiens,Homo sapiens,10xv2,115818,110458,38606,51300210,0.00401,True,49194929,410843516,8.351,7.672,vocsc+zstd,False,True,108
GSE147424,Homo sapiens,Homo sapiens,10xv2,115818,41727,38606,90001051,0.018623,True,75778120,720175320,9.504,6.736,vocsc+zstd,False,True,41
GSE147512,Homo sapiens,Homo sapiens,10xv3,115818,4170,38606,22318315,0.046211,True,17431647,178563204,10.244,6.248,vocsc+zstd,False,True,5
GSE147722,Mus musculus,Mus musculus,10xv3,171540,141114,57180,110742201,0.004575,True,99886205,886502068,8.875,7.216,vocsc+zstd,False,True,138
GSE147863,Homo sapiens,Homo sapiens,10xv3,115818,20449,38606,124992076,0.052776,True,89696499,1000018408,11.149,5.741,vocsc+zstd,False,True,20
GSE147903,Homo sapiens,Homo sapiens,10xv3,115818,10697,38606,30531681,0.024644,True,25152324,244296240,9.713,6.59,vocsc+zstd,False,True,11
GSE147975,Homo sapiens,Homo sapiens,10xv3,115818,10598,38606,57527798,0.046868,True,41537228,460264780,11.081,5.776,vocsc+zstd,False,True,11
GSE147989,Homo sapiens,Homo sapiens,10xv2,115818,7240,38606,28076307,0.033483,True,21467850,224639420,10.464,6.117,vocsc+zstd,False,True,8
GSE148090,Mus musculus,,,171540,991,57180,1960530,0.011533,True,3288351,15688208,4.771,13.418,vocsc+zstd,False,True,1
GSE148091,Homo sapiens,,,115818,247,38606,540969,0.01891,True,1448150,4328744,2.989,21.416,vocsc+zstd,False,True,1
GSE148092,Homo sapiens,,,115818,26,38606,60688,0.020154,True,1016618,485612,0.478,134.012,vocsc+zstd,False,True,1
GSE148212,Homo sapiens,Homo sapiens,10xv3,115818,134347,38606,68861469,0.004426,True,62081860,551429144,8.882,7.212,vocsc+zstd,False,True,132
GSE148215,Homo sapiens,Homo sapiens,10xv2,115818,11929,38606,16549415,0.011979,True,13884094,132443040,9.539,6.712,vocsc+zstd,False,True,12
GSE148343,Mus musculus,Mus musculus,10xv3,171540,458,57180,1872677,0.023836,True,3084827,14983252,4.857,13.178,vocsc+zstd,False,True,1
GSE148360,Mus musculus,Mus musculus,dropseq,171540,37012,57180,39357926,0.006199,True,37482249,315011460,8.404,7.619,vocsc+zstd,False,True,37
GSE148393,Mus musculus,Mus musculus,dropseq,171540,673,57180,1139861,0.009874,True,2646203,9121584,3.447,18.572,vocsc+zstd,False,True,1
GSE148445,Mus musculus,,,171540,90259,57180,23463870,0.001515,True,25690073,188072000,7.321,8.759,vocsc+zstd,False,True,89
GSE148466,Homo sapiens,,,115818,3525,38606,1536310,0.003763,True,2629805,12304584,4.679,13.694,vocsc+zstd,False,True,4
GSE148497,Mus musculus,Mus musculus,10xv3_5prime,171540,2522,57180,899069,0.002078,True,2440120,7202644,2.952,21.712,vocsc+zstd,False,True,3
GSE148524,Mus musculus,Mus musculus,dropseq,171540,131905,57180,132027286,0.005835,True,117375117,1056745912,9.003,7.112,vocsc+zstd,False,True,129
GSE148591,Danio rerio,Danio rerio,10xv3,97560,21486,32520,27825694,0.013275,True,24346542,222691500,9.147,7.0,vocsc+zstd,False,True,21
GSE148633,Homo sapiens,Homo sapiens,10xv3_5prime,115818,25624,38606,14636736,0.004932,True,15179860,117196388,7.721,8.297,vocsc+zstd,False,True,26
GSE148676,Mus musculus,Mus musculus,10xv2,171540,143708,57180,296676670,0.012035,True,239808034,2373988196,9.9,6.467,vocsc+zstd,False,True,141
GSE148683,Unknown,Macaca fascicularis,10xv3,115650,1007625,38550,215986450,0.001853,True,191214840,1731922104,9.057,7.082,vocsc+zstd,False,True,985
GSE148837,Homo sapiens,Homo sapiens,10xv3_5prime,115818,25237,38606,6489597,0.00222,True,7499120,52017728,6.937,9.244,vocsc+zstd,False,True,25
GSE148842,Homo sapiens,,,115818,159684,38606,72774295,0.003935,True,67294197,582833100,8.661,7.398,vocsc+zstd,False,True,156
GSE148859,Mus musculus,,,171540,298140,57180,54430273,0.001064,True,58523753,436634748,7.461,8.602,vocsc+zstd,False,True,292
GSE148942,Mus musculus,Mus musculus,dropseq,171540,38191,57180,4361898,0.000666,True,6756389,35047952,5.187,12.392,vocsc+zstd,False,True,38
GSE149068,Mus musculus,Mus musculus,10x_suspect,171540,16318,57180,10480109,0.003744,True,10480489,83906148,8.006,8.0,vocsc+zstd,False,True,16
GSE149069,Mus musculus,Mus musculus,10x_suspect,171540,3521,57180,4448832,0.007366,True,5247175,35604744,6.786,9.436,vocsc+zstd,False,True,4
GSE149100,Homo sapiens,Homo sapiens,10x_suspect,115818,32786,38606,55687011,0.014665,True,47536948,445627236,9.374,6.829,vocsc+zstd,False,True,33
GSE149121,Mus musculus,Mus musculus,10xv3,171540,358403,57180,48677187,0.000792,True,48298670,390851112,8.092,7.938,vocsc+zstd,False,True,351
GSE149134,Mus musculus,Mus musculus,10xv3,171540,262311,57180,44316380,0.000985,True,41843228,355580288,8.498,7.554,vocsc+zstd,False,True,257
GSE149136,Homo sapiens,Homo sapiens,10xv2,115818,13741,38606,42677684,0.026817,True,31417154,341476440,10.869,5.889,vocsc+zstd,False,True,14
GSE149201,Homo sapiens,,,115818,183073,38606,309036258,0.014575,True,245609753,2473022360,10.069,6.358,vocsc+zstd,False,True,179
GSE149211,Homo sapiens,Homo sapiens,10x_suspect,115818,274126,38606,57715542,0.001818,True,55557287,462820844,8.331,7.701,vocsc+zstd,False,True,268
GSE149214,Homo sapiens,,,115818,161451,38606,16095516,0.000861,True,20879643,129409936,6.198,10.378,vocsc+zstd,False,True,158
GSE149215,Homo sapiens,,,115818,235138,38606,27341396,0.001004,True,32167761,219671724,6.829,9.412,vocsc+zstd,False,True,230
GSE149266,Mus musculus,,,171540,9774,57180,72328354,0.043139,True,53752883,578665932,10.765,5.945,vocsc+zstd,False,True,10
GSE149299,Mus musculus,Mus musculus,10xv3,171540,5187,57180,41974021,0.047174,True,31956066,335812920,10.509,6.091,vocsc+zstd,False,True,6
GSE149313,Homo sapiens,Homo sapiens,10xv3,115818,34738,38606,53327986,0.013255,True,45199343,426762844,9.442,6.781,vocsc+zstd,False,True,34
GSE149335,Mus musculus,Mus musculus,dropseq,171540,32602,57180,65535304,0.011718,True,52431395,524412844,10.002,6.4,vocsc+zstd,False,True,32
GSE149372,Mus musculus,Mus musculus,10xv3,171540,47529,57180,122116863,0.014978,True,92278835,977125024,10.589,6.045,vocsc+zstd,False,True,47
GSE149383,Homo sapiens,Homo sapiens,10x_suspect,115818,119154,38606,20896307,0.001514,True,22549241,167647076,7.435,8.633,vocsc+zstd,False,True,117
GSE149457,Gallus gallus,Gallus gallus,10xv3,90324,603503,30108,151298529,0.002776,True,143186447,1212802248,8.47,7.571,vocsc+zstd,False,True,590
GSE149527,Mus musculus,Mus musculus,10xv3,171540,7537,57180,24689637,0.019096,True,19742036,197547248,10.006,6.397,vocsc+zstd,False,True,8
GSE149615,Mus musculus,Mus musculus,10xv2,171540,2967,57180,5266865,0.010348,True,6350193,42146792,6.637,9.645,vocsc+zstd,False,True,3
GSE149659,Mus musculus,Mus musculus,10xv3,171540,36001,57180,138134846,0.022368,True,100869999,1105222776,10.957,5.842,vocsc+zstd,False,True,36
GSE149689,Homo sapiens,Homo sapiens,10xv3,115818,8131851,38606,411796293,0.000437,True,512503620,3326897752,6.491,9.956,vocsc+zstd,False,True,7942
GSE149699,Homo sapiens,Homo sapiens,10xv3,115818,1889,38606,19718717,0.09013,True,15049865,157757296,10.482,6.106,vocsc+zstd,False,True,2
GSE149758,Macaca mulatta,Macaca mulatta,10xv3,106296,45161,35432,108719063,0.022648,True,87630867,869933152,9.927,6.448,vocsc+zstd,False,True,45
GSE150152,Homo sapiens,,,115818,1625,38606,1631121,0.008667,True,2611792,13055472,4.999,12.81,vocsc+zstd,False,True,2
GSE150169,Mus musculus,Mus musculus,10xv3,171540,32707,57180,86717456,0.015456,True,66211329,693870480,10.48,6.108,vocsc+zstd,False,True,32
GSE150211,Unknown,Sus scrofa,10xv3,107010,27235,35670,98400914,0.033763,True,76100165,787316256,10.346,6.187,vocsc+zstd,False,True,27
GSE150212,Homo sapiens,Homo sapiens,10x_suspect,115818,84435,38606,9148796,0.000936,True,14195525,73528112,5.18,12.413,vocsc+zstd,False,True,83
GSE150233,Homo sapiens,Homo sapiens,10xv3,115818,13589,38606,8549317,0.005432,True,8626363,68448896,7.935,8.072,vocsc+zstd,False,True,14
GSE150241,Homo sapiens,Homo sapiens,10xv2,115818,2681,38606,1580569,0.00509,True,2351833,12655280,5.381,11.904,vocsc+zstd,False,True,3
GSE150290,Homo sapiens,Homo sapiens,10xv2,115818,201382,38606,283067982,0.012137,True,248887685,2265349388,9.102,7.034,vocsc+zstd,False,True,197
GSE150338,Mus musculus,Mus musculus,10xv3,171540,100172,57180,15379968,0.000895,True,22125110,123440436,5.579,11.509,vocsc+zstd,False,True,98
GSE150344,Mus musculus,Mus musculus,10xv2,171540,53748,57180,11954794,0.001297,True,13734844,95853348,6.979,9.191,vocsc+zstd,False,True,53
GSE150358,Mus musculus,Mus musculus,10xv3,171540,34833,57180,163942109,0.027437,True,122999161,1311676208,10.664,6.002,vocsc+zstd,False,True,35
GSE150505,Mus musculus,Mus musculus,10xv2,171540,31471,57180,127884370,0.023689,True,90824119,1023200848,11.266,5.682,vocsc+zstd,False,True,31
GSE150570,Homo sapiens,,,115818,5157,38606,24415395,0.040878,True,18276172,195343792,10.688,5.988,vocsc+zstd,False,True,6
GSE150578,Homo sapiens,,,115818,37684,38606,48859281,0.011195,True,40478900,391024988,9.66,6.628,vocsc+zstd,False,True,37
GSE150579,Mus musculus,,,171540,25492,57180,22606918,0.00517,True,21497681,180957316,8.418,7.607,vocsc+zstd,False,True,25
GSE150637,Homo sapiens,Homo sapiens,10xv3,115818,14738,38606,58765043,0.034427,True,43158626,470179300,10.894,5.875,vocsc+zstd,False,True,15
GSE150660,Homo sapiens,Homo sapiens,10xv2,115818,16234,38606,28971368,0.015409,True,24638951,231835884,9.409,6.804,vocsc+zstd,False,True,16
GSE150674,Homo sapiens,,,115818,28427,38606,20430518,0.006205,True,19481066,163557856,8.396,7.628,vocsc+zstd,False,True,28
GSE150703,Mus musculus,,,171540,241298,57180,63967149,0.001545,True,73184100,512702388,7.006,9.153,vocsc+zstd,False,True,236
GSE150724,Homo sapiens,Homo sapiens,10xv3,115818,8338,38606,42931443,0.044457,True,31800537,343484900,10.801,5.926,vocsc+zstd,False,True,9
GSE150728,Homo sapiens,,,115818,395928,38606,284376354,0.006202,True,284397578,2276594548,8.005,8.001,vocsc+zstd,False,True,387
GSE150729,Mus musculus,Mus musculus,10x_suspect,171540,6581,57180,13133265,0.011634,True,12422865,105092448,8.46,7.567,vocsc+zstd,False,True,7
GSE150752,Mus musculus,Mus musculus,10x_suspect,171540,10782,57180,31072230,0.0168,True,23956980,248620972,10.378,6.168,vocsc+zstd,False,True,11
GSE150817,Mus musculus,,,171540,233723,57180,91221936,0.002275,True,88020206,730710384,8.302,7.719,vocsc+zstd,False,True,229
GSE150825,Homo sapiens,Homo sapiens,10x_suspect,115818,38503,38606,5055549,0.001134,True,6969843,40598408,5.825,11.029,vocsc+zstd,False,True,38
GSE150903,Homo sapiens,Homo sapiens,10x_suspect,115818,27452,38606,59883850,0.018835,True,47572599,479180612,10.073,6.355,vocsc+zstd,False,True,27
GSE150934,Mus musculus,Mus musculus,10x_suspect,171540,1323,57180,2468035,0.010875,True,3658953,19749576,5.398,11.86,vocsc+zstd,False,True,2
GSE151084,Mus musculus,Mus musculus,10x_suspect,171540,12436,57180,32870479,0.015408,True,27357693,263013580,9.614,6.658,vocsc+zstd,False,True,13
GSE151167,Mus musculus,Mus musculus,10xv2,171540,17122,57180,9640693,0.003282,True,10699315,77194036,7.215,8.878,vocsc+zstd,False,True,17
GSE151214,Homo sapiens,Homo sapiens,10xv3,115818,9307,38606,16179073,0.01501,True,15013149,129469816,8.624,7.423,vocsc+zstd,False,True,10
GSE151263,Homo sapiens,Homo sapiens,10x_suspect,115818,4748,38606,5797300,0.010542,True,5752184,46397396,8.066,7.938,vocsc+zstd,False,True,5
GSE151346,Mus musculus,Mus musculus,dropseq,171540,45370,57180,62937934,0.008087,True,55632507,503684956,9.054,7.071,vocsc+zstd,False,True,45
GSE151354,Danio rerio,Danio rerio,10x_suspect,97560,4235,32520,4829162,0.011688,True,5041085,38650240,7.667,8.351,vocsc+zstd,False,True,5
GSE151374,Mus musculus,Mus musculus,10x_suspect,171540,70886,57180,54946426,0.004519,True,50219383,439854956,8.759,7.312,vocsc+zstd,False,True,70
GSE151459,Mus musculus,Mus musculus,10xv3,171540,145772,57180,7410223,0.000296,True,11836335,59864876,5.058,12.778,vocsc+zstd,False,True,143
GSE151528,Homo sapiens,Homo sapiens,dropseq,115818,113598,38606,150488924,0.011438,True,141902668,1204365788,8.487,7.544,vocsc+zstd,False,True,111
GSE151564,Mus musculus,,,171540,139137,57180,9558660,0.0004,True,14818723,77025832,5.198,12.402,vocsc+zstd,False,True,136
GSE151569,Homo sapiens,Homo sapiens,10xv3,115818,79714,38606,60387435,0.006541,True,49988075,483418340,9.671,6.622,vocsc+zstd,False,True,78
GSE151589,Mus musculus,Mus musculus,10xv3,171540,163112,57180,71852720,0.002568,True,64197893,575474212,8.964,7.148,vocsc+zstd,False,True,160
GSE151623,Mus musculus,Mus musculus,10xv2,171540,108829,57180,146010417,0.007821,True,146985221,1168518656,7.95,8.053,vocsc+zstd,False,True,107
GSE151700,Mus musculus,,,171540,10317,57180,31800162,0.017968,True,26209998,254442568,9.708,6.594,vocsc+zstd,False,True,11
GSE151710,Mus musculus,Mus musculus,10xv3,171540,48884,57180,264428030,0.031534,True,197880336,2115619780,10.691,5.987,vocsc+zstd,False,True,48
GSE151878,Homo sapiens,Homo sapiens,10xv3,115818,8106,38606,36247888,0.03861,True,28598158,290015532,10.141,6.312,vocsc+zstd,False,True,8
GSE151944,Mus musculus,Mus musculus,10xv3,171540,9020,57180,49231081,0.031818,True,36814782,393884732,10.699,5.982,vocsc+zstd,False,True,9
GSE151974,Mus musculus,Mus musculus,10xv3,171540,45928,57180,37806144,0.004799,True,35351256,302632868,8.561,7.481,vocsc+zstd,False,True,45
GSE152014,Homo sapiens,Homo sapiens,10xv3,115818,159370,38606,82284049,0.004458,True,68918743,658909876,9.561,6.701,vocsc+zstd,False,True,156
GSE152018,Mus musculus,Mus musculus,10x_suspect,171540,2732,57180,3346908,0.007142,True,4164608,26786196,6.432,9.955,vocsc+zstd,False,True,3
GSE152125,Mus musculus,Mus musculus,10xv2,171540,24616,57180,90904127,0.021528,True,66476396,727331484,10.941,5.85,vocsc+zstd,False,True,25
GSE152145,Unknown,Sus scrofa,10x_suspect,107010,1101,35670,4151002,0.035232,True,3973335,33212424,8.359,7.658,vocsc+zstd,False,True,2
GSE152282,Mus musculus,Mus musculus,10xv3,171540,9088,57180,24611476,0.015787,True,18750240,196928164,10.503,6.095,vocsc+zstd,False,True,9
GSE152325,Mus musculus,Mus musculus,10x_suspect,171540,10075,57180,49587464,0.028692,True,36448811,396740016,10.885,5.88,vocsc+zstd,False,True,10
GSE152469,Homo sapiens,Homo sapiens,10x_suspect,115818,9086,38606,12067967,0.011468,True,11649515,96580084,8.29,7.723,vocsc+zstd,False,True,9
GSE152522,Homo sapiens,Homo sapiens,10xv3_5prime,115818,234737,38606,109837488,0.00404,True,109126658,879638856,8.061,7.948,vocsc+zstd,False,True,230
GSE152573,Mus musculus,Mus musculus,10xv3,171540,846,57180,14893,0.000103,True,1057407,122532,0.116,568.002,vocsc+zstd,False,True,1
GSE152587,Mus musculus,Mus musculus,10x_suspect,171540,68203,57180,46279158,0.003956,True,42102109,370506080,8.8,7.278,vocsc+zstd,False,True,67
GSE152674,Mus musculus,Mus musculus,10xv3,171540,7060,57180,15890186,0.013121,True,13857512,127149732,9.176,6.977,vocsc+zstd,False,True,7
GSE152685,Homo sapiens,Homo sapiens,10xv2,115818,4254,38606,14337072,0.0291,True,11282585,114713596,10.167,6.296,vocsc+zstd,False,True,5
GSE152692,Mus musculus,Mus musculus,10xv2,171540,7552,57180,14376557,0.011098,True,12923222,115042668,8.902,7.191,vocsc+zstd,False,True,8
GSE152765,Homo sapiens,Homo sapiens,10xv3,115818,13655,38606,46584293,0.029456,True,35050629,372728968,10.634,6.019,vocsc+zstd,False,True,14
GSE152818,Homo sapiens,Homo sapiens,10xv2,115818,4691,38606,15445470,0.028429,True,12296152,123582528,10.051,6.369,vocsc+zstd,False,True,5
GSE152841,Mus musculus,Mus musculus,10xv2,171540,16274,57180,23048344,0.008256,True,19389675,184451852,9.513,6.73,vocsc+zstd,False,True,16
GSE152856,Mus musculus,,,171540,936194,57180,127524668,0.000794,True,147498016,1023942124,6.942,9.253,vocsc+zstd,False,True,915
GSE152872,Mus musculus,Mus musculus,10xv2,171540,217882,57180,145946490,0.003905,True,122991141,1168443452,9.5,6.742,vocsc+zstd,False,True,213
GSE152906,Danio rerio,Danio rerio,10xv2,97560,5382,32520,4633815,0.008825,True,4848902,37092052,7.65,8.371,vocsc+zstd,False,True,6
GSE152915,Homo sapiens,Homo sapiens,dropseq,115818,223419,38606,37821302,0.001462,True,42176130,303464096,7.195,8.921,vocsc+zstd,False,True,219
GSE152928,Mus musculus,Mus musculus,10x_suspect,171540,34664,57180,50597714,0.008509,True,41713020,404920372,9.707,6.595,vocsc+zstd,False,True,34
GSE152938,Homo sapiens,Homo sapiens,10xv3,115818,1007075,38606,208162834,0.001785,True,195502943,1669330976,8.539,7.513,vocsc+zstd,False,True,984
GSE152998,Danio rerio,Danio rerio,unknown,97560,42971,32520,40149789,0.009577,True,33853124,321370200,9.493,6.745,vocsc+zstd,False,True,42
GSE153032,Homo sapiens,Homo sapiens,dropseq,115818,14642,38606,8252638,0.004866,True,8497137,66079676,7.777,8.237,vocsc+zstd,False,True,15
GSE153069,Mus musculus,Mus musculus,10xv2,171540,2067,57180,6776124,0.019111,True,6678988,54217264,8.118,7.885,vocsc+zstd,False,True,3
GSE153184,Mus musculus,Mus musculus,10xv3,171540,103608,57180,285280656,0.016051,True,220712245,2282659684,10.342,6.189,vocsc+zstd,False,True,102
GSE153319,Homo sapiens,Homo sapiens,10xv3,115818,8332,38606,34536279,0.035789,True,25701855,276323564,10.751,5.954,vocsc+zstd,False,True,9
GSE153370,Homo sapiens,Homo sapiens,10xv3,115818,17951,38606,78807311,0.037905,True,59654097,630530296,10.57,6.056,vocsc+zstd,False,True,18
GSE153424,Mus musculus,Mus musculus,10xv3,171540,163416,57180,383364667,0.013676,True,305430888,3067571004,10.043,6.374,vocsc+zstd,False,True,160
GSE153536,Mus musculus,Mus musculus,10xv2,171540,74474,57180,28390358,0.002222,True,27394217,227420764,8.302,7.719,vocsc+zstd,False,True,73
GSE153615,Mus musculus,Mus musculus,10xv2,171540,6364,57180,18303872,0.016767,True,16051705,146456436,9.124,7.016,vocsc+zstd,False,True,7
GSE153647,Mus musculus,Mus musculus,10xv3_5prime,171540,4129,57180,157805,0.000223,True,1232791,1278960,1.037,62.497,vocsc+zstd,False,True,5
GSE153697,Homo sapiens,Homo sapiens,10xv3,115818,7542,38606,5911933,0.006768,True,6313862,47325636,7.496,8.544,vocsc+zstd,False,True,8
GSE153737,Mus musculus,Mus musculus,10x_suspect,171540,4771,57180,15905696,0.019435,True,14117976,127264656,9.014,7.101,vocsc+zstd,False,True,5
GSE153845,Mus musculus,Mus musculus,10xv2,171540,7841,57180,36549078,0.027173,True,27915460,292423992,10.475,6.11,vocsc+zstd,False,True,8
GSE153866,Homo sapiens,Homo sapiens,dropseq,115818,765,38606,579591,0.006542,True,1625401,4639792,2.855,22.435,vocsc+zstd,False,True,1
GSE153889,Homo sapiens,Homo sapiens,10xv3,115818,4551,38606,4634677,0.008793,True,4742929,37095624,7.821,8.187,vocsc+zstd,False,True,5
GSE153892,Homo sapiens,Homo sapiens,10xv3,115818,83216,38606,25771147,0.002674,True,25503694,206502044,8.097,7.917,vocsc+zstd,False,True,82
GSE153895,Mus musculus,Mus musculus,10xv2,171540,71381,57180,138753773,0.011332,True,119385821,1110315712,9.3,6.883,vocsc+zstd,False,True,70
GSE153916,Mus musculus,,,171540,2849,57180,8395871,0.017179,True,7919202,67178368,8.483,7.546,vocsc+zstd,False,True,3
GSE153931,Homo sapiens,Homo sapiens,10xv3_5prime,115818,105668,38606,62331654,0.005093,True,59340294,499075908,8.41,7.616,vocsc+zstd,False,True,104
GSE154107,Mus musculus,Mus musculus,10x_suspect,171540,3670,57180,2576221,0.004092,True,3518094,20624452,5.862,10.925,vocsc+zstd,False,True,4
GSE154178,Homo sapiens,Homo sapiens,unknown,115818,59814,38606,351372682,0.050721,True,249821566,2811220716,11.253,5.688,vocsc+zstd,False,True,59
GSE154213,Mus musculus,Mus musculus,10xv3,171540,10730,57180,25349479,0.013772,True,22137474,202838756,9.163,6.986,vocsc+zstd,False,True,11
GSE154218,Mus musculus,Mus musculus,10x_suspect,171540,8277,57180,26064372,0.018357,True,21906711,208548088,9.52,6.724,vocsc+zstd,False,True,9
GSE154247,Mus musculus,Mus musculus,10xv3,171540,56256,57180,198577799,0.020578,True,155300441,1588847420,10.231,6.257,vocsc+zstd,False,True,55
GSE154278,Mus musculus,Mus musculus,10x_suspect,171540,10940,57180,24444631,0.013026,True,20847558,195600812,9.382,6.823,vocsc+zstd,False,True,11
GSE154386,Homo sapiens,Homo sapiens,10xv3_5prime,115818,215830,38606,124608951,0.004985,True,121220856,997734932,8.231,7.782,vocsc+zstd,False,True,211
GSE154400,Mus musculus,Mus musculus,10x_suspect,171540,3255,57180,15952936,0.028571,True,13841730,127636512,9.221,6.941,vocsc+zstd,False,True,4
GSE154515,Unknown,,,21381,91295,21381,27968114,0.014328,True,24682820,224110096,9.08,7.06,vocsc+zstd,False,True,90
GSE154535,Homo sapiens,,,115818,4813,38606,26130549,0.046877,True,21214397,209063648,9.855,6.495,vocsc+zstd,False,True,5
GSE154624,Mus musculus,Mus musculus,10xv2,171540,40945,57180,209630196,0.029846,True,144991268,1677205352,11.568,5.533,vocsc+zstd,False,True,40
GSE154654,Mus musculus,Mus musculus,10x_suspect,171540,289449,57180,63510428,0.001279,True,61441492,509241224,8.288,7.739,vocsc+zstd,False,True,283
GSE154679,Mus musculus,Mus musculus,10xv2,171540,53494,57180,39354532,0.004289,True,35783416,315050236,8.804,7.274,vocsc+zstd,False,True,53
GSE154718,Mus musculus,Mus musculus,10xv3,171540,7451,57180,31215431,0.024422,True,25417598,249753256,9.826,6.514,vocsc+zstd,False,True,8
GSE154772,Mus musculus,Mus musculus,10xv2,171540,12668,57180,1044273,0.000481,True,2880814,8404860,2.918,22.069,vocsc+zstd,False,True,13
GSE154775,Homo sapiens,Homo sapiens,10x_suspect,115818,25320,38606,107701474,0.036727,True,84217349,861713076,10.232,6.256,vocsc+zstd,False,True,25
GSE154795,Homo sapiens,Homo sapiens,10x_suspect,115818,155682,38606,323565702,0.017945,True,264749432,2589148348,9.78,6.546,vocsc+zstd,False,True,153
GSE154817,Mus musculus,Mus musculus,10x_suspect,171540,6341,57180,18312457,0.016835,True,15350416,146525024,9.545,6.706,vocsc+zstd,False,True,7
GSE154854,Mus musculus,,,171540,20198,57180,15956896,0.004605,True,14948671,127735964,8.545,7.495,vocsc+zstd,False,True,20
GSE154855,Mus musculus,Mus musculus,unknown,171540,130615,57180,18193131,0.000812,True,18740999,146067512,7.794,8.241,vocsc+zstd,False,True,128
GSE154870,Homo sapiens,Homo sapiens,10xv3,115818,1425,38606,24156822,0.146369,True,19154912,193260280,10.089,6.344,vocsc+zstd,False,True,2
GSE154900,Homo sapiens,Homo sapiens; human gammaherpesvirus 4; Human gammaherpesvirus 8,10xv2,115818,6305,38606,41683862,0.057083,True,32186068,333496120,10.362,6.177,vocsc+zstd,False,True,7
GSE154978,Mus musculus,Mus musculus,10xv3,171540,1031339,57180,186959364,0.001057,True,171089268,1499800272,8.766,7.321,vocsc+zstd,False,True,1008
GSE155082,Mus musculus,Mus musculus,10xv3,171540,4674,57180,15856159,0.019776,True,14088078,126867972,9.005,7.108,vocsc+zstd,False,True,5
GSE155109,Homo sapiens,Homo sapiens,10x_suspect,115818,29203,38606,20322441,0.006009,True,19569460,162696344,8.314,7.704,vocsc+zstd,False,True,29
GSE155254,Homo sapiens,Homo sapiens,10xv2,115818,11673,38606,53071151,0.039255,True,37576235,424615904,11.3,5.664,vocsc+zstd,False,True,12
GSE155259,Homo sapiens,Homo sapiens,10x_suspect,115818,117710,38606,95806605,0.007028,True,78463630,766923684,9.774,6.552,vocsc+zstd,False,True,115
GSE155409,Homo sapiens,Homo sapiens,dropseq,115818,1328,38606,122930,0.000799,True,1123637,988756,0.88,73.124,vocsc+zstd,False,True,2
GSE155499,Mus musculus,Mus musculus,10x_suspect,171540,2546,57180,5409847,0.012387,True,5814141,43288964,7.445,8.598,vocsc+zstd,False,True,3
GSE155515,Homo sapiens,Homo sapiens,dropseq,115818,5920,38606,6961122,0.010153,True,7225782,55712660,7.71,8.304,vocsc+zstd,False,True,6
GSE155569,Mus musculus,Mus musculus,10xv3,171540,1374,57180,5428847,0.023033,True,5623569,43436276,7.724,8.287,vocsc+zstd,False,True,2
GSE155763,Mus musculus,,,171540,33739,57180,71648099,0.01238,True,57108248,573319752,10.039,6.377,vocsc+zstd,False,True,33
GSE155816,Homo sapiens,,,115818,15727,38606,29208143,0.016035,True,23509175,233728056,9.942,6.439,vocsc+zstd,False,True,16
GSE155953,Homo sapiens,Homo sapiens,10xv2,115818,14061,38606,76694536,0.047095,True,55312391,613612536,11.094,5.77,vocsc+zstd,False,True,14
GSE155954,Mus musculus,Mus musculus,10xv3,171540,23021,57180,27720976,0.00702,True,24211326,221859896,9.163,6.987,vocsc+zstd,False,True,23
GSE155960,Homo sapiens,Homo sapiens,10x_suspect,115818,76567,38606,207913268,0.023446,True,174371616,1663612416,9.541,6.709,vocsc+zstd,False,True,75
GSE156023,Mus musculus,Mus musculus,10xv3,171540,5790,57180,43677151,0.043975,True,31565955,349440372,11.07,5.782,vocsc+zstd,False,True,6
GSE156043,Homo sapiens,Homo sapiens,10xv3,115818,73932,38606,87845239,0.010259,True,69205040,703057644,10.159,6.302,vocsc+zstd,False,True,73
GSE156070,Mus musculus,Mus musculus,10xv3,171540,13397,57180,65123960,0.028338,True,48678629,521045272,10.704,5.98,vocsc+zstd,False,True,14
GSE156106,Mus musculus,Mus musculus,unknown,171540,29672,57180,138489943,0.027209,True,100442749,1108038236,11.032,5.802,vocsc+zstd,False,True,29
GSE156110,Homo sapiens,Homo sapiens,10x_suspect,115818,28344,38606,126204325,0.038445,True,103278650,1009747980,9.777,6.547,vocsc+zstd,False,True,28
GSE156125,Mus musculus,Mus musculus,10xv2,171540,1379305,57180,310429513,0.001312,True,281210218,2488953328,8.851,7.247,vocsc+zstd,False,True,1347
GSE156135,Mus musculus,Mus musculus,10x_suspect,171540,77908,57180,62994295,0.004714,True,50120590,504265996,10.061,6.365,vocsc+zstd,False,True,77
GSE156136,Mus musculus,Mus musculus,10x_suspect,171540,186991,57180,154011980,0.004801,True,123693225,1232843808,9.967,6.425,vocsc+zstd,False,True,183
GSE156146,Mus musculus,Mus musculus,10xv2,171540,2319,57180,2049720,0.005153,True,3267398,16407040,5.021,12.753,vocsc+zstd,False,True,3
GSE156170,Homo sapiens,Homo sapiens,10x_suspect,115818,359268,38606,868420891,0.020871,True,691805956,6948804204,10.044,6.373,vocsc+zstd,False,True,351
GSE156183,Mus musculus,Mus musculus,10xv2,171540,100726,57180,266671419,0.015434,True,280593092,2133774260,7.605,8.418,vocsc+zstd,False,True,99
GSE156231,Mus musculus,Mus musculus,10xv2,171540,37618,57180,66221657,0.010262,True,52278517,529923732,10.137,6.316,vocsc+zstd,False,True,37
GSE156232,Mus musculus,Mus musculus,10xv2,171540,20974,57180,38975611,0.010833,True,33057229,311888788,9.435,6.785,vocsc+zstd,False,True,21
GSE156310,Homo sapiens,Homo sapiens,10xv3,115818,6402,38606,9098372,0.012271,True,8530317,72812588,8.536,7.501,vocsc+zstd,False,True,7
GSE156405,Homo sapiens,Homo sapiens,10xv3,115818,67114,38606,82632024,0.010631,True,74092990,661324652,8.926,7.173,vocsc+zstd,False,True,66
GSE156455,Drosophila melanogaster,Drosophila melanogaster,10xv3,72834,2276498,24278,1210127124,0.007298,True,1023589133,9690122988,9.467,6.767,vocsc+zstd,False,True,2224
GSE156611,Mus musculus,Mus musculus,10x_suspect,171540,5158,57180,23281056,0.026312,True,18326761,186269084,10.164,6.298,vocsc+zstd,False,True,6
GSE156632,Homo sapiens,Homo sapiens,10x_suspect,115818,344192,38606,221960635,0.005568,True,200671572,1777061852,8.856,7.233,vocsc+zstd,False,True,337
GSE156633,Mus musculus,Mus musculus,10x_suspect,171540,144849,57180,204804178,0.008242,True,159746840,1639012824,10.26,6.24,vocsc+zstd,False,True,142
GSE156635,Mus musculus,Mus musculus,10xv2,171540,28516,57180,70327658,0.014377,True,57096155,562735332,9.856,6.495,vocsc+zstd,False,True,28
GSE156718,Mus musculus,Mus musculus,10xv3_5prime,171540,22822,57180,15202644,0.003883,True,14002253,121712444,8.692,7.368,vocsc+zstd,False,True,23
GSE156725,Mus musculus,Mus musculus,10xv2,171540,9044,57180,7980150,0.005144,True,8361276,63877380,7.64,8.382,vocsc+zstd,False,True,9
GSE156760,Homo sapiens,Homo sapiens,10xv3,115818,314691,38606,271059126,0.007437,True,222686521,2169731776,9.743,6.572,vocsc+zstd,False,True,308
GSE156841,Homo sapiens,Homo sapiens,10xv3_5prime,115818,4410,38606,2407071,0.004713,True,3287629,19274212,5.863,10.927,vocsc+zstd,False,True,5
GSE156988,Homo sapiens,,,115818,51029,38606,32082088,0.005428,True,28163030,256860824,9.12,7.023,vocsc+zstd,False,True,50
GSE157007,Homo sapiens,Homo sapiens,10xv3_5prime,115818,17701,38606,9131301,0.004454,True,9686019,73121216,7.549,8.486,vocsc+zstd,False,True,18
GSE157100,Mus musculus,Mus musculus,10xv3,171540,47959,57180,48546554,0.005901,True,42804042,388564272,9.078,7.054,vocsc+zstd,False,True,47
GSE157244,Mus musculus,Mus musculus,10x_suspect,171540,163457,57180,266075193,0.009489,True,217410483,2129255376,9.794,6.537,vocsc+zstd,False,True,160
GSE157305,Homo sapiens,Homo sapiens,10x_suspect,115818,1431,38606,4139246,0.024975,True,4048629,33119696,8.18,7.825,vocsc+zstd,False,True,2
GSE157313,Mus musculus,Mus musculus,10x_suspect,171540,11749,57180,13613971,0.006755,True,13137572,108958768,8.294,7.72,vocsc+zstd,False,True,12
GSE157344,Homo sapiens,Homo sapiens,10xv3,115818,140894,38606,123855204,0.00759,True,108569678,991405212,9.132,7.013,vocsc+zstd,False,True,138
GSE157382,Mus musculus,Mus musculus,10xv2,171540,32962,57180,34727056,0.006142,True,31974832,277948300,8.693,7.366,vocsc+zstd,False,True,33
GSE157464,Mus musculus,Mus musculus,unknown,171540,3147,57180,24896314,0.046118,True,18651967,199183104,10.679,5.993,vocsc+zstd,False,True,4
GSE157477,Homo sapiens,Homo sapiens,10xv3,115818,33340,38606,55565956,0.01439,True,46329864,444661012,9.598,6.67,vocsc+zstd,False,True,33
GSE157480,Mus musculus,Mus musculus,10x_suspect,171540,10033,57180,42333246,0.024597,True,33846996,338706104,10.007,6.396,vocsc+zstd,False,True,10
GSE157591,Homo sapiens,Homo sapiens,10xv3,115818,2894333,38606,439624656,0.001311,True,404812401,3528574584,8.717,7.367,vocsc+zstd,False,True,2827
GSE157640,Homo sapiens,Homo sapiens,10xv3,115818,693,38606,1799183,0.022416,True,2401176,14396240,5.995,10.677,vocsc+zstd,False,True,1
GSE157720,Mus musculus,Mus musculus,10x_atac,171540,26647,57180,198154548,0.04335,True,136469978,1585342976,11.617,5.51,vocsc+zstd,False,True,27
GSE157773,Homo sapiens,Homo sapiens,10xv3,115818,34151,38606,220691852,0.055796,True,160018527,1765671424,11.034,5.801,vocsc+zstd,False,True,34
GSE157775,Drosophila melanogaster,Drosophila melanogaster,10xv2,72834,22214,24278,44386630,0.027434,True,33558376,355181900,10.584,6.048,vocsc+zstd,False,True,22
GSE157829,Homo sapiens,Homo sapiens,10xv2,115818,542948,38606,46970150,0.000747,True,53882952,377932996,7.014,9.177,vocsc+zstd,False,True,531
GSE157849,Mus musculus,Mus musculus,10xv2,171540,6332,57180,12282364,0.011308,True,10826795,98284244,9.078,7.052,vocsc+zstd,False,True,7
GSE157879,Mus musculus,Mus musculus,10x_suspect,171540,17178,57180,85509392,0.029019,True,63731550,684143852,10.735,5.963,vocsc+zstd,False,True,17
GSE157881,Mus musculus,,,171540,24908,57180,47369846,0.011087,True,39631244,379058404,9.565,6.693,vocsc+zstd,False,True,25
GSE157882,Mus musculus,,,171540,11602,57180,25351630,0.012738,True,21593637,202859452,9.394,6.814,vocsc+zstd,False,True,12
GSE157944,Homo sapiens,Homo sapiens,10xv3,115818,50456,38606,40583832,0.006945,True,36082130,324872484,9.004,7.113,vocsc+zstd,False,True,50
GSE158016,Mus musculus,Mus musculus,dropseq,171540,33105,57180,23713080,0.004176,True,22802096,189837064,8.325,7.693,vocsc+zstd,False,True,33
GSE158117,Unknown,Bos taurus,10x_suspect,108225,25742,36075,66623703,0.023914,True,55715473,533092596,9.568,6.69,vocsc+zstd,False,True,26
GSE158241,Mus musculus,Mus musculus,10xv2,171540,3414,57180,2341067,0.003997,True,3633163,18742196,5.159,12.415,vocsc+zstd,False,True,4
GSE158257,Mus musculus,Mus musculus,10xv2,171540,16575,57180,42096551,0.014806,True,33484564,336838712,10.06,6.363,vocsc+zstd,False,True,17
GSE158275,Homo sapiens,Homo sapiens; human gammaherpesvirus 4,10x_suspect,115818,2105,38606,10251955,0.042051,True,8411947,82024064,9.751,6.564,vocsc+zstd,False,True,3
GSE158278,Mus musculus,Mus musculus,10xv3,171540,9373,57180,2667691,0.001659,True,4308732,21379024,4.962,12.921,vocsc+zstd,False,True,10
GSE158328,Homo sapiens,Homo sapiens,10x_suspect,115818,17509,38606,48535905,0.023935,True,37307368,388357280,10.41,6.149,vocsc+zstd,False,True,18
GSE158454,Mus musculus,Mus musculus,10x_suspect,171540,9054,57180,34220538,0.022033,True,27648121,273800524,9.903,6.464,vocsc+zstd,False,True,9
GSE158468,Mus musculus,Mus musculus,10x_suspect,171540,33039,57180,102547461,0.018094,True,80133075,820511848,10.239,6.251,vocsc+zstd,False,True,33
GSE158609,Mus musculus,,,171540,17145,57180,44494302,0.015129,True,35150842,356023000,10.128,6.32,vocsc+zstd,False,True,17
GSE158691,Mus musculus,Mus musculus,10xv3,171540,36138,57180,169783036,0.027388,True,125176080,1358408844,10.852,5.898,vocsc+zstd,False,True,36
GSE158702,Homo sapiens,Homo sapiens,10xv3,115818,128738,38606,40500022,0.002716,True,40793956,324515132,7.955,8.058,vocsc+zstd,False,True,126
GSE158723,Homo sapiens,Homo sapiens,10xv2,115818,29919,38606,85428550,0.024654,True,67373338,683548080,10.146,6.309,vocsc+zstd,False,True,30
GSE158761,Unknown,Arabidopsis thaliana,10x_suspect,98499,18020,98499,10303912,0.005805,True,10021366,82503380,8.233,7.781,vocsc+zstd,False,True,18
GSE158796,Homo sapiens,Homo sapiens,10xv2,115818,65899,38606,7398863,0.000969,True,7292371,59454504,8.153,7.885,vocsc+zstd,False,True,65
GSE158820,Mus musculus,Mus musculus,10xv3,171540,13865,57180,83347596,0.035044,True,58365817,666836232,11.425,5.602,vocsc+zstd,False,True,14
GSE158844,Homo sapiens,,,115818,2084,38606,1894742,0.00785,True,2515711,15166276,6.029,10.622,vocsc+zstd,False,True,3
GSE158849,Danio rerio,Danio rerio; Xenopus laevis; Xenopus tropicalis,10xv3,97560,6554,32520,9271872,0.014501,True,7756829,74201196,9.566,6.693,vocsc+zstd,False,True,7
GSE158859,Mus musculus,,,171540,1916,57180,4518842,0.013749,True,5038191,36158404,7.177,8.919,vocsc+zstd,False,True,2
GSE158886,Mus musculus,Mus musculus,10x_suspect,171540,13061,57180,26092252,0.011646,True,22364154,208790264,9.336,6.857,vocsc+zstd,False,True,13
GSE158892,Mus musculus,Mus musculus,10x_suspect,171540,1266139,57180,97454873,0.000449,True,105893493,784703544,7.41,8.693,vocsc+zstd,False,True,1237
GSE158962,Mus musculus,Mus musculus,10xv3,171540,7063,57180,23698603,0.01956,True,18238798,189617080,10.396,6.157,vocsc+zstd,False,True,7
GSE158967,Mus musculus,,,171540,16671,57180,32515366,0.01137,True,27178262,260189616,9.573,6.687,vocsc+zstd,False,True,17
GSE158984,Mus musculus,Mus musculus,10xv2,171540,14606,57180,14861369,0.005931,True,13922815,118949380,8.543,7.495,vocsc+zstd,False,True,15
GSE158987,Mus musculus,Mus musculus,10x_suspect,171540,13821,57180,5009293,0.002113,True,6595638,40129632,6.084,10.533,vocsc+zstd,False,True,14
GSE158988,Mus musculus,Mus musculus,10xv3,171540,14661,57180,72572795,0.028857,True,53891178,580641008,10.774,5.941,vocsc+zstd,False,True,15
GSE158999,Mus musculus,Mus musculus,10xv3,171540,31896,57180,85537320,0.015633,True,62732322,684426148,10.91,5.867,vocsc+zstd,False,True,32
GSE159013,Mus musculus,Mus musculus,10xv3,171540,4952,57180,41310368,0.048631,True,31319964,330502756,10.552,6.065,vocsc+zstd,False,True,5
GSE159032,Danio rerio,Danio rerio,10xv2,97560,919585,32520,265443656,0.002959,True,264603701,2127227592,8.039,7.975,vocsc+zstd,False,True,899
GSE159056,Homo sapiens,Homo sapiens,10xv3,115818,393044,38606,357814757,0.00786,True,288882910,2864090236,9.914,6.459,vocsc+zstd,False,True,384
GSE159149,Mus musculus,Mus musculus,10xv3,171540,179618,57180,88274982,0.002865,True,73215150,706918332,9.655,6.635,vocsc+zstd,False,True,176
GSE159251,Homo sapiens,Homo sapiens,10xv3_5prime,115818,25692,38606,2533300,0.000851,True,4038496,20369172,5.044,12.753,vocsc+zstd,False,True,26
GSE160009,Homo sapiens,Homo sapiens,10xv2,115818,142384,38606,40133570,0.002434,True,34292935,321638100,9.379,6.836,vocsc+zstd,False,True,140
GSE160269,Homo sapiens,Homo sapiens,10xv3_5prime,115818,135864,38606,64788268,0.004117,True,65874157,518849604,7.876,8.134,vocsc+zstd,False,True,133
GSE160673,Homo sapiens,Homo sapiens,dropseq,115818,96257,38606,16965303,0.001522,True,21610036,136107456,6.298,10.19,vocsc+zstd,False,True,95
GSE160883,Homo sapiens,Homo sapiens,indrop,115818,14428,38606,5840308,0.003495,True,6505412,46780180,7.191,8.911,vocsc+zstd,False,True,15
GSE160927,Homo sapiens,Homo sapiens,10xv3,115818,1237528,38606,255615237,0.001783,True,234819851,2049872012,8.73,7.349,vocsc+zstd,False,True,1209
GSE161369,Homo sapiens,Homo sapiens,unknown,115818,64285,38606,398373287,0.053506,True,292235620,3187243440,10.906,5.869,vocsc+zstd,False,True,63
GSE161690,Mus musculus,Mus musculus,10xv3,171540,15441,57180,9178978,0.003465,True,9837588,73493592,7.471,8.574,vocsc+zstd,False,True,16
GSE161738,Homo sapiens,Homo sapiens,10x_suspect,115818,4673,38606,3989237,0.007371,True,4614704,31932592,6.92,9.254,vocsc+zstd,False,True,5
GSE161741,Mus musculus,Mus musculus,10x_suspect,171540,8334,57180,33463412,0.023407,True,25406558,267740636,10.538,6.074,vocsc+zstd,False,True,9
GSE161751,Mus musculus,Mus musculus,10xv2,171540,147248,57180,96303746,0.003813,True,83797085,771018964,9.201,6.961,vocsc+zstd,False,True,144
GSE161787,Mus musculus,Mus musculus,10xv2,171540,80311,57180,53138627,0.003857,True,47769911,425430264,8.906,7.192,vocsc+zstd,False,True,79
GSE161918,Homo sapiens,Homo sapiens,10xv3,115818,1013886,38606,199267197,0.001697,True,221227284,1598193124,7.224,8.882,vocsc+zstd,False,True,991
GSE162075,Mus musculus,Mus musculus,10xv2,171540,26039,57180,42970221,0.00962,True,35038045,343865928,9.814,6.523,vocsc+zstd,False,True,26
GSE162097,Homo sapiens,,,115818,37379,38606,18969697,0.004382,True,18956951,151907096,8.013,7.995,vocsc+zstd,False,True,37
GSE162208,Unknown,Mesocricetus auratus,10xv3,66849,159027,66849,270621992,0.025456,True,220513065,2165612048,9.821,6.519,vocsc+zstd,False,True,156
GSE162296,Homo sapiens,Homo sapiens; Mus musculus,dropseq,115818,1341,38606,3816763,0.024575,True,4087515,30539472,7.471,8.568,vocsc+zstd,False,True,2
GSE162506,Homo sapiens,Homo sapiens,10xv2,115818,19071,38606,8280944,0.003749,True,8480822,66323840,7.82,8.193,vocsc+zstd,False,True,19
GSE162512,Mus musculus,Mus musculus,10xv3,171540,1655720,57180,247083093,0.00087,True,215952413,1983287628,9.184,6.992,vocsc+zstd,False,True,1617
GSE162547,Homo sapiens,Homo sapiens,10x_suspect,115818,2351,38606,24381284,0.089542,True,19131810,195059680,10.196,6.278,vocsc+zstd,False,True,3
GSE162587,Mus musculus,,,171540,88710,57180,224656613,0.014763,True,170506487,1797607748,10.543,6.072,vocsc+zstd,False,True,87
GSE162631,Homo sapiens,Homo sapiens,10xv2,115818,1464340,38606,379152944,0.002236,True,340675753,3039080916,8.921,7.188,vocsc+zstd,False,True,1431
GSE162632,Homo sapiens,Homo sapiens,10xv2,115818,245180,38606,190745286,0.006717,True,167698825,1526943012,9.105,7.033,vocsc+zstd,False,True,240
GSE162692,Homo sapiens,Homo sapiens,10xv2,115818,17986,38606,32251155,0.015482,True,27535649,258081188,9.373,6.83,vocsc+zstd,False,True,18
GSE162787,Unknown,Oryzias latipes,10xv2,73095,6258,73095,7650072,0.016724,True,6802921,61225612,9.0,7.114,vocsc+zstd,False,True,7
GSE162847,Mus musculus,Mus musculus,10x_suspect,171540,22000,57180,131857113,0.034939,True,100285836,1054944908,10.519,6.085,vocsc+zstd,False,True,22
GSE162864,Homo sapiens,Homo sapiens,10xv3,115818,136413,38606,203909782,0.012906,True,157056713,1631823912,10.39,6.162,vocsc+zstd,False,True,134
GSE162898,Mus musculus,Mus musculus,10xv3,171540,33653,57180,105943862,0.018352,True,78541202,847685512,10.793,5.931,vocsc+zstd,False,True,33
GSE162950,Homo sapiens,Homo sapiens,10xv2,115818,99835,38606,639268473,0.055287,True,513451870,5114547128,9.961,6.425,vocsc+zstd,False,True,98
GSE162996,Homo sapiens,Homo sapiens,10xv3,115818,16875,38606,101080530,0.051719,True,76318024,808711744,10.597,6.04,vocsc+zstd,False,True,17
GSE163014,Homo sapiens,Homo sapiens,10xv3,115818,589185,38606,1476139955,0.021632,True,1122651121,11811476384,10.521,6.084,vocsc+zstd,False,True,576
GSE163055,Mus musculus,Mus musculus,10xv3,171540,1210724,57180,161971711,0.00078,True,159322991,1300616588,8.163,7.869,vocsc+zstd,False,True,1183
GSE163084,Mus musculus,Mus musculus,10xv2,171540,3352,57180,8371993,0.01456,True,8152250,66989356,8.217,7.79,vocsc+zstd,False,True,4
GSE163120,Mus musculus,Homo sapiens; Mus musculus,10x_suspect,171540,23410,57180,98764226,0.024594,True,73410368,790207452,10.764,5.946,vocsc+zstd,False,True,23
GSE163201,Mus musculus,Mus musculus,10xv3,171540,4535,57180,22206287,0.028545,True,18467144,177668440,9.621,6.653,vocsc+zstd,False,True,5
GSE163203,Homo sapiens,Homo sapiens,dropseq,115818,480,38606,47479,0.000854,True,1023954,381756,0.373,172.532,vocsc+zstd,False,True,1
GSE163252,Mus musculus,Mus musculus,10xv2,171540,74517,57180,13532895,0.001059,True,14811830,108561232,7.329,8.756,vocsc+zstd,False,True,73
GSE163314,Homo sapiens,Homo sapiens,10x_suspect,115818,26364,38606,36676844,0.012012,True,31135170,293520212,9.427,6.791,vocsc+zstd,False,True,26
GSE163394,Mus musculus,Mus musculus,10xv3,171540,13993,57180,25209531,0.010502,True,21867967,201732224,9.225,6.94,vocsc+zstd,False,True,14
GSE163429,Homo sapiens,,,115818,2300,38606,41576998,0.156081,True,30730398,332625188,10.824,5.913,vocsc+zstd,False,True,3
GSE163520,Mus musculus,Mus musculus,10x_suspect,171540,1313032,57180,505752003,0.002245,True,439652215,4051268156,9.215,6.954,vocsc+zstd,False,True,1283
GSE163587,Homo sapiens,Homo sapiens,10x_suspect,115818,54427,38606,73022227,0.011584,True,60277571,584395528,9.695,6.604,vocsc+zstd,False,True,54
GSE163725,Mus musculus,Mus musculus,10x_suspect,171540,50193,57180,15545830,0.001806,True,16964343,124567416,7.343,8.73,vocsc+zstd,False,True,50
GSE163744,Homo sapiens,,,115818,256496,38606,45243234,0.001523,True,55099869,362971860,6.588,9.743,vocsc+zstd,False,True,251
GSE163781,Homo sapiens,,,115818,9114,38606,11913461,0.011286,True,11150238,95344148,8.551,7.487,vocsc+zstd,False,True,9
GSE163785,Homo sapiens,,,115818,11538,38606,3789149,0.002836,True,4747237,30359348,6.395,10.023,vocsc+zstd,False,True,12
GSE163793,Homo sapiens,Homo sapiens; Mus musculus,10xv3_5prime,115818,23646,38606,47534635,0.017357,True,39026733,380371668,9.746,6.568,vocsc+zstd,False,True,24
GSE163818,Mus musculus,Mus musculus,10xv3_5prime,171540,8320,57180,10306096,0.007221,True,10076869,82482052,8.185,7.822,vocsc+zstd,False,True,9
GSE163844,Mus musculus,Mus musculus,10xv3,171540,83074,57180,1769383,0.000124,True,4134640,14487364,3.504,18.694,vocsc+zstd,False,True,82
GSE163952,Homo sapiens,Homo sapiens; Human alphaherpesvirus 1,unknown,115818,200540,38606,120786260,0.0052,True,116714581,967092244,8.286,7.73,vocsc+zstd,False,True,196
GSE164010,Unknown,Dictyostelium discoideum,10x_suspect,41193,71817,41193,11919183,0.004029,True,11178235,95640736,8.556,7.503,vocsc+zstd,False,True,71
GSE164033,Mus musculus,Mus musculus,10xv3_5prime,171540,23787,57180,10062703,0.002466,True,11030402,80596776,7.307,8.769,vocsc+zstd,False,True,24
GSE164092,Homo sapiens,Homo sapiens; Oryctolagus cuniculus,10x_suspect,115818,86999,38606,177022860,0.017569,True,138150184,1416530880,10.254,6.243,vocsc+zstd,False,True,85
GSE164101,Homo sapiens,Homo sapiens,dropseq,115818,652198,38606,94058261,0.001245,True,120847221,755074884,6.248,10.278,vocsc+zstd,False,True,637
GSE164237,Homo sapiens,Homo sapiens,10xv3,115818,26650,38606,29933095,0.009698,True,27570229,239571364,8.689,7.368,vocsc+zstd,False,True,27
GSE164386,Homo sapiens,Homo sapiens,10xv3,115818,12153,38606,9821363,0.006978,True,8974644,78619520,8.76,7.31,vocsc+zstd,False,True,12
GSE164789,Homo sapiens,Homo sapiens,10xv3_5prime,115818,88244,38606,20436301,0.002,True,20232057,163843388,8.098,7.92,vocsc+zstd,False,True,87
GSE164829,Homo sapiens,Homo sapiens,10xv3,115818,346248,38606,103872585,0.00259,True,88299351,832365676,9.427,6.801,vocsc+zstd,False,True,339
GSE164985,Homo sapiens,Homo sapiens,10xv3,115818,19646,38606,4668901,0.002052,True,4886999,37429796,7.659,8.374,vocsc+zstd,False,True,20
GSE165388,Homo sapiens,Homo sapiens,10xv3,115818,880060,38606,203524660,0.001997,True,182608473,1631717524,8.936,7.178,vocsc+zstd,False,True,860
GSE165457,Mus musculus,Mus musculus,10xv3,171540,139671,57180,9257926,0.000386,True,10665875,74622096,6.996,9.217,vocsc+zstd,False,True,137
GSE165587,Homo sapiens,Homo sapiens,10xv3,115818,310180,38606,201002414,0.005595,True,163241218,1609260036,9.858,6.497,vocsc+zstd,False,True,303
GSE168098,Mus musculus,Mus musculus,10xv3,171540,339642,57180,76174460,0.001307,True,69359116,610754252,8.806,7.284,vocsc+zstd,False,True,332
GSE168883,Homo sapiens,Homo sapiens,seqwell,115818,114087,38606,129792097,0.009823,True,119778852,1038793128,8.673,7.383,vocsc+zstd,False,True,112
GSE170673,Homo sapiens,Homo sapiens,10xv3,115818,221270,38606,43001014,0.001678,True,43612738,344893196,7.908,8.114,vocsc+zstd,False,True,217
GSE172335,Homo sapiens,Mus musculus; Homo sapiens,unknown,115818,14335,38606,1721893,0.001037,True,2921662,13832488,4.734,13.574,vocsc+zstd,False,True,14
GSE172495,Homo sapiens,Homo sapiens,dropseq,115818,5138,38606,3797523,0.006382,True,4699105,30400740,6.469,9.899,vocsc+zstd,False,True,6
GSE173634,Homo sapiens,Homo sapiens,dropseq,115818,149266,38606,196852117,0.011387,True,161812573,1575414004,9.736,6.576,vocsc+zstd,False,True,146
GSE173706,Homo sapiens,Homo sapiens,10x_suspect,115818,2082064,38606,260423166,0.00108,True,255294036,2091713588,8.193,7.842,vocsc+zstd,False,True,2034
GSE174189,Homo sapiens,Homo sapiens,indrop,115818,630,38606,291736,0.003998,True,1238547,2336412,1.886,33.964,vocsc+zstd,False,True,1
GSE176269,Homo sapiens,Homo sapiens,seqwell,115818,119301,38606,14124719,0.001022,True,20386136,113474960,5.566,11.546,vocsc+zstd,False,True,117
GSE176512,Unknown,Bos taurus,10xv3,108225,12422,36075,49763558,0.037016,True,39241313,398158156,10.146,6.308,vocsc+zstd,False,True,13
GSE178088,Homo sapiens,Homo sapiens,10x_suspect,115818,6705,38606,18720236,0.024107,True,15835487,149788712,9.459,6.767,vocsc+zstd,False,True,7
GSE178109,Mus musculus,Mus musculus,10xv2,171540,8841,57180,6579457,0.004338,True,7860220,52671024,6.701,9.557,vocsc+zstd,False,True,9
GSE178226,Mus musculus,Mus musculus,10xv3,171540,145848,57180,39610068,0.001583,True,36966907,317463940,8.588,7.466,vocsc+zstd,False,True,143
GSE178274,Homo sapiens,Homo sapiens,10xv3,115818,111741,38606,694199477,0.053641,True,503555756,5554042784,11.03,5.803,vocsc+zstd,False,True,110
GSE178325,Homo sapiens,Homo sapiens,10xv3,115818,2327982,38606,926498685,0.003436,True,732497126,7421301412,10.132,6.325,vocsc+zstd,False,True,2274
GSE178342,Homo sapiens,Homo sapiens,10xv3,115818,6429,38606,32909762,0.044198,True,24599255,263303816,10.704,5.98,vocsc+zstd,False,True,7
GSE178365,Mus musculus,Mus musculus,10xv3,171540,27210,57180,143048916,0.030647,True,105168645,1144500172,10.883,5.882,vocsc+zstd,False,True,27
GSE178385,Mus musculus,Mus musculus,10xv3_5prime,171540,38096,57180,37214329,0.005695,True,35067378,297867020,8.494,7.538,vocsc+zstd,False,True,38
GSE178404,Homo sapiens,,,115818,132155,38606,273411459,0.017863,True,225091201,2187820296,9.72,6.586,vocsc+zstd,False,True,130
GSE178459,Unknown,,,115650,35761,38550,140437578,0.033957,True,101993283,1123643672,11.017,5.81,vocsc+zstd,False,True,35
GSE178481,Homo sapiens,Homo sapiens,10xv2,115818,241749,38606,190575723,0.006807,True,174268304,1525572784,8.754,7.315,vocsc+zstd,False,True,237
GSE178498,Mus musculus,Mus musculus,10xv2,171540,37324,57180,98158640,0.015331,True,74392526,785418420,10.558,6.063,vocsc+zstd,False,True,37
GSE178517,Mus musculus,Mus musculus,10x_suspect,171540,37383,57180,87729129,0.013681,True,69771653,701982568,10.061,6.362,vocsc+zstd,False,True,37
GSE178519,Homo sapiens,Homo sapiens,10xv3,115818,41009,38606,171237236,0.036053,True,122740927,1370061928,11.162,5.734,vocsc+zstd,False,True,41
GSE178525,Mus musculus,Mus musculus,10xv3_5prime,171540,8310,57180,3807007,0.002671,True,4956958,30489300,6.151,10.416,vocsc+zstd,False,True,9
GSE178577,Mus musculus,,,171540,6686,57180,20672493,0.018024,True,15772462,165406692,10.487,6.104,vocsc+zstd,False,True,7
GSE178578,Mus musculus,,,171540,5658,57180,18127194,0.018677,True,14758267,145040188,9.828,6.513,vocsc+zstd,False,True,6
GSE178612,Mus musculus,,,171540,208436,57180,33189186,0.000928,True,40662061,266347236,6.55,9.801,vocsc+zstd,False,True,204
GSE178641,Homo sapiens,Homo sapiens,10xv3,115818,26088,38606,19846083,0.006568,True,17073550,158873020,9.305,6.882,vocsc+zstd,False,True,26
GSE178686,Mus musculus,Mus musculus,10x_suspect,171540,51211,57180,258278165,0.029401,True,184010466,2066430168,11.23,5.7,vocsc+zstd,False,True,51
GSE178749,Mus musculus,Mus musculus,10xv3,171540,77785,57180,107654755,0.008068,True,80993299,861549184,10.637,6.019,vocsc+zstd,False,True,76
GSE178882,Homo sapiens,Homo sapiens,10xv3_5prime,115818,1446,38606,249944,0.001492,True,1285016,2005340,1.561,41.13,vocsc+zstd,False,True,2
GSE178910,Homo sapiens,Homo sapiens,10xv3,115818,15261,38606,38778170,0.02194,True,29630303,310286408,10.472,6.113,vocsc+zstd,False,True,15
GSE178911,Homo sapiens,Homo sapiens,10xv3,115818,18449,38606,32157875,0.01505,True,25826229,257336800,9.964,6.425,vocsc+zstd,False,True,19
GSE178929,Mus musculus,Mus musculus,10xv3,171540,26555,57180,33732534,0.007405,True,28134587,269966496,9.596,6.672,vocsc+zstd,False,True,26
GSE178941,Mus musculus,Mus musculus,10xv3_5prime,171540,74830,57180,28047669,0.002185,True,29357147,224680676,7.653,8.374,vocsc+zstd,False,True,74
GSE178957,Mus musculus,Mus musculus,10xv3,171540,1852887,57180,60154995,0.000189,True,93091768,488651512,5.249,12.38,vocsc+zstd,False,True,1810
GSE178969,Danio rerio,Danio rerio,10x_suspect,97560,56471,32520,64680419,0.01174,True,58365132,517669240,8.869,7.219,vocsc+zstd,False,True,56
GSE179134,Danio rerio,Danio rerio,10xv3,97560,16293,32520,48197400,0.030322,True,40158971,385644376,9.603,6.666,vocsc+zstd,False,True,16
GSE179159,Homo sapiens,Homo sapiens,10x_suspect,115818,81228,38606,49547314,0.005267,True,44075895,396703428,9.0,7.117,vocsc+zstd,False,True,80
GSE179162,Homo sapiens,Homo sapiens,10x_suspect,115818,62118,38606,22012141,0.00306,True,21440650,176345604,8.225,7.792,vocsc+zstd,False,True,61
GSE179165,Mus musculus,Mus musculus,10xv2,171540,57531,57180,29257938,0.002965,True,28729113,234293632,8.155,7.855,vocsc+zstd,False,True,57
GSE179176,Mus musculus,Mus musculus,10xv3,171540,32755,57180,96799202,0.017228,True,75690936,774524640,10.233,6.256,vocsc+zstd,False,True,32
GSE179191,Mus musculus,Mus musculus,10xv3,171540,7806,57180,16649915,0.012434,True,15256716,133230548,8.733,7.331,vocsc+zstd,False,True,8
GSE179273,Mus musculus,Mus musculus,10xv3,171540,14047,57180,16452128,0.006828,True,15233144,131673216,8.644,7.407,vocsc+zstd,False,True,14
GSE179346,Homo sapiens,Homo sapiens,10xv3,115818,9419,38606,19986174,0.018321,True,17125375,159927072,9.339,6.855,vocsc+zstd,False,True,10
GSE179373,Homo sapiens,Homo sapiens,10x_suspect,115818,53087,38606,21739035,0.003536,True,21954690,174124632,7.931,8.079,vocsc+zstd,False,True,52
GSE179390,Mus musculus,Mus musculus,10xv3,171540,7960,57180,65771374,0.048168,True,47452829,526202836,11.089,5.772,vocsc+zstd,False,True,8
GSE179485,Homo sapiens,Homo sapiens,10xv3,115818,539103,38606,378870069,0.006068,True,262736149,3033116968,11.544,5.548,vocsc+zstd,False,True,527
GSE179501,Mus musculus,Mus musculus,10xv3,171540,20660,57180,35363218,0.009978,True,30656521,282988388,9.231,6.935,vocsc+zstd,False,True,21
GSE179502,Mus musculus,Mus musculus,10xv3,171540,12410,57180,81835007,0.038442,True,60024581,654729700,10.908,5.868,vocsc+zstd,False,True,13
GSE179681,Mus musculus,Mus musculus; Homo sapiens,10xv3,171540,83932,57180,230266345,0.015993,True,184659046,1842466492,9.978,6.415,vocsc+zstd,False,True,82
GSE179714,Unknown,Bos taurus,10xv3,108225,15709,36075,63542266,0.037375,True,51228763,508400968,9.924,6.45,vocsc+zstd,False,True,16
GSE179739,Mus musculus,Mus musculus,10xv2,171540,4078,57180,12192325,0.017429,True,10876053,97554916,8.97,7.136,vocsc+zstd,False,True,4
GSE179745,Mus musculus,Mus musculus,10xv3,171540,1866,57180,7006930,0.02189,True,7173068,56062908,7.816,8.19,vocsc+zstd,False,True,2
GSE179767,Homo sapiens,Homo sapiens,10xv3,115818,7976,38606,32781340,0.035487,True,23824834,262282628,11.009,5.814,vocsc+zstd,False,True,8
GSE179846,Mus musculus,Mus musculus,10x_suspect,171540,3627,57180,9063873,0.014568,True,8648108,72525496,8.386,7.633,vocsc+zstd,False,True,4
GSE180059,Homo sapiens,Homo sapiens,10xv3,115818,4115,38606,1334878,0.002801,True,2309902,10695488,4.63,13.843,vocsc+zstd,False,True,5
GSE180062,Mus musculus,Mus musculus,10x_suspect,171540,157117,57180,319433714,0.011852,True,233191803,2556098184,10.961,5.84,vocsc+zstd,False,True,154
GSE180094,Mus musculus,,,171540,19936,57180,51449938,0.015045,True,39200301,411679252,10.502,6.095,vocsc+zstd,False,True,20
GSE180101,Mus musculus,Mus musculus,10xv3,171540,181675,57180,47036537,0.001509,True,49349864,377019000,7.64,8.393,vocsc+zstd,False,True,178
GSE180102,Mus musculus,Mus musculus,10xv2,171540,2156,57180,4543922,0.012286,True,5475658,36360004,6.64,9.64,vocsc+zstd,False,True,3
GSE180132,Homo sapiens,,,115818,4877,38606,6191932,0.010962,True,6148566,49554968,8.06,7.944,vocsc+zstd,False,True,5
GSE180288,Mus musculus,,,171540,13278,57180,6560438,0.00288,True,7789778,52536620,6.744,9.499,vocsc+zstd,False,True,13
GSE180294,Mus musculus,Mus musculus,10xv3,171540,1444194,57180,605378603,0.002444,True,582308256,4848805604,8.327,7.695,vocsc+zstd,False,True,1411
GSE180298,Homo sapiens,Homo sapiens,10xv3,115818,134349,38606,544003533,0.034962,True,401736045,4352565664,10.834,5.908,vocsc+zstd,False,True,132
GSE180578,Homo sapiens,Homo sapiens,10xv3,115818,329078,38606,131617595,0.003453,True,160908830,1054257076,6.552,9.78,vocsc+zstd,False,True,322
GSE180595,Homo sapiens,Homo sapiens,10xv3,115818,13604,38606,11501297,0.0073,True,10912480,92064796,8.437,7.59,vocsc+zstd,False,True,14
GSE180661,Homo sapiens,Homo sapiens,10xv3,115818,2647657,38606,3665477896,0.011953,True,3038242949,29334413800,9.655,6.631,vocsc+zstd,False,True,2586
GSE180670,Homo sapiens,Homo sapiens,10x_suspect,115818,13822,38606,92557088,0.057818,True,66303508,740511996,11.169,5.731,vocsc+zstd,False,True,14
GSE180735,Mus musculus,,,171540,34443,57180,15760711,0.002668,True,16593896,126223464,7.607,8.423,vocsc+zstd,False,True,34
GSE180759,Homo sapiens,Homo sapiens,10x_suspect,115818,363225,38606,295588952,0.007026,True,263220564,2366164520,8.989,7.124,vocsc+zstd,False,True,355
GSE180852,Mus musculus,Homo sapiens; Mus musculus,10x_suspect,171540,148695,57180,80747059,0.003166,True,79148442,646571256,8.169,7.842,vocsc+zstd,False,True,146
GSE180859,Mus musculus,Mus musculus,10xv3_5prime,171540,52053,57180,63878111,0.007154,True,59734818,511233104,8.558,7.481,vocsc+zstd,False,True,51
GSE180862,Mus musculus,,,171540,5256,57180,8566099,0.009501,True,8501625,68549820,8.063,7.94,vocsc+zstd,False,True,6
GSE181000,Homo sapiens,Mus musculus; Homo sapiens,10x_suspect,115818,5975,38606,39505635,0.057088,True,31538416,316068984,10.022,6.387,vocsc+zstd,False,True,6
GSE181002,Homo sapiens,Homo sapiens,10xv3,115818,160296,38606,123426933,0.006648,True,111506276,988056652,8.861,7.227,vocsc+zstd,False,True,157
GSE181163,Mus musculus,Mus musculus,10x_suspect,171540,13085,57180,53321892,0.023756,True,44070055,426627480,9.681,6.612,vocsc+zstd,False,True,13
GSE181168,Mus musculus,,,171540,2033,57180,1638931,0.0047,True,3047245,13119584,4.305,14.874,vocsc+zstd,False,True,2
GSE181169,Mus musculus,,,171540,8383,57180,31250405,0.021732,True,23475072,250036776,10.651,6.01,vocsc+zstd,False,True,9
GSE181178,Unknown,Arabidopsis thaliana,10xv3,98499,14404,98499,92254234,0.065024,True,75350526,738091492,9.795,6.534,vocsc+zstd,False,True,15
GSE181220,Mus musculus,Mus musculus,10xv3,171540,19931,57180,8188971,0.002395,True,9620045,65591496,6.818,9.398,vocsc+zstd,False,True,20
GSE181235,Mus musculus,Mus musculus musculus x Mus musculus castaneus,10x_suspect,171540,329366,57180,381306632,0.006749,True,290274988,3051770524,10.513,6.09,vocsc+zstd,False,True,322
GSE181254,Homo sapiens,Homo sapiens,10x_suspect,115818,8202,38606,51499861,0.054214,True,39950093,412031700,10.314,6.206,vocsc+zstd,False,True,9
GSE181290,Homo sapiens,,,115818,12883,38606,21897771,0.014676,True,17773202,175233704,9.859,6.493,vocsc+zstd,False,True,13
GSE181333,Mus musculus,Mus musculus,10xv3,171540,3970,57180,4083257,0.005996,True,5103928,32681940,6.403,10.0,vocsc+zstd,False,True,4
GSE181338,Homo sapiens,synthetic construct; Homo sapiens,10x_suspect,115818,91031,38606,534804650,0.050726,True,377950845,4278801328,11.321,5.654,vocsc+zstd,False,True,89
GSE181349,Mus musculus,Mus musculus,10x_suspect,171540,251230,57180,125204291,0.002905,True,110021219,1002639252,9.113,7.03,vocsc+zstd,False,True,246
GSE181411,Mus musculus,Mus musculus,10xv3,171540,627,57180,5287447,0.04916,True,5413763,42302088,7.814,8.191,vocsc+zstd,False,True,1
GSE181422,Homo sapiens,Homo sapiens,10xv3,115818,305565,38606,165018287,0.004663,True,148458189,1321368560,8.901,7.197,vocsc+zstd,False,True,299
GSE181497,Mus musculus,,,171540,18047,57180,61429584,0.019843,True,50141105,491508864,9.803,6.53,vocsc+zstd,False,True,18
GSE181543,Homo sapiens,Homo sapiens,10x_suspect,115818,175559,38606,8228901,0.000405,True,11623476,66533448,5.724,11.3,vocsc+zstd,False,True,172
GSE181558,Homo sapiens,Homo sapiens,10xv2,115818,9350,38606,31013816,0.02864,True,23967495,248147932,10.354,6.182,vocsc+zstd,False,True,10
GSE181707,Mus musculus,,,171540,19666,57180,17456679,0.005175,True,16473515,139732100,8.482,7.549,vocsc+zstd,False,True,20
GSE181710,Homo sapiens,,,115818,65658,38606,246497976,0.032415,True,196088735,1972246444,10.058,6.364,vocsc+zstd,False,True,65
GSE181720,Mus musculus,Mus musculus,10xv3,171540,33138,57180,34040224,0.005988,True,31396684,272454348,8.678,7.379,vocsc+zstd,False,True,33
GSE181743,Unknown,Homo sapiens; Pan troglodytes,10x_suspect,101187,80763,33729,150924998,0.018468,True,115958739,1207723040,10.415,6.147,vocsc+zstd,False,True,79
GSE181784,Mus musculus,Mus musculus,10x_suspect,171540,7425,57180,1636114,0.001285,True,3217057,13118616,4.078,15.73,vocsc+zstd,False,True,8
GSE181907,Homo sapiens,Homo sapiens,10xv3,115818,15997,38606,44528920,0.024034,True,37056127,356295352,9.615,6.657,vocsc+zstd,False,True,16
GSE181950,Mus musculus,Mus musculus; Drosophila melanogaster,10xv3,171540,8043,57180,24739059,0.017931,True,19256901,197944648,10.279,6.227,vocsc+zstd,False,True,8
GSE181955,Homo sapiens,Homo sapiens,10x_suspect,115818,47019,38606,202255435,0.037141,True,161626217,1618231560,10.012,6.393,vocsc+zstd,False,True,46
GSE181957,Homo sapiens,Homo sapiens,10xv2,115818,2891,38606,6753720,0.020171,True,6564532,54041328,8.232,7.776,vocsc+zstd,False,True,3
GSE181984,Homo sapiens,Homo sapiens,10xv3,115818,26251,38606,235354959,0.077411,True,172578961,1882944680,10.911,5.866,vocsc+zstd,False,True,26
GSE182002,Mus musculus,Mus musculus,10xv3,171540,21785,57180,77202827,0.020659,True,64338609,617709760,9.601,6.667,vocsc+zstd,False,True,22
GSE182005,Mus musculus,,,171540,23876,57180,46325985,0.011311,True,35882101,370703388,10.331,6.196,vocsc+zstd,False,True,24
GSE182047,Mus musculus,,,171540,5120,57180,23405585,0.026649,True,18726505,187265164,10.0,6.401,vocsc+zstd,False,True,5
GSE182123,Homo sapiens,Homo sapiens,10xv3,115818,58577,38606,237166074,0.034958,True,186076329,1897562904,10.198,6.277,vocsc+zstd,False,True,58
GSE182135,Mus musculus,Mus musculus,10xv2,171540,58837,57180,237377393,0.023519,True,167788428,1899254496,11.319,5.655,vocsc+zstd,False,True,58
GSE182136,Mus musculus,Mus musculus,10xv3,171540,29039,57180,141840465,0.028474,True,97839064,1134839880,11.599,5.518,vocsc+zstd,False,True,29
GSE182141,Mus musculus,,,171540,21883,57180,68887350,0.018351,True,53060378,551186336,10.388,6.162,vocsc+zstd,False,True,22
GSE182202,Mus musculus,Mus musculus,10x_multiome,171540,26195,57180,68193581,0.015176,True,53152282,545653432,10.266,6.235,vocsc+zstd,False,True,26
GSE182208,Homo sapiens,Homo sapiens,10xv3,115818,2063,38606,2500217,0.010464,True,3000577,20009992,6.669,9.601,vocsc+zstd,False,True,3
GSE182227,Homo sapiens,Homo sapiens,10xv3_5prime,115818,113664,38606,304803039,0.023154,True,249287503,2438878972,9.783,6.543,vocsc+zstd,False,True,111
GSE182236,Mus musculus,Mus musculus,10xv3,171540,219213,57180,101094874,0.002688,True,98377374,809635848,8.23,7.785,vocsc+zstd,False,True,215
GSE182244,Homo sapiens,Homo sapiens,10x_suspect,115818,82692,38606,61084344,0.006378,True,53738669,489005524,9.1,7.038,vocsc+zstd,False,True,81
GSE182270,Homo sapiens,Homo sapiens,unknown,115818,52737,38606,55426375,0.009075,True,49753509,443621952,8.916,7.181,vocsc+zstd,False,True,52
GSE182275,Mus musculus,Mus musculus,10xv3,171540,32664,57180,73813224,0.013173,True,57417546,590636452,10.287,6.223,vocsc+zstd,False,True,32
GSE182308,Homo sapiens,Homo sapiens,10xv3,115818,101421,38606,318102706,0.027081,True,229792504,2545227336,11.076,5.779,vocsc+zstd,False,True,100
GSE182320,Mus musculus,Mus musculus,10xv3,171540,45342,57180,36311879,0.004669,True,32335275,290676404,8.989,7.124,vocsc+zstd,False,True,45
GSE182396,Mus musculus,Mus musculus,10xv3,171540,210756,57180,71701557,0.001983,True,67878708,574455484,8.463,7.573,vocsc+zstd,False,True,206
GSE182422,Rattus norvegicus,Rattus norvegicus,10x_suspect,91686,749461,30562,103560978,0.001507,True,95695170,831485672,8.689,7.392,vocsc+zstd,False,True,732
GSE182505,Drosophila melanogaster,Drosophila melanogaster,10xv2,72834,191347,24278,37040653,0.002658,True,34072666,297090616,8.719,7.359,vocsc+zstd,False,True,187
GSE182636,Mus musculus,Mus musculus,10x_suspect,171540,23630,57180,67336073,0.016612,True,50008094,538783108,10.774,5.941,vocsc+zstd,False,True,24
GSE182694,Homo sapiens,Homo sapiens,10xv3,115818,9541,38606,58421834,0.05287,True,49144377,467412840,9.511,6.73,vocsc+zstd,False,True,10
GSE182786,Homo sapiens,Homo sapiens,10xv3,115818,115223,38606,246167762,0.018447,True,213665620,1969802992,9.219,6.944,vocsc+zstd,False,True,113
GSE182790,Homo sapiens,Homo sapiens,10xv3,115818,11235,38606,33354055,0.025633,True,25526255,266877384,10.455,6.122,vocsc+zstd,False,True,11
GSE182846,Mus musculus,Mus musculus,10xv3,171540,23175,57180,98128013,0.024684,True,76213722,785116808,10.302,6.213,vocsc+zstd,False,True,23
GSE182939,Mus musculus,Mus musculus,10x_suspect,171540,15900,57180,32317841,0.011849,True,25510036,258606332,10.137,6.315,vocsc+zstd,False,True,16
GSE182988,Homo sapiens,,,115818,9956,38606,12841134,0.011136,True,11160368,102768900,9.208,6.953,vocsc+zstd,False,True,10
GSE183217,Homo sapiens,Homo sapiens,10xv3,115818,1715501,38606,640621603,0.003224,True,526843412,5131834832,9.741,6.579,vocsc+zstd,False,True,1676
GSE183248,Homo sapiens,Homo sapiens,dropseq,115818,59365,38606,52830808,0.007684,True,43224228,422883928,9.783,6.545,vocsc+zstd,False,True,58
GSE183249,Mus musculus,Mus musculus,10xv3,171540,19017,57180,32908137,0.010088,True,28602090,263341168,9.207,6.953,vocsc+zstd,False,True,19
GSE183253,Mus musculus,Mus musculus,10xv2,171540,3898,57180,9666384,0.014456,True,8771018,77346668,8.818,7.259,vocsc+zstd,False,True,4
GSE183255,Mus musculus,Mus musculus,10xv3,171540,34412,57180,193429233,0.032768,True,130262739,1547571516,11.88,5.388,vocsc+zstd,False,True,34
GSE183279,Homo sapiens,Homo sapiens,slideseq,115818,16981,38606,6480647,0.003295,True,7435365,51913104,6.982,9.179,vocsc+zstd,False,True,17
GSE183285,Unknown,Bos taurus,10xv3,108225,28321,36075,123485627,0.040288,True,90644541,987998304,10.9,5.872,vocsc+zstd,False,True,28
GSE183320,Homo sapiens,Homo sapiens,10x_suspect,115818,131103,38606,142713387,0.009399,True,122366422,1142231512,9.335,6.859,vocsc+zstd,False,True,129
GSE183326,Homo sapiens,Homo sapiens,10xv3,115818,7486,38606,31626602,0.036478,True,24993318,253042764,10.124,6.322,vocsc+zstd,False,True,8
GSE183368,Mus musculus,Mus musculus,10xv3,171540,16259,57180,25326300,0.009081,True,21422794,202675440,9.461,6.767,vocsc+zstd,False,True,16
GSE183438,Mus musculus,Mus musculus,10xv3,171540,8689,57180,32527864,0.021823,True,26317060,260257672,9.889,6.472,vocsc+zstd,False,True,9
GSE183456,Homo sapiens,Homo sapiens,10x_suspect,115818,19397,38606,31444933,0.013997,True,25562643,251637056,9.844,6.503,vocsc+zstd,False,True,19
GSE183716,Homo sapiens,Homo sapiens,10xv3,115818,12893,38606,27844792,0.018647,True,23465614,222809912,9.495,6.742,vocsc+zstd,False,True,13
GSE183868,Danio rerio,Danio rerio,10xv3,97560,10046,32520,44500343,0.045404,True,35819584,356042932,9.94,6.439,vocsc+zstd,False,True,10
GSE183885,Mus musculus,,,171540,89984,57180,197116979,0.01277,True,161746607,1577295772,9.752,6.564,vocsc+zstd,False,True,88
GSE183940,Mus musculus,Mus musculus,10xv3_5prime,171540,2989,57180,2300456,0.004487,True,3582385,18415608,5.141,12.458,vocsc+zstd,False,True,3
GSE184073,Homo sapiens,Homo sapiens,10xv3,115818,2291,38606,8727374,0.032891,True,8112231,69828160,8.608,7.436,vocsc+zstd,False,True,3
GSE184096,Mus musculus,Mus musculus,10xv2,171540,5395,57180,16855092,0.018213,True,14200784,134862320,9.497,6.74,vocsc+zstd,False,True,6
GSE184108,Mus musculus,Mus musculus,10xv2,171540,3543,57180,17747363,0.029201,True,15212564,141993080,9.334,6.857,vocsc+zstd,False,True,4
GSE184117,Homo sapiens,Homo sapiens,10xv3,115818,124432,38606,369777309,0.025659,True,297131580,2958716204,9.958,6.428,vocsc+zstd,False,True,122
GSE184181,Mus musculus,Mus musculus,10xv3,171540,3154,57180,12767058,0.023597,True,11665007,102149084,8.757,7.309,vocsc+zstd,False,True,4
GSE184198,Homo sapiens,Homo sapiens,10x_suspect,115818,11985,38606,9008187,0.00649,True,9170466,72113440,7.864,8.144,vocsc+zstd,False,True,12
GSE184257,Homo sapiens,Homo sapiens,10xv3,115818,11820,38606,26659669,0.019474,True,24137337,213324636,8.838,7.243,vocsc+zstd,False,True,12
GSE184290,Mus musculus,Mus musculus,10xv3,171540,6549,57180,35978990,0.032026,True,28498026,287858120,10.101,6.337,vocsc+zstd,False,True,7
GSE184330,Homo sapiens,Homo sapiens,10x_suspect,115818,146982,38606,34356559,0.002018,True,37848418,275440404,7.277,8.813,vocsc+zstd,False,True,144
GSE184360,Mus musculus,Mus musculus,10xv2,171540,5642,57180,6655370,0.006877,True,7129727,53265532,7.471,8.57,vocsc+zstd,False,True,6
GSE184384,Mus musculus,Mus musculus,10xv3,171540,37,57180,26109,0.004114,True,1578932,209024,0.132,483.797,vocsc+zstd,False,True,1
GSE184388,Mus musculus,Mus musculus,seqwell,171540,102963,57180,193852053,0.010975,True,166507782,1551228280,9.316,6.872,vocsc+zstd,False,True,101
GSE184403,Danio rerio,Danio rerio,10x_suspect,97560,5128,32520,4881509,0.009757,True,5230228,39072588,7.471,8.571,vocsc+zstd,False,True,6
GSE184406,Mus musculus,Mus musculus,10xv3,171540,72995,57180,27193169,0.002172,True,27580962,217837336,7.898,8.114,vocsc+zstd,False,True,72
GSE184409,Homo sapiens,Homo sapiens,10xv3,115818,11395,38606,7688174,0.005825,True,8029003,61550976,7.666,8.355,vocsc+zstd,False,True,12
GSE184476,Mus musculus,Mus musculus,10x_suspect,171540,14189,57180,21613920,0.00888,True,18674744,172968120,9.262,6.912,vocsc+zstd,False,True,14
GSE184483,Mus musculus,Mus musculus,10xv3,171540,77688,57180,318079238,0.023868,True,225771932,2544944660,11.272,5.678,vocsc+zstd,False,True,76
GSE184510,Homo sapiens,Homo sapiens,10x_suspect,115818,25585,38606,39224391,0.013237,True,31475396,313897472,9.973,6.42,vocsc+zstd,False,True,25
GSE184526,Homo sapiens,Homo sapiens,10x_suspect,115818,5999,38606,20236205,0.029126,True,15375681,161913640,10.531,6.078,vocsc+zstd,False,True,6
GSE184538,Unknown,Lytechinus variegatus,10xv3,80442,83263,80442,9912069,0.00148,True,12235231,79629608,6.508,9.875,vocsc+zstd,False,True,82
GSE184544,Mus musculus,Mus musculus,10xv3,171540,18830,57180,51104104,0.015821,True,39532726,408908156,10.344,6.189,vocsc+zstd,False,True,19
GSE184569,Homo sapiens,,,115818,6882,38606,27670685,0.034716,True,20683585,221393012,10.704,5.98,vocsc+zstd,False,True,7
GSE184652,Mus musculus,Mus musculus,10x_suspect,171540,5061477,57180,4805660518,0.005535,True,4171212556,38465530056,9.222,6.944,vocsc+zstd,False,True,4943
GSE184766,Mus musculus,Mus musculus,10x_suspect,171540,11041,57180,44682852,0.023592,True,36155712,357506984,9.888,6.473,vocsc+zstd,False,True,11
GSE184899,Homo sapiens,Homo sapiens,10x_suspect,115818,84065,38606,32335701,0.003321,True,29616259,259021872,8.746,7.327,vocsc+zstd,False,True,83
GSE184921,Mus musculus,,,171540,110738,57180,282486368,0.014871,True,205542098,2260333900,10.997,5.821,vocsc+zstd,False,True,109
GSE184947,Mus musculus,Mus musculus,10xv3,171540,13388,57180,30764817,0.013396,True,23545421,246172092,10.455,6.123,vocsc+zstd,False,True,14
GSE185001,Mus musculus,Mus musculus,10x_suspect,171540,30667,57180,58421071,0.011105,True,45413364,467491240,10.294,6.219,vocsc+zstd,False,True,30
GSE185022,Homo sapiens,Homo sapiens,10x_suspect,115818,121704,38606,110284750,0.007824,True,101122561,882764820,8.73,7.335,vocsc+zstd,False,True,119
GSE185042,Mus musculus,Mus musculus,10x_suspect,171540,1034340,57180,178171226,0.001004,True,165708549,1429507172,8.627,7.44,vocsc+zstd,False,True,1011
GSE185043,Mus musculus,Mus musculus,10xv3,171540,290,57180,1655485,0.033278,True,2739076,13245044,4.836,13.236,vocsc+zstd,False,True,1
GSE185044,Mus musculus,Mus musculus,10xv3,171540,1203,57180,12541133,0.060772,True,10153996,100333880,9.881,6.477,vocsc+zstd,False,True,2
GSE185060,Mus musculus,Mus musculus,unknown,171540,12327,57180,26995530,0.012766,True,23144806,216013552,9.333,6.859,vocsc+zstd,False,True,13
GSE185157,Homo sapiens,Homo sapiens,10xv2,115818,64446,38606,21957409,0.002942,True,23362038,175917060,7.53,8.512,vocsc+zstd,False,True,63
GSE185197,Mus musculus,Mus musculus,10x_suspect,171540,13353,57180,2899426,0.001266,True,4503220,23248824,5.163,12.425,vocsc+zstd,False,True,14
GSE185199,Homo sapiens,Homo sapiens,10xv3,115818,45353,38606,111347604,0.021198,True,86400284,890962248,10.312,6.208,vocsc+zstd,False,True,45
GSE185265,Mus musculus,Mus musculus,10xv3,171540,31537,57180,138621041,0.025624,True,107435051,1109094480,10.323,6.2,vocsc+zstd,False,True,31
GSE185277,Homo sapiens,Homo sapiens,dropseq,115818,145187,38606,36631056,0.002178,True,40206228,293629200,7.303,8.781,vocsc+zstd,False,True,142
GSE185330,Homo sapiens,Homo sapiens; Mus musculus,unknown,115818,10127,38606,59665967,0.050871,True,44276757,477368248,10.781,5.937,vocsc+zstd,False,True,10
GSE185342,Mus musculus,Mus musculus,10xv3,171540,24690,57180,40663026,0.009601,True,32687266,325402972,9.955,6.431,vocsc+zstd,False,True,25
GSE185346,Mus musculus,Mus musculus,10xv3,171540,35803,57180,110694000,0.018024,True,87507567,885695216,10.121,6.324,vocsc+zstd,False,True,35
GSE185369,Drosophila melanogaster,Drosophila melanogaster,10x_suspect,72834,14114,24278,27341548,0.026597,True,20510264,218788844,10.667,6.001,vocsc+zstd,False,True,14
GSE185500,Mus musculus,Mus musculus,10x_suspect,171540,3272,57180,6801160,0.012117,True,7026840,54422372,7.745,8.265,vocsc+zstd,False,True,4
GSE185545,Mus musculus,Mus musculus,10xv3,171540,89060,57180,27162414,0.001778,True,26422271,217655556,8.238,7.782,vocsc+zstd,False,True,87
GSE185638,Mus musculus,Mus musculus,dropseq,171540,4180,57180,3096717,0.004319,True,4546496,24790460,5.453,11.745,vocsc+zstd,False,True,5
GSE185684,Mus musculus,,,171540,30265,57180,93564665,0.018022,True,69969498,748638384,10.699,5.983,vocsc+zstd,False,True,30
GSE185688,Homo sapiens,Homo sapiens,10xv3,115818,7384,38606,13818860,0.016159,True,11606077,110580420,9.528,6.719,vocsc+zstd,False,True,8
GSE185696,Mus musculus,Mus musculus,10x_suspect,171540,9925,57180,23102383,0.013569,True,19603736,184858768,9.43,6.788,vocsc+zstd,False,True,10
GSE185720,Mus musculus,Mus musculus; Heterocephalus glaber,10xv3,171540,24560,57180,81693404,0.019391,True,64647202,653645476,10.111,6.331,vocsc+zstd,False,True,24
GSE185721,Mus musculus,Mus musculus; Heterocephalus glaber,10xv3,171540,28980,57180,83420325,0.016781,True,63532592,667478524,10.506,6.093,vocsc+zstd,False,True,29
GSE185756,Mus musculus,Mus musculus,10xv3,171540,19332,57180,50667315,0.015279,True,41738828,405415852,9.713,6.59,vocsc+zstd,False,True,19
GSE185890,Mus musculus,Mus musculus,10xv3,171540,15427,57180,106931144,0.040407,True,77267091,855510864,11.072,5.781,vocsc+zstd,False,True,16
GSE185995,Homo sapiens,Homo sapiens,10xv3,115818,74177,38606,135078057,0.015723,True,102484096,1080921168,10.547,6.07,vocsc+zstd,False,True,73
GSE186017,Homo sapiens,Homo sapiens,10xv3,115818,29697,38606,87613672,0.025473,True,65750631,701028168,10.662,6.004,vocsc+zstd,False,True,30
GSE186027,Homo sapiens,Homo sapiens; Mus musculus,10xv2,115818,26736,38606,86388303,0.027899,True,66242234,691213372,10.435,6.134,vocsc+zstd,False,True,27
GSE186125,Homo sapiens,Homo sapiens,10xv3,115818,18810,38606,241389666,0.110804,True,166992994,1931192572,11.565,5.534,vocsc+zstd,False,True,19
GSE186312,Mus musculus,Mus musculus,10x_suspect,171540,20419,57180,80842506,0.02308,True,57903934,646821728,11.171,5.73,vocsc+zstd,False,True,20
GSE186355,Mus musculus,Mus musculus,10xv2,171540,20361,57180,31978883,0.009156,True,26825878,255912512,9.54,6.711,vocsc+zstd,False,True,20
GSE186356,Homo sapiens,Homo sapiens,10xv3,115818,140928,38606,580762557,0.035582,True,426432154,4646664172,10.897,5.874,vocsc+zstd,False,True,138
GSE186360,Mus musculus,Mus musculus,10x_suspect,171540,19062,57180,7611846,0.002328,True,10549500,60971020,5.78,11.087,vocsc+zstd,False,True,19
GSE186403,Homo sapiens,Homo sapiens,10xv3,115818,8563,38606,19160109,0.01932,True,15143975,153315128,10.124,6.323,vocsc+zstd,False,True,9
GSE186419,Mus musculus,Mus musculus,10xv2,171540,6404,57180,24742591,0.022523,True,21246367,197966348,9.318,6.87,vocsc+zstd,False,True,7
GSE186467,Mus musculus,Mus musculus,10x_suspect,171540,9093,57180,9607852,0.00616,True,9806785,76899192,7.841,8.166,vocsc+zstd,False,True,9
GSE186479,Unknown,Sus scrofa,10xv3,107010,139943,35670,288440634,0.019261,True,227019688,2308084848,10.167,6.296,vocsc+zstd,False,True,137
GSE186498,Mus musculus,Mus musculus,10xv3,171540,3155,57180,15596927,0.028819,True,12985786,124788040,9.61,6.661,vocsc+zstd,False,True,4
GSE186520,Homo sapiens,Homo sapiens,bd_rhapsody,115818,2698,38606,1136871,0.003638,True,2231857,9105764,4.08,15.705,vocsc+zstd,False,True,3
GSE186525,Mus musculus,Mus musculus,10x_suspect,171540,71370,57180,476727603,0.038939,True,341034196,3814106308,11.184,5.723,vocsc+zstd,False,True,70
GSE186529,Mus musculus,Mus musculus,10xv3,171540,396421,57180,365324324,0.005372,True,309160339,2924180280,9.458,6.77,vocsc+zstd,False,True,388
GSE186554,Mus musculus,Mus musculus,10x_suspect,171540,152097,57180,275547964,0.010561,True,212371414,2204992104,10.383,6.166,vocsc+zstd,False,True,149
GSE186558,Mus musculus,Mus musculus,10x_suspect,171540,72962,57180,155695170,0.01244,True,126024549,1245853212,9.886,6.475,vocsc+zstd,False,True,72
GSE186590,Homo sapiens,Homo sapiens,10x_suspect,115818,12173,38606,73247023,0.051954,True,51290331,586024880,11.426,5.602,vocsc+zstd,False,True,12
GSE186787,Mus musculus,,,171540,1141,57180,7012183,0.035826,True,6442503,56102032,8.708,7.35,vocsc+zstd,False,True,2
GSE186910,Mus musculus,Mus musculus,10x_suspect,171540,57112,57180,184636732,0.018846,True,149537776,1477322308,9.879,6.479,vocsc+zstd,False,True,56
GSE186913,Mus musculus,,,171540,8264,57180,63594517,0.04486,True,47630195,508789196,10.682,5.992,vocsc+zstd,False,True,9
GSE186960,Homo sapiens,,,115818,254157,38606,244063572,0.008291,True,187561067,1953525208,10.415,6.148,vocsc+zstd,False,True,249
GSE186975,Homo sapiens,,,115818,376685,38606,474311309,0.010872,True,414655359,3795997216,9.155,6.994,vocsc+zstd,False,True,368
GSE187438,Homo sapiens,Homo sapiens,10xv3,115818,102151,38606,70115087,0.005926,True,64417342,561329304,8.714,7.35,vocsc+zstd,False,True,100
GSE187496,Mus musculus,Mus musculus,10xv3,171540,12439,57180,49892458,0.023382,True,39853006,399189424,10.017,6.39,vocsc+zstd,False,True,13
GSE187515,Homo sapiens,Homo sapiens,10xv3_5prime,115818,86452,38606,12808739,0.001279,True,15528443,102815724,6.621,9.699,vocsc+zstd,False,True,85
GSE188202,Mus musculus,Mus musculus,10xv3,171540,242591,57180,372224491,0.008945,True,295808154,2978766296,10.07,6.358,vocsc+zstd,False,True,237
GSE188215,Homo sapiens,Homo sapiens,10xv3,115818,35132,38606,202673537,0.04981,True,147619127,1621528828,10.985,5.827,vocsc+zstd,False,True,35
GSE188257,Mus musculus,Mus musculus,10xv3,171540,8113,57180,43396699,0.031182,True,30749227,347206048,11.292,5.668,vocsc+zstd,False,True,8
GSE188272,Homo sapiens,Homo sapiens,10xv2,115818,16266,38606,117473172,0.062357,True,85227448,939850444,11.028,5.804,vocsc+zstd,False,True,16
GSE188283,Mus musculus,Mus musculus,10x_suspect,171540,25560,57180,86864077,0.019811,True,72621787,695014860,9.57,6.688,vocsc+zstd,False,True,25
GSE188284,Mus musculus,Mus musculus,10x_suspect,171540,17885,57180,7907873,0.002578,True,8983235,63334528,7.05,9.088,vocsc+zstd,False,True,18
GSE188287,Mus musculus,Mus musculus,10xv3,171540,1534,57180,13605647,0.051705,True,10631637,108851316,10.238,6.251,vocsc+zstd,False,True,2
GSE188381,Homo sapiens,Homo sapiens,bd_rhapsody,115818,270,38606,24305,0.000777,True,1002815,195524,0.195,330.077,vocsc+zstd,False,True,1
GSE188387,Mus musculus,Mus musculus,10xv2,171540,11937,57180,40875798,0.019962,True,34796099,327054136,9.399,6.81,vocsc+zstd,False,True,12
GSE188391,Mus musculus,blank sample; Homo sapiens; Mus musculus,10x_suspect,171540,99404,57180,160173760,0.009393,True,170207454,1281787700,7.531,8.501,vocsc+zstd,False,True,98
GSE188449,Homo sapiens,Homo sapiens,dropseq,115818,141350,38606,54049322,0.003302,True,60781605,432959980,7.123,8.996,vocsc+zstd,False,True,139
GSE188478,Homo sapiens,Homo sapiens,10xv3,115818,16114,38606,16431567,0.008804,True,15198688,131516996,8.653,7.4,vocsc+zstd,False,True,16
GSE188548,Mus musculus,Mus musculus,10xv2,171540,13851,57180,10437712,0.004393,True,10739038,83557104,7.781,8.231,vocsc+zstd,False,True,14
GSE188666,Mus musculus,,,171540,36249,57180,8750029,0.001407,True,10360491,70145232,6.77,9.472,vocsc+zstd,False,True,36
GSE188672,Mus musculus,Mus musculus,10xv3,171540,98904,57180,8279237,0.000488,True,13992945,66629516,4.762,13.521,vocsc+zstd,False,True,97
GSE188819,Mus musculus,Mus musculus,10xv3,171540,221726,57180,146785672,0.003859,True,127818981,1175172284,9.194,6.966,vocsc+zstd,False,True,217
GSE188823,Homo sapiens,Homo sapiens,10xv3,115818,3160,38606,35114587,0.095945,True,27189426,280929340,10.332,6.194,vocsc+zstd,False,True,4
GSE188834,Mus musculus,Mus musculus,unknown,171540,46061,57180,228321953,0.028897,True,167784923,1826759872,10.888,5.879,vocsc+zstd,False,True,45
GSE188946,Mus musculus,Mus musculus,10xv3,171540,18759,57180,3794265,0.001179,True,5825637,30429160,5.223,12.283,vocsc+zstd,False,True,19
GSE189014,Homo sapiens,Mus musculus; Homo sapiens,10xv3,115818,92324,38606,51291513,0.004797,True,45111083,410701404,9.104,7.036,vocsc+zstd,False,True,91
GSE189024,Homo sapiens,Homo sapiens,10xv3,115818,8808,38606,20713915,0.020305,True,16230474,165746556,10.212,6.268,vocsc+zstd,False,True,9
GSE189040,Homo sapiens,Homo sapiens,10x_suspect,115818,13055,38606,693942,0.000459,True,1893984,5603760,2.959,21.834,vocsc+zstd,False,True,13
GSE189042,Homo sapiens,Homo sapiens,10x_suspect,115818,4815,38606,20016693,0.035894,True,14826406,160152808,10.802,5.926,vocsc+zstd,False,True,5
GSE189051,Mus musculus,Mus musculus,10x_suspect,171540,73174,57180,225394330,0.017956,True,161772663,1803447340,11.148,5.742,vocsc+zstd,False,True,72
GSE189058,Mus musculus,Mus musculus,10x_suspect,171540,160013,57180,116519256,0.004245,True,98514495,932794104,9.469,6.764,vocsc+zstd,False,True,157
GSE189127,Mus musculus,Mus musculus,10xv3,171540,49288,57180,51969391,0.006147,True,44180773,415952284,9.415,6.801,vocsc+zstd,False,True,49
GSE189179,Homo sapiens,Homo sapiens,10xv3,115818,14805,38606,39189120,0.022855,True,28302400,313572184,11.079,5.778,vocsc+zstd,False,True,15
GSE189184,Homo sapiens,Homo sapiens,10x_suspect,115818,44155,38606,62548863,0.012231,True,50919619,500567528,9.831,6.513,vocsc+zstd,False,True,44
GSE189217,Mus musculus,Mus musculus,10xv3,171540,40489,57180,178368155,0.025681,True,131698556,1427107200,10.836,5.907,vocsc+zstd,False,True,40
GSE189243,Mus musculus,Mus musculus,10xv3,171540,10705,57180,70132923,0.038192,True,50422839,561106208,11.128,5.752,vocsc+zstd,False,True,11
GSE189287,Mus musculus,Mus musculus,unknown,171540,208271,57180,153251467,0.00429,True,131967293,1226844824,9.297,6.889,vocsc+zstd,False,True,204
GSE189324,Homo sapiens,Homo sapiens,10xv3,115818,2944,38606,4772719,0.013998,True,4681714,38193532,8.158,7.847,vocsc+zstd,False,True,3
GSE189381,Mus musculus,Mus musculus,10x_suspect,171540,20458,57180,66502580,0.01895,True,50483080,532102476,10.54,6.073,vocsc+zstd,False,True,20
GSE189423,Homo sapiens,Homo sapiens,10xv3,115818,3379,38606,30503087,0.077943,True,22476471,244038216,10.857,5.895,vocsc+zstd,False,True,4
GSE189476,Mus musculus,Mus musculus,10xv3,171540,30345,57180,86640203,0.016644,True,66471458,693243008,10.429,6.138,vocsc+zstd,False,True,30
GSE189481,Homo sapiens,Homo sapiens,bd_rhapsody,115818,14632,38606,5592126,0.0033,True,6492046,44795540,6.9,9.287,vocsc+zstd,False,True,15
GSE189483,Homo sapiens,Homo sapiens,10xv3,115818,6005,38606,17194552,0.024723,True,14876091,137580440,9.248,6.921,vocsc+zstd,False,True,6
GSE189484,Mus musculus,Mus musculus,10xv2,171540,7247,57180,10486652,0.008436,True,9960658,83922208,8.425,7.599,vocsc+zstd,False,True,8
GSE189534,Homo sapiens,,,115818,103757,38606,155992080,0.012981,True,124350068,1248351672,10.039,6.377,vocsc+zstd,False,True,102
GSE189535,Homo sapiens,Homo sapiens,10xv2,115818,1438597,38606,182657985,0.001096,True,177228052,1467018272,8.278,7.762,vocsc+zstd,False,True,1405
GSE189577,Mus musculus,Mus musculus,10xv3,171540,6175,57180,23309133,0.022005,True,18315781,186497768,10.182,6.286,vocsc+zstd,False,True,7
GSE189616,Mus musculus,,,171540,860,57180,965024,0.006541,True,2441841,7723636,3.163,20.243,vocsc+zstd,False,True,1
GSE189638,Homo sapiens,,,115818,119880,38606,152954547,0.011016,True,115508865,1224115900,10.598,6.041,vocsc+zstd,False,True,118
GSE189754,Homo sapiens,Homo sapiens,10x_suspect,115818,16403,38606,26789141,0.014101,True,23148848,214378744,9.261,6.913,vocsc+zstd,False,True,17
GSE189812,Mus musculus,Mus musculus,10x_suspect,171540,4544,57180,2088471,0.002679,True,3539097,16725948,4.726,13.557,vocsc+zstd,False,True,5
GSE189835,Mus musculus,Mus musculus,10x_suspect,171540,51149,57180,249427640,0.028428,True,179284092,1995625720,11.131,5.75,vocsc+zstd,False,True,50
GSE189856,Mus musculus,Mus musculus,10xv3,171540,34314,57180,73274400,0.012448,True,60313966,586332460,9.721,6.585,vocsc+zstd,False,True,34
GSE189887,Mus musculus,Mus musculus,10xv3,171540,10280,57180,36824130,0.020882,True,29998625,294634164,9.822,6.517,vocsc+zstd,False,True,11
GSE189981,Homo sapiens,Homo sapiens,10xv3,115818,67419,38606,128244437,0.016424,True,104455664,1026225176,9.825,6.516,vocsc+zstd,False,True,66
GSE189985,Homo sapiens,Homo sapiens,10xv3,115818,8290,38606,11231286,0.011698,True,10576035,89883452,8.499,7.533,vocsc+zstd,False,True,9
GSE190072,Mus musculus,Mus musculus,10xv3,171540,80953,57180,67897670,0.004889,True,58406287,543505176,9.306,6.882,vocsc+zstd,False,True,80
GSE190129,Homo sapiens,Homo sapiens; Mus musculus,10x_suspect,115818,48606,38606,186843653,0.03319,True,137061421,1494943652,10.907,5.868,vocsc+zstd,False,True,48
GSE190165,Macaca mulatta,Macaca mulatta,10x_suspect,106296,41262,35432,16937997,0.003862,True,16597273,135669028,8.174,7.839,vocsc+zstd,False,True,41
GSE190260,Homo sapiens,Homo sapiens,10xv3_5prime,115818,303812,38606,68719425,0.001953,True,78653992,550970652,7.005,9.157,vocsc+zstd,False,True,297
GSE190262,Mus musculus,Mus musculus,10xv3,171540,21164,57180,61050736,0.016816,True,50866902,488490548,9.603,6.666,vocsc+zstd,False,True,21
GSE190283,Mus musculus,Mus musculus,10x_suspect,171540,12276,57180,54298562,0.025785,True,44224725,434437604,9.823,6.516,vocsc+zstd,False,True,12
GSE190286,Mus musculus,Mus musculus,unknown,171540,27529,57180,49747227,0.010534,True,38811645,398087936,10.257,6.241,vocsc+zstd,False,True,27
GSE190297,Mus musculus,,,171540,107824,57180,21802421,0.001179,True,28032945,174850668,6.237,10.286,vocsc+zstd,False,True,106
GSE190475,Homo sapiens,Homo sapiens,10xv3,115818,46800,38606,28567020,0.00527,True,25599219,228723364,8.935,7.169,vocsc+zstd,False,True,46
GSE190482,Mus musculus,Mus musculus,10x_suspect,171540,7947,57180,21000036,0.015405,True,17966590,168032080,9.352,6.844,vocsc+zstd,False,True,8
GSE190514,Mus musculus,Mus musculus,10xv3,171540,33460,57180,67750321,0.011804,True,52266218,542136412,10.373,6.172,vocsc+zstd,False,True,33
GSE190597,Homo sapiens,Homo sapiens,10xv3_5prime,115818,39576,38606,77760454,0.016965,True,64012023,622241940,9.721,6.586,vocsc+zstd,False,True,39
GSE190604,Homo sapiens,Homo sapiens,10xv3,115818,97956,38606,524055142,0.046192,True,364802546,4192832964,11.493,5.569,vocsc+zstd,False,True,96
GSE190742,Homo sapiens,,,115818,26032,38606,228513216,0.075793,True,165667352,1828209860,11.035,5.8,vocsc+zstd,False,True,26
GSE190856,Mus musculus,Mus musculus,10xv3,171540,82480,57180,374674485,0.026481,True,277444222,2997725804,10.805,5.924,vocsc+zstd,False,True,81
GSE190859,Mus musculus,Mus musculus,10xv3,171540,188035,57180,74202869,0.0023,True,72083431,594375096,8.246,7.771,vocsc+zstd,False,True,184
GSE190870,Homo sapiens,Homo sapiens,10xv3_5prime,115818,16741,38606,3295544,0.0017,True,4304147,26431320,6.141,10.448,vocsc+zstd,False,True,17
GSE190905,Homo sapiens,Homo sapiens,10xv3_5prime,115818,31610,38606,5739168,0.001568,True,7314597,46039788,6.294,10.196,vocsc+zstd,False,True,31
GSE190913,Macaca mulatta,Macaca mulatta,10x_suspect,106296,196713,35432,75091563,0.003591,True,73668399,601519360,8.165,7.848,vocsc+zstd,False,True,193
GSE190934,Mus musculus,,,171540,6638,57180,9880558,0.008677,True,10703881,79071020,7.387,8.667,vocsc+zstd,False,True,7
GSE191002,Danio rerio,Danio rerio,10xv3,97560,21627,32520,73290695,0.034736,True,62526484,586412072,9.379,6.825,vocsc+zstd,False,True,22
GSE191041,Homo sapiens,,,115818,10934,38606,39628588,0.031293,True,30173263,317072444,10.508,6.091,vocsc+zstd,False,True,11
GSE191075,Mus musculus,Mus musculus,10x_suspect,171540,8324,57180,8118679,0.005686,True,8434413,64982732,7.704,8.311,vocsc+zstd,False,True,9
GSE191176,Homo sapiens,Homo sapiens,10xv3,115818,154918,38606,175560233,0.009785,True,137839105,1405101540,10.194,6.281,vocsc+zstd,False,True,152
GSE191188,Mus musculus,,,171540,1826,57180,5663547,0.018081,True,5833075,45315684,7.769,8.239,vocsc+zstd,False,True,2
GSE191219,Mus musculus,Mus musculus,10xv3,171540,30489,57180,124222570,0.023752,True,95332208,993902520,10.426,6.139,vocsc+zstd,False,True,30
GSE191226,Mus musculus,Mus musculus,10xv3,171540,13920,57180,73694923,0.030863,True,57754931,589615068,10.209,6.27,vocsc+zstd,False,True,14
GSE191232,Homo sapiens,Homo sapiens,10x_suspect,115818,11432,38606,104068008,0.078599,True,76802955,832589796,10.841,5.904,vocsc+zstd,False,True,12
GSE191246,Mus musculus,Mus musculus,10xv2,171540,53603,57180,163043550,0.017732,True,129381773,1304562816,10.083,6.348,vocsc+zstd,False,True,53
GSE191285,Homo sapiens,,,115818,703,38606,6961009,0.085495,True,5870023,55690888,9.487,6.746,vocsc+zstd,False,True,1
GSE192470,Mus musculus,Mus musculus,10xv3,171540,4275,57180,13687256,0.018664,True,11637499,109515152,9.411,6.802,vocsc+zstd,False,True,5
GSE192558,Homo sapiens,Homo sapiens,10xv3_5prime,115818,25403,38606,10913607,0.003709,True,12975253,87410472,6.737,9.511,vocsc+zstd,False,True,25
GSE192580,Homo sapiens,,,115818,3627,38606,2807628,0.006684,True,4635896,22475536,4.848,13.209,vocsc+zstd,False,True,4
GSE192641,Homo sapiens,,,115818,1056,38606,4865294,0.03978,True,4747872,38926580,8.199,7.807,vocsc+zstd,False,True,2
GSE192645,Unknown,,,51459,7178,51459,7127762,0.019297,True,6206120,57050812,9.193,6.966,vocsc+zstd,False,True,8
GSE192807,Unknown,Bos taurus,10xv3,108225,64655,36075,230846922,0.032991,True,183120045,1847034000,10.086,6.346,vocsc+zstd,False,True,64
GSE192930,Mus musculus,Mus musculus,10xv3,171540,23458,57180,46095214,0.011455,True,37799728,368855548,9.758,6.56,vocsc+zstd,False,True,23
GSE192964,Mus musculus,Mus musculus,10x_suspect,171540,16009,57180,29985315,0.010919,True,24044313,239946560,9.979,6.415,vocsc+zstd,False,True,16
GSE193037,Homo sapiens,Homo sapiens,10xv3,115818,10731,38606,42509354,0.034203,True,30695485,340117760,11.08,5.777,vocsc+zstd,False,True,11
GSE193096,Homo sapiens,Homo sapiens,10xv3,115818,22162,38606,11176838,0.004354,True,11433855,89503356,7.828,8.184,vocsc+zstd,False,True,22
GSE193179,Mus musculus,,,171540,6899,57180,16563154,0.013996,True,13710086,132532832,9.667,6.622,vocsc+zstd,False,True,7
GSE193189,Mus musculus,Mus musculus,10xv3_5prime,171540,13346,57180,4200750,0.001835,True,6686235,33659388,5.034,12.733,vocsc+zstd,False,True,14
GSE193206,Homo sapiens,,,115818,225428,38606,70179101,0.002688,True,70441544,562334524,7.983,8.03,vocsc+zstd,False,True,221
GSE193207,Mus musculus,Mus musculus,10xv2,171540,17055,57180,6943146,0.002373,True,8356983,55613392,6.655,9.629,vocsc+zstd,False,True,17
GSE193265,Mus musculus,Mus musculus,10xv3,171540,65788,57180,16497770,0.001462,True,18200224,132245316,7.266,8.826,vocsc+zstd,False,True,65
GSE193280,Mus musculus,Mus musculus,10xv3,171540,33010,57180,70856733,0.012513,True,59510097,566985908,9.528,6.719,vocsc+zstd,False,True,33
GSE193321,Homo sapiens,Homo sapiens; Mus musculus,10x_suspect,115818,28013,38606,43802141,0.013501,True,38881440,350529184,9.015,7.101,vocsc+zstd,False,True,28
GSE193322,Mus musculus,Mus musculus,10xv2,171540,49901,57180,241516850,0.028215,True,175374277,1932334408,11.018,5.809,vocsc+zstd,False,True,49
GSE193337,Homo sapiens,Homo sapiens,10xv3,115818,34683,38606,103261611,0.025707,True,85519333,826231624,9.661,6.625,vocsc+zstd,False,True,34
GSE193376,Mus musculus,,,171540,167081,57180,58482241,0.00204,True,55083268,468526256,8.506,7.535,vocsc+zstd,False,True,164
GSE193416,Mus musculus,Mus musculus,10xv2,171540,29825,57180,86710083,0.016948,True,68503988,693799968,10.128,6.32,vocsc+zstd,False,True,30
GSE193435,Mus musculus,Mus musculus,10x_multiome,171540,272000,57180,105133183,0.002253,True,97476390,842153468,8.64,7.417,vocsc+zstd,False,True,266
GSE193449,Homo sapiens,Homo sapiens,10xv3,115818,31142,38606,139477710,0.038671,True,109064564,1115946252,10.232,6.256,vocsc+zstd,False,True,31
GSE193451,Unknown,Arabidopsis thaliana,10xv3,98499,84506,98499,114356169,0.013739,True,93051254,915187380,9.835,6.51,vocsc+zstd,False,True,83
GSE193517,Homo sapiens,Homo sapiens,10x_suspect,115818,7008,38606,7156651,0.008817,True,7046886,57281244,8.129,7.877,vocsc+zstd,False,True,7
GSE193525,Homo sapiens,Homo sapiens,10xv3,115818,42947,38606,109790637,0.022073,True,88540209,878496888,9.922,6.452,vocsc+zstd,False,True,42
GSE193584,Mus musculus,Mus musculus,10x_suspect,171540,27269,57180,98334968,0.021022,True,77688354,786788824,10.128,6.32,vocsc+zstd,False,True,27
GSE193683,Homo sapiens,,,115818,69441,38606,494379609,0.061471,True,362096229,3955314640,10.923,5.859,vocsc+zstd,False,True,68
GSE193701,Mus musculus,Mus musculus,10xv3_5prime,171540,148333,57180,11779380,0.000463,True,17900868,94828376,5.297,12.157,vocsc+zstd,False,True,145
GSE193710,Homo sapiens,Homo sapiens,10xv2,115818,18748,38606,82100818,0.037811,True,61851366,656881540,10.62,6.027,vocsc+zstd,False,True,19
GSE193745,Homo sapiens,Homo sapiens,10x_suspect,115818,108913,38606,194261892,0.0154,True,159801915,1554530792,9.728,6.581,vocsc+zstd,False,True,107
GSE193782,Homo sapiens,Homo sapiens,10xv3,115818,124383,38606,813240239,0.056452,True,577165197,6506419448,11.273,5.678,vocsc+zstd,False,True,122
GSE193857,Rattus norvegicus,Rattus norvegicus,10xv2,91686,49160,30562,150638355,0.033421,True,108569404,1205303484,11.102,5.766,vocsc+zstd,False,True,49
GSE193911,Homo sapiens,Homo sapiens,10xv3,115818,506927,38606,32231081,0.000549,True,40289073,259876360,6.45,10.0,vocsc+zstd,False,True,496
GSE193914,Mus musculus,Mus musculus,10x_suspect,171540,14884,57180,61549463,0.024107,True,44823976,492455244,10.986,5.826,vocsc+zstd,False,True,15
GSE193920,Mus musculus,Mus musculus,10x_suspect,171540,93920,57180,182595902,0.011334,True,155402778,1461142900,9.402,6.809,vocsc+zstd,False,True,92
GSE193973,Homo sapiens,Homo sapiens,10x_suspect,115818,5969,38606,721876,0.001044,True,1839163,5798888,3.153,20.382,vocsc+zstd,False,True,6
GSE194051,Mus musculus,Mus musculus,10x_suspect,171540,8971,57180,16405382,0.010661,True,15063252,131278944,8.715,7.346,vocsc+zstd,False,True,9
GSE194214,Homo sapiens,Homo sapiens,10xv3,115818,80614,38606,97956992,0.010492,True,74141361,783978396,10.574,6.055,vocsc+zstd,False,True,79
GSE194225,Homo sapiens,Homo sapiens,10x_suspect,115818,20951,38606,116347517,0.047949,True,84777057,930863944,10.98,5.829,vocsc+zstd,False,True,21
GSE194427,Mus musculus,,,171540,6200,57180,11492432,0.010806,True,11254350,91964260,8.171,7.834,vocsc+zstd,False,True,7
GSE194431,Mus musculus,Mus musculus,10xv2,171540,11207,57180,59401737,0.030899,True,41368563,475258728,11.488,5.571,vocsc+zstd,False,True,11
GSE195476,Homo sapiens,,,115818,260490,38606,551070052,0.018266,True,413501770,4409602380,10.664,6.003,vocsc+zstd,False,True,255
GSE195611,Homo sapiens,Homo sapiens,10x_suspect,115818,17091,38606,62435221,0.031542,True,45374332,499550136,11.01,5.814,vocsc+zstd,False,True,17
GSE195665,Homo sapiens,,,115818,12186,38606,44045117,0.031208,True,36128191,352409684,9.754,6.562,vocsc+zstd,False,True,12
GSE195666,Homo sapiens,Homo sapiens,10xv2,115818,3627,38606,18488136,0.044012,True,14302765,147919600,10.342,6.189,vocsc+zstd,False,True,4
GSE195674,Homo sapiens,Homo sapiens,10x_suspect,115818,13476,38606,5951484,0.003813,True,6447515,47665780,7.393,8.667,vocsc+zstd,False,True,14
GSE195702,Rattus norvegicus,Rattus norvegicus,10xv3,91686,33606,30562,142526862,0.046257,True,103641421,1140349324,11.003,5.817,vocsc+zstd,False,True,33
GSE195709,Homo sapiens,Homo sapiens,10xv3,115818,190869,38606,60175840,0.002722,True,60891871,482170200,7.918,8.095,vocsc+zstd,False,True,187
GSE195780,Homo sapiens,Homo sapiens,10x_suspect,115818,2789,38606,7298593,0.022595,True,6752158,58399904,8.649,7.401,vocsc+zstd,False,True,3
GSE195784,Mus musculus,Mus musculus,10x_suspect,171540,27189,57180,18011576,0.003862,True,18047315,144201368,7.99,8.016,vocsc+zstd,False,True,27
GSE195785,Mus musculus,Mus musculus,10x_suspect,171540,5740,57180,11215406,0.01139,True,9827954,89746212,9.132,7.01,vocsc+zstd,False,True,6
GSE195797,Homo sapiens,Homo sapiens,10x_suspect,115818,6757,38606,12224890,0.015621,True,10380100,97826152,9.424,6.793,vocsc+zstd,False,True,7
GSE195914,Mus musculus,Mus musculus,10xv3,171540,34792,57180,113199175,0.018967,True,87423006,905732572,10.36,6.178,vocsc+zstd,False,True,34
GSE195937,Mus musculus,Mus musculus,10x_suspect,171540,25372,57180,53914198,0.012387,True,42458038,431415076,10.161,6.3,vocsc+zstd,False,True,25
GSE196018,Homo sapiens,Homo sapiens,10xv3,115818,71944,38606,380290538,0.04564,True,269610180,3042612084,11.285,5.672,vocsc+zstd,False,True,71
GSE196055,Unknown,Sus scrofa domesticus,10x_suspect,107010,6496,35670,41163423,0.059216,True,28851411,329333372,11.415,5.607,vocsc+zstd,False,True,7
GSE196060,Mus musculus,Mus musculus,10xv3,171540,15791,57180,34974155,0.012911,True,27858165,279856408,10.046,6.372,vocsc+zstd,False,True,16
GSE196085,Mus musculus,,,171540,3140,57180,8899578,0.016522,True,8329133,71209188,8.549,7.487,vocsc+zstd,False,True,4
GSE196112,Mus musculus,Mus musculus,10x_suspect,171540,27136,57180,39975297,0.008588,True,33583949,319910924,9.526,6.721,vocsc+zstd,False,True,27
GSE196127,Mus musculus,Mus musculus,unknown,171540,18415,57180,65455472,0.020721,True,48999219,523717440,10.688,5.989,vocsc+zstd,False,True,18
GSE196341,Homo sapiens,Homo sapiens,10xv3,115818,11479,38606,1951342,0.001468,True,3230375,15656656,4.847,13.244,vocsc+zstd,False,True,12
GSE196408,Mus musculus,Mus musculus,10xv3,171540,75211,57180,48683043,0.003773,True,40876202,389765192,9.535,6.717,vocsc+zstd,False,True,74
GSE196412,Mus musculus,Mus musculus,10x_suspect,171540,7444,57180,3296206,0.002581,True,4582361,26399428,5.761,11.122,vocsc+zstd,False,True,8
GSE196426,Mus musculus,Mus musculus,10xv3,171540,31332,57180,12751456,0.002373,True,13911818,102136980,7.342,8.728,vocsc+zstd,False,True,31
GSE196529,Mus musculus,Mus musculus,10xv3,171540,25841,57180,24021436,0.005419,True,21766667,192274856,8.833,7.249,vocsc+zstd,False,True,26
GSE196658,Macaca mulatta,Macaca mulatta,10xv3,106296,7281,35432,8663294,0.011194,True,8184933,69335480,8.471,7.558,vocsc+zstd,False,True,8
GSE196659,Unknown,Sus scrofa,10xv3,107010,4883,35670,21147126,0.040471,True,17437530,169196544,9.703,6.597,vocsc+zstd,False,True,5
GSE196660,Rattus norvegicus,Rattus norvegicus,10xv3,91686,4968,30562,22644419,0.049714,True,17179948,181175228,10.546,6.069,vocsc+zstd,False,True,5
GSE196662,Mus musculus,Mus musculus,10xv3,171540,2776,57180,12440389,0.026125,True,11430473,99534220,8.708,7.351,vocsc+zstd,False,True,3
GSE196766,Homo sapiens,Homo sapiens,10x_suspect,115818,62267,38606,479426232,0.06648,True,353360620,3835658928,10.855,5.896,vocsc+zstd,False,True,61
GSE196778,Mus musculus,Mus musculus,10xv3,171540,96693,57180,431683882,0.026026,True,331542851,3453857832,10.418,6.144,vocsc+zstd,False,True,95
GSE196796,Homo sapiens,Homo sapiens,10xv3,115818,76272,38606,18832075,0.002132,True,21401478,150961692,7.054,9.092,vocsc+zstd,False,True,75
GSE196864,Mus musculus,Mus musculus,10x_suspect,171540,21431,57180,26322941,0.00716,True,21498385,210669256,9.799,6.534,vocsc+zstd,False,True,21
GSE196885,Drosophila melanogaster,Drosophila melanogaster,10xv2,72834,224608,24278,66950121,0.004093,True,59084538,536499404,9.08,7.06,vocsc+zstd,False,True,220
GSE196915,Mus musculus,Mus musculus,10xv3,171540,6595,57180,40405697,0.035716,True,28333106,323271960,11.41,5.61,vocsc+zstd,False,True,7
GSE196936,Homo sapiens,Homo sapiens,10xv3,115818,3097,38606,20344769,0.05672,True,15895440,162770544,10.24,6.25,vocsc+zstd,False,True,4
GSE196952,Homo sapiens,Homo sapiens,10xv3,115818,3606,38606,15428197,0.036941,True,12288177,123440004,10.045,6.372,vocsc+zstd,False,True,4
GSE196953,Homo sapiens,Homo sapiens,10x_suspect,115818,10787,38606,76220968,0.06101,True,56637992,609810896,10.767,5.945,vocsc+zstd,False,True,11
GSE196993,Mus musculus,Mus musculus,10x_suspect,171540,15038,57180,4678702,0.001814,True,6967896,37489772,5.38,11.914,vocsc+zstd,False,True,15
GSE197064,Homo sapiens,Homo sapiens,10x_suspect,115818,26542,38606,82142192,0.026721,True,67947293,657243708,9.673,6.618,vocsc+zstd,False,True,26
GSE197070,Mus musculus,Mus musculus,10xv3,171540,28442,57180,115330283,0.023638,True,85931177,922756036,10.738,5.961,vocsc+zstd,False,True,28
GSE197215,Homo sapiens,Homo sapiens,dropseq,115818,14934,38606,792104,0.000458,True,1942934,6396572,3.292,19.623,vocsc+zstd,False,True,15
GSE197317,Homo sapiens,Homo sapiens,10x_suspect,115818,33665,38606,50383863,0.012922,True,42514223,403205568,9.484,6.75,vocsc+zstd,False,True,33
GSE197329,Mus musculus,,,171540,60450,57180,162315709,0.015653,True,127435230,1298767476,10.192,6.281,vocsc+zstd,False,True,60
GSE197404,Mus musculus,Mus musculus; Homo sapiens,unknown,171540,431878,57180,244888931,0.003306,True,203692658,1960838964,9.626,6.654,vocsc+zstd,False,True,422
GSE197409,Homo sapiens,,,115818,34408,38606,40461276,0.010153,True,35950149,323827844,9.008,7.108,vocsc+zstd,False,True,34
GSE197452,Homo sapiens,Homo sapiens,10xv3_5prime,115818,86954,38606,146587390,0.014556,True,117479880,1173046940,9.985,6.411,vocsc+zstd,False,True,85
GSE197580,Mus musculus,Mus musculus,10xv3_5prime,171540,68522,57180,39249864,0.003339,True,37923152,314273004,8.287,7.73,vocsc+zstd,False,True,67
GSE197618,Mus musculus,Mus musculus,10x_suspect,171540,23092,57180,155490860,0.039253,True,115621294,1244019252,10.759,5.949,vocsc+zstd,False,True,23
GSE197658,Homo sapiens,Homo sapiens,10xv3,115818,207024,38606,771967472,0.032196,True,557156972,6176567876,11.086,5.774,vocsc+zstd,False,True,203
GSE197665,Homo sapiens,Homo sapiens,10xv3,115818,26863,38606,25667858,0.00825,True,22497360,205450320,9.132,7.012,vocsc+zstd,False,True,27
GSE197667,Homo sapiens,Homo sapiens,dropseq,115818,1978,38606,12736821,0.055598,True,9766511,101902484,10.434,6.134,vocsc+zstd,False,True,2
GSE197677,Homo sapiens,Homo sapiens,10xv3,115818,50392,38606,242985954,0.041634,True,200428281,1944089204,9.7,6.599,vocsc+zstd,False,True,50
GSE197731,Mus musculus,Mus musculus,10x_suspect,171540,55875,57180,234613839,0.024478,True,182082286,1877134216,10.309,6.209,vocsc+zstd,False,True,55
GSE197828,Mus musculus,,,171540,5503,57180,10068445,0.010666,True,10015928,80569576,8.044,7.958,vocsc+zstd,False,True,6
GSE197847,Homo sapiens,Homo sapiens,10xv3,115818,4076,38606,17999890,0.038129,True,14611168,144015428,9.857,6.494,vocsc+zstd,False,True,4
GSE197854,Mus musculus,,,171540,29605,57180,9616971,0.001894,True,11351558,77054192,6.788,9.443,vocsc+zstd,False,True,29
GSE197858,Mus musculus,Mus musculus,10xv2,171540,12373,57180,40309714,0.018992,True,29917444,322527208,10.781,5.938,vocsc+zstd,False,True,13
GSE197879,Mus musculus,Mus musculus,10xv3,171540,13112,57180,59917363,0.026639,True,46504076,479391356,10.309,6.209,vocsc+zstd,False,True,13
GSE197889,Homo sapiens,Homo sapiens,10xv3,115818,4032,38606,15503081,0.033199,True,11764381,124040780,10.544,6.071,vocsc+zstd,False,True,4
GSE197908,Mus musculus,Mus musculus,10x_suspect,171540,604,57180,1016303,0.009809,True,2363853,8132844,3.441,18.607,vocsc+zstd,False,True,1
GSE198059,Mus musculus,Mus musculus,10xv2,171540,27799,57180,22478364,0.004714,True,23051613,179938112,7.806,8.204,vocsc+zstd,False,True,28
GSE198064,Mus musculus,Mus musculus,10xv3,171540,9092,57180,38523293,0.0247,True,31575487,308222716,9.761,6.557,vocsc+zstd,False,True,9
GSE198099,Homo sapiens,Homo sapiens,10xv3,115818,24547,38606,69124459,0.024314,True,56735579,553093864,9.749,6.566,vocsc+zstd,False,True,24
GSE198141,Homo sapiens,Homo sapiens,10xv3,115818,29635,38606,114868993,0.033467,True,89192541,919070488,10.304,6.212,vocsc+zstd,False,True,29
GSE198149,Drosophila melanogaster,,,72834,279116,24278,98273765,0.004834,True,90412735,787306588,8.708,7.36,vocsc+zstd,False,True,273
GSE198281,Homo sapiens,synthetic construct; Homo sapiens,10x_suspect,115818,61401,38606,22459108,0.003158,True,22991114,179918472,7.826,8.19,vocsc+zstd,False,True,60
GSE198347,Mus musculus,,,171540,31499,57180,13637228,0.002524,True,14596581,109223824,7.483,8.563,vocsc+zstd,False,True,31
GSE198357,Mus musculus,Mus musculus,10xv3,171540,19596,57180,22994651,0.006841,True,20833029,184035596,8.834,7.248,vocsc+zstd,False,True,20
GSE198394,Unknown,Arabidopsis thaliana,10xv3,98499,89009,98499,400891720,0.045726,True,321638787,3207489800,9.972,6.418,vocsc+zstd,False,True,87
GSE198401,Mus musculus,Mus musculus,10xv3,171540,27008,57180,33814647,0.007299,True,29150515,270625212,9.284,6.897,vocsc+zstd,False,True,27
GSE198466,Mus musculus,Mus musculus,10xv3,171540,12635,57180,41163395,0.018992,True,31906499,329357704,10.323,6.201,vocsc+zstd,False,True,13
GSE198482,Homo sapiens,Homo sapiens,10xv3,115818,9677,38606,9318387,0.008314,True,8657034,74585808,8.616,7.432,vocsc+zstd,False,True,10
GSE198521,Mus musculus,Mus musculus,10xv3,171540,19255,57180,49289859,0.014923,True,38379903,394395896,10.276,6.229,vocsc+zstd,False,True,19
GSE198532,Mus musculus,Mus musculus,10xv3,171540,19995,57180,33285496,0.009704,True,25950561,266363952,10.264,6.237,vocsc+zstd,False,True,20
GSE198582,Mus musculus,Mus musculus,10xv3,171540,187357,57180,496960040,0.015463,True,406701267,3976429752,9.777,6.547,vocsc+zstd,False,True,183
GSE198729,Homo sapiens,Homo sapiens,10xv3,115818,80970,38606,112351872,0.011981,True,87841492,899138860,10.236,6.255,vocsc+zstd,False,True,80
GSE198732,Homo sapiens,Homo sapiens,10xv3,115818,34736,38606,91850590,0.022831,True,73851604,734943668,9.952,6.432,vocsc+zstd,False,True,34
GSE198758,Mus musculus,Mus musculus,10x_suspect,171540,7458,57180,24898944,0.019462,True,21135196,199221388,9.426,6.791,vocsc+zstd,False,True,8
GSE198774,Mus musculus,Mus musculus,10xv3,171540,36967,57180,176010713,0.027756,True,125190123,1408233576,11.249,5.69,vocsc+zstd,False,True,37
GSE198791,Danio rerio,Danio rerio,10xv2,97560,8952,32520,14232696,0.016297,True,12962503,113897380,8.787,7.286,vocsc+zstd,False,True,9
GSE198831,Drosophila melanogaster,Drosophila melanogaster,dropseq,72834,97,24278,7987,0.001131,True,402771,64288,0.16,403.427,vocsc+zstd,False,True,1
GSE198896,Homo sapiens,Homo sapiens,10xv3,115818,54048,38606,81321773,0.012991,True,83002914,650790380,7.841,8.165,vocsc+zstd,False,True,53
GSE198901,Mus musculus,,,171540,36744,57180,130550828,0.020712,True,94095324,1044553604,11.101,5.766,vocsc+zstd,False,True,36
GSE199113,Mus musculus,Mus musculus,10xv3,171540,5785,57180,20587276,0.020746,True,18152215,164721352,9.074,7.054,vocsc+zstd,False,True,6
GSE199158,Homo sapiens,Homo sapiens,10xv3,115818,9821,38606,79175952,0.069608,True,54894377,633446904,11.539,5.547,vocsc+zstd,False,True,10
GSE199280,Homo sapiens,Homo sapiens,10xv3,115818,95788,38606,103313161,0.009313,True,90985500,826888444,9.088,7.045,vocsc+zstd,False,True,94
GSE199321,Homo sapiens,Homo sapiens,10xv3,115818,82686,38606,85914812,0.008971,True,73709580,687649244,9.329,6.864,vocsc+zstd,False,True,81
GSE199371,Mus musculus,Mus musculus,10x_suspect,171540,10767,57180,12803667,0.006932,True,12788360,102472408,8.013,7.99,vocsc+zstd,False,True,11
GSE199397,Mus musculus,Mus musculus,10xv3,171540,26138,57180,179311291,0.039992,True,126015058,1434594884,11.384,5.622,vocsc+zstd,False,True,26
GSE199401,Homo sapiens,Homo sapiens,10xv3,115818,14492,38606,57851358,0.034467,True,41228528,462868836,11.227,5.701,vocsc+zstd,False,True,15
GSE199436,Mus musculus,Mus musculus,10x_suspect,171540,797,57180,4602873,0.033667,True,5381946,36826176,6.843,9.354,vocsc+zstd,False,True,1
GSE199460,Mus musculus,Mus musculus,10x_suspect,171540,305121,57180,59255900,0.001132,True,70594241,475267688,6.732,9.531,vocsc+zstd,False,True,298
GSE199491,Mus musculus,Mus musculus,10xv3,171540,25034,57180,30504051,0.007103,True,26404191,244132548,9.246,6.925,vocsc+zstd,False,True,25
GSE199571,Homo sapiens,Homo sapiens,10xv3,115818,57254,38606,327531285,0.049394,True,223686444,2620479300,11.715,5.464,vocsc+zstd,False,True,56
GSE199619,Homo sapiens,Homo sapiens,10xv3,115818,422613,38606,69902047,0.001428,True,69857559,560906832,8.029,7.995,vocsc+zstd,False,True,413
GSE199665,Mus musculus,Mus musculus,10xv3,171540,18246,57180,23356314,0.007462,True,21121228,186923500,8.85,7.234,vocsc+zstd,False,True,18
GSE199733,Mus musculus,Mus musculus,10xv3_5prime,171540,28023,57180,46769497,0.009729,True,38682925,374268072,9.675,6.617,vocsc+zstd,False,True,28
GSE199734,Drosophila melanogaster,Drosophila melanogaster,10xv3,72834,6884,24278,21555333,0.042991,True,16162186,172470204,10.671,5.998,vocsc+zstd,False,True,7
GSE199755,Mus musculus,Mus musculus,10x_suspect,171540,15900,57180,48727547,0.017865,True,37610971,389883980,10.366,6.175,vocsc+zstd,False,True,16
GSE199798,Homo sapiens,Homo sapiens,10x_suspect,115818,2906,38606,5148844,0.015298,True,5141297,41202380,8.014,7.988,vocsc+zstd,False,True,3
GSE199851,Mus musculus,Mus musculus,10xv3,171540,7215,57180,14436676,0.011664,True,12541170,115522272,9.211,6.95,vocsc+zstd,False,True,8
GSE199857,Mus musculus,Mus musculus,10xv2,171540,8306,57180,32726473,0.022969,True,25552804,261845012,10.247,6.246,vocsc+zstd,False,True,9
GSE199866,Homo sapiens,Homo sapiens,10x_suspect,115818,15670,38606,48988149,0.026993,True,38441331,391967876,10.197,6.278,vocsc+zstd,False,True,16
GSE199914,Mus musculus,Mus musculus,10xv3,171540,52331,57180,39942715,0.00445,True,37511127,319751048,8.524,7.513,vocsc+zstd,False,True,52
GSE199960,Mus musculus,Mus musculus,10xv3,171540,6167,57180,22472019,0.021242,True,17842377,179800824,10.077,6.352,vocsc+zstd,False,True,7
GSE200083,Homo sapiens,Homo sapiens,10x_suspect,115818,198663,38606,135639012,0.005895,True,121401824,1085906752,8.945,7.16,vocsc+zstd,False,True,195
GSE200084,Homo sapiens,Homo sapiens,10x_suspect,115818,8597,38606,70228311,0.070532,True,53177534,561860880,10.566,6.058,vocsc+zstd,False,True,9
GSE200107,Homo sapiens,Homo sapiens,10x_suspect,115818,63492,38606,14530732,0.001976,True,16598819,116499828,7.019,9.139,vocsc+zstd,False,True,63
GSE200115,Mus musculus,Mus musculus,10xv3,171540,80110,57180,122828689,0.008938,True,103177876,982949956,9.527,6.72,vocsc+zstd,False,True,79
GSE200139,Mus musculus,Mus musculus,10xv3,171540,14020,57180,43657700,0.018153,True,32931904,349317684,10.607,6.035,vocsc+zstd,False,True,14
GSE200151,Unknown,Macaca fascicularis,dropseq,115650,561501,38550,398400160,0.006135,True,360679636,3189447288,8.843,7.243,vocsc+zstd,False,True,549
GSE200173,Homo sapiens,Homo sapiens,10xv3,115818,29920,38606,10388798,0.002998,True,11199768,83230068,7.431,8.624,vocsc+zstd,False,True,30
GSE200229,Mus musculus,,,171540,36218,57180,85417186,0.013749,True,66129045,683482364,10.336,6.194,vocsc+zstd,False,True,36
GSE200256,Homo sapiens,Homo sapiens,10xv3,115818,1008761,38606,283851198,0.00243,True,294593607,2274844632,7.722,8.303,vocsc+zstd,False,True,986
GSE200289,Mus musculus,Mus musculus,10xv3,171540,131495,57180,792240242,0.035122,True,614041167,6338447920,10.323,6.201,vocsc+zstd,False,True,129
GSE200298,Mus musculus,,,171540,14055,57180,13324966,0.005527,True,12592071,106655952,8.47,7.56,vocsc+zstd,False,True,14
GSE200348,Mus musculus,Mus musculus,10x_suspect,171540,222580,57180,171357277,0.004488,True,146434629,1371748540,9.368,6.836,vocsc+zstd,False,True,218
GSE200366,Mus musculus,Mus musculus,10xv3,171540,537204,57180,84565716,0.000918,True,99968959,678674548,6.789,9.457,vocsc+zstd,False,True,525
GSE200445,Mus musculus,Mus musculus,10x_suspect,171540,22010,57180,61996029,0.01642,True,51381509,496056276,9.654,6.63,vocsc+zstd,False,True,22
GSE200596,Unknown,Mesocricetus auratus,10xv3,66849,1029825,66849,482176720,0.007004,True,407079245,3861533064,9.486,6.754,vocsc+zstd,False,True,1006
GSE200612,Mus musculus,Mus musculus,10x_suspect,171540,386099,57180,544226620,0.008217,True,438234281,4355357360,9.938,6.442,vocsc+zstd,False,True,378
GSE200693,Mus musculus,Mus musculus,10xv3,171540,6581,57180,25766952,0.022825,True,20907918,206161944,9.86,6.491,vocsc+zstd,False,True,7
GSE200746,Mus musculus,Mus musculus,10x_suspect,171540,11031,57180,87251696,0.04611,True,62005493,698057696,11.258,5.685,vocsc+zstd,False,True,11
GSE200774,Homo sapiens,Homo sapiens,10x_suspect,115818,22125,38606,9345807,0.003647,True,10033690,74854960,7.46,8.589,vocsc+zstd,False,True,22
GSE200862,Mus musculus,Mus musculus,10xv3,171540,30957,57180,91303725,0.017193,True,71130870,730553632,10.271,6.232,vocsc+zstd,False,True,31
GSE200901,Mus musculus,Mus musculus,10xv3,171540,38214,57180,78585211,0.011988,True,64050783,628834548,9.818,6.52,vocsc+zstd,False,True,38
GSE200903,Mus musculus,Mus musculus,10x_suspect,171540,54447,57180,132157934,0.01415,True,107470063,1057481264,9.84,6.506,vocsc+zstd,False,True,54
GSE200934,Homo sapiens,,,115818,3799,38606,42707818,0.097065,True,30870675,341677744,11.068,5.783,vocsc+zstd,False,True,4
GSE200941,Homo sapiens,Homo sapiens,10xv2,115818,8747,38606,51323240,0.050662,True,36123049,410620912,11.367,5.631,vocsc+zstd,False,True,9
GSE200984,Homo sapiens,,,115818,543546,38606,197376570,0.003135,True,198763033,1581186748,7.955,8.056,vocsc+zstd,False,True,531
GSE201091,Homo sapiens,Mus musculus; Homo sapiens,10x_suspect,115818,3572,38606,16844419,0.040716,True,13702513,134769644,9.835,6.508,vocsc+zstd,False,True,4
GSE201197,Homo sapiens,Homo sapiens,bd_rhapsody,115818,25574,38606,7340751,0.002478,True,7952712,58828308,7.397,8.667,vocsc+zstd,False,True,25
GSE201274,Mus musculus,Mus musculus,10x_suspect,171540,15403,57180,50319631,0.019044,True,43501496,402618664,9.255,6.916,vocsc+zstd,False,True,16
GSE201343,Homo sapiens,Homo sapiens,10xv3,115818,12678,38606,64079949,0.043641,True,47161688,512690308,10.871,5.888,vocsc+zstd,False,True,13
GSE201347,Homo sapiens,Homo sapiens,10xv3,115818,7429,38606,26847744,0.031203,True,22680198,214811672,9.471,6.758,vocsc+zstd,False,True,8
GSE201378,Danio rerio,Danio rerio,10xv3,97560,4883,32520,10272480,0.021563,True,9387869,82199376,8.756,7.311,vocsc+zstd,False,True,5
GSE201447,Mus musculus,Mus musculus,10xv3,171540,8099,57180,32529934,0.023415,True,26150391,260271872,9.953,6.431,vocsc+zstd,False,True,8
GSE201516,Unknown,Pan troglodytes; Homo sapiens,10xv3,101187,52376,33729,256728296,0.048441,True,183140671,2054035876,11.216,5.707,vocsc+zstd,False,True,52
GSE201523,Homo sapiens,Homo sapiens,10x_suspect,115818,4577,38606,21024760,0.039662,True,15533707,168216392,10.829,5.911,vocsc+zstd,False,True,5
GSE201534,Homo sapiens,,,115818,211823,38606,74894911,0.003053,True,70223125,600006584,8.544,7.501,vocsc+zstd,False,True,207
GSE201535,Homo sapiens,Homo sapiens,unknown,115818,710608,38606,120129815,0.00146,True,123687684,963880956,7.793,8.237,vocsc+zstd,False,True,694
GSE201546,Unknown,,,80565,148011,80565,87010698,0.007297,True,76656490,696677632,9.088,7.048,vocsc+zstd,False,True,145
GSE201585,Unknown,,,115650,388673,38550,298624494,0.006643,True,254473981,2390550648,9.394,6.817,vocsc+zstd,False,True,380
GSE201586,Homo sapiens,,,115818,107320,38606,139909506,0.011256,True,120645300,1119705332,9.281,6.898,vocsc+zstd,False,True,105
GSE201605,Mus musculus,,,171540,3111,57180,18299413,0.03429,True,14550644,146407752,10.062,6.361,vocsc+zstd,False,True,4
GSE201610,Mus musculus,Mus musculus,10x_suspect,171540,17237,57180,94384846,0.031921,True,65198570,755147720,11.582,5.526,vocsc+zstd,False,True,17
GSE201653,Mus musculus,,,171540,63119,57180,50984170,0.004709,True,45500885,408125840,8.97,7.14,vocsc+zstd,False,True,62
GSE201673,Drosophila melanogaster,,,72834,148202,24278,52040880,0.004821,True,46202717,416919852,9.024,7.103,vocsc+zstd,False,True,145
GSE201675,Homo sapiens,Homo sapiens,10xv3,115818,2169,38606,16458209,0.065516,True,12644982,131674352,10.413,6.146,vocsc+zstd,False,True,3
GSE201723,Mus musculus,Mus musculus,10xv3,171540,1039059,57180,129838038,0.000728,True,148979690,1042860544,7.0,9.179,vocsc+zstd,False,True,1015
GSE201733,Mus musculus,,,171540,444365,57180,203081497,0.002664,True,194340353,1626429440,8.369,7.656,vocsc+zstd,False,True,434
GSE201736,Mus musculus,,,171540,4382,57180,4958470,0.006596,True,5947407,39685292,6.673,9.596,vocsc+zstd,False,True,5
GSE201773,Mus musculus,Mus musculus,10xv3,171540,18248,57180,123309568,0.039393,True,86861988,986549540,11.358,5.635,vocsc+zstd,False,True,18
GSE201776,Mus musculus,Mus musculus,10x_suspect,171540,7860,57180,42285673,0.031362,True,32537924,338316828,10.398,6.156,vocsc+zstd,False,True,8
GSE201783,Mus musculus,Mus musculus,10xv3,171540,10748,57180,21511531,0.011668,True,18328293,172135244,9.392,6.816,vocsc+zstd,False,True,11
GSE201956,Mus musculus,Mus musculus,10xv3,171540,50196,57180,132693060,0.01541,True,108454941,1061745268,9.79,6.539,vocsc+zstd,False,True,50
GSE202004,Mus musculus,Mus musculus,10xv3,171540,1769,57180,16216786,0.053441,True,13581772,129741368,9.553,6.7,vocsc+zstd,False,True,2
GSE202052,Homo sapiens,Homo sapiens,10xv3_5prime,115818,28736,38606,7764386,0.002333,True,9183547,62230036,6.776,9.462,vocsc+zstd,False,True,29
GSE202068,Mus musculus,Mus musculus,10xv3,171540,16,57180,11228,0.004091,True,1578310,89892,0.057,1124.553,vocsc+zstd,False,True,1
GSE202071,Mus musculus,Mus musculus,10xv2,171540,88648,57180,72224506,0.00475,True,62231348,578150644,9.29,6.893,vocsc+zstd,False,True,87
GSE202089,Mus musculus,Mus musculus,10xv3,171540,26474,57180,74494668,0.016404,True,60921694,596063244,9.784,6.542,vocsc+zstd,False,True,26
GSE202132,Mus musculus,Mus musculus,10xv3,171540,18192,57180,71098418,0.022783,True,54685859,568860116,10.402,6.153,vocsc+zstd,False,True,18
GSE202352,Homo sapiens,Homo sapiens,10x_suspect,115818,127104,38606,51251500,0.003482,True,47359709,410520420,8.668,7.393,vocsc+zstd,False,True,125
GSE202371,Homo sapiens,Homo sapiens,bd_rhapsody,115818,6616,38606,13529209,0.017656,True,11910410,108260140,9.09,7.043,vocsc+zstd,False,True,7
GSE202374,Homo sapiens,Homo sapiens,10xv3,115818,40892,38606,120393448,0.025421,True,95730877,963311156,10.063,6.361,vocsc+zstd,False,True,40
GSE202410,Homo sapiens,Homo sapiens,10xv2,115818,46284,38606,76221124,0.014219,True,62558785,609954132,9.75,6.566,vocsc+zstd,False,True,46
GSE202421,Mus musculus,Mus musculus,10x_suspect,171540,25936,57180,46605486,0.010475,True,36164098,372947636,10.313,6.208,vocsc+zstd,False,True,26
GSE202423,Mus musculus,Mus musculus,10x_suspect,171540,143,57180,14095,0.000575,True,1575822,113336,0.072,894.401,vocsc+zstd,False,True,1
GSE202494,Homo sapiens,Homo sapiens,10x_multiome,115818,10186,38606,29784966,0.025247,True,24250069,238320476,9.828,6.513,vocsc+zstd,False,True,10
GSE202544,Mus musculus,Mus musculus,10xv3,171540,18653,57180,83546315,0.02611,True,65680141,668445136,10.177,6.289,vocsc+zstd,False,True,19
GSE202575,Drosophila melanogaster,Drosophila melanogaster,10xv2,72834,3778,24278,4455296,0.016191,True,3879115,35657484,9.192,6.965,vocsc+zstd,False,True,4
GSE202624,Mus musculus,Mus musculus,10xv3,171540,18944,57180,60850814,0.018725,True,49313018,486882292,9.873,6.483,vocsc+zstd,False,True,19
GSE202688,Mus musculus,Mus musculus,10xv2,171540,3552,57180,13439246,0.022056,True,11446022,107528180,9.394,6.813,vocsc+zstd,False,True,4
GSE202690,Mus musculus,Mus musculus,10xv2,171540,18228,57180,46841142,0.01498,True,37618830,374802052,9.963,6.425,vocsc+zstd,False,True,18
GSE202691,Mus musculus,Mus musculus,10xv2,171540,17986,57180,51813042,0.016793,True,40033821,414576284,10.356,6.181,vocsc+zstd,False,True,18
GSE202735,Homo sapiens,,,115818,193130,38606,81265847,0.003633,True,78079685,650899300,8.336,7.686,vocsc+zstd,False,True,189
GSE202813,Homo sapiens,Homo sapiens,10xv2,115818,174988,38606,108530491,0.005355,True,100097553,868943884,8.681,7.378,vocsc+zstd,False,True,171
GSE202882,Mus musculus,,,171540,11417,57180,42773611,0.02184,True,32817975,342234560,10.428,6.138,vocsc+zstd,False,True,12
GSE202949,Danio rerio,Mus musculus; Danio rerio,10xv3,97560,15603,32520,26645550,0.017504,True,23710313,213226816,8.993,7.119,vocsc+zstd,False,True,16
GSE202987,Drosophila melanogaster,Drosophila melanogaster,10xv3,72834,347797,24278,156822871,0.006191,True,136127876,1255974160,9.226,6.944,vocsc+zstd,False,True,340
GSE203018,Mus musculus,,,171540,13252,57180,44228007,0.019456,True,34750565,353877068,10.183,6.286,vocsc+zstd,False,True,13
GSE203026,Mus musculus,Mus musculus,10x_suspect,171540,6337,57180,32731251,0.03011,True,26008537,261875360,10.069,6.357,vocsc+zstd,False,True,7
GSE203035,Mus musculus,Mus musculus,10xv2,171540,15371,57180,39578483,0.01501,True,30729616,316689352,10.306,6.211,vocsc+zstd,False,True,16
GSE203084,Homo sapiens,Homo sapiens,10xv3_5prime,115818,85017,38606,20274721,0.002059,True,21299010,162537840,7.631,8.404,vocsc+zstd,False,True,84
GSE203086,Mus musculus,Mus musculus,10xv2,171540,12536,57180,12399890,0.005766,True,11360325,99249268,8.736,7.329,vocsc+zstd,False,True,13
GSE203116,Mus musculus,Homo sapiens; Mus musculus,10xv3,171540,143897,57180,150030431,0.006078,True,126296844,1200819040,9.508,6.734,vocsc+zstd,False,True,141
GSE203134,Mus musculus,Mus musculus,10xv3,171540,5209,57180,24031140,0.026894,True,18585720,192269960,10.345,6.187,vocsc+zstd,False,True,6
GSE203154,Mus musculus,Mus musculus,10x_suspect,171540,207390,57180,116225866,0.003267,True,104544936,930636492,8.902,7.196,vocsc+zstd,False,True,203
GSE203171,Mus musculus,Mus musculus,10xv3,171540,164483,57180,135760744,0.004812,True,112638191,1086743888,9.648,6.637,vocsc+zstd,False,True,161
GSE203233,Mus musculus,Mus musculus,10xv3,171540,15054,57180,84899312,0.032877,True,64481817,679254716,10.534,6.076,vocsc+zstd,False,True,15
GSE203244,Mus musculus,Mus musculus,10x_suspect,171540,4303,57180,12201545,0.01653,True,11123561,97629576,8.777,7.293,vocsc+zstd,False,True,5
GSE203248,Homo sapiens,Homo sapiens,10x_suspect,115818,44041,38606,31850440,0.006244,True,29452562,254979688,8.657,7.398,vocsc+zstd,False,True,44
GSE203274,Homo sapiens,,,115818,984905,38606,1138341964,0.009979,True,973570006,9110675336,9.358,6.842,vocsc+zstd,False,True,962
GSE203330,Mus musculus,Mus musculus,10xv3,171540,4266,57180,20383326,0.027854,True,16798847,163083676,9.708,6.593,vocsc+zstd,False,True,5
GSE203352,Mus musculus,Mus musculus,10x_suspect,171540,17660,57180,44116694,0.014563,True,36465405,353004196,9.681,6.613,vocsc+zstd,False,True,18
GSE203412,Rattus norvegicus,Rattus norvegicus,10xv3,91686,53701,30562,10806521,0.002195,True,12579760,86666976,6.889,9.313,vocsc+zstd,False,True,53
GSE203550,Mus musculus,Mus,10x_suspect,171540,66386,57180,433492021,0.038066,True,301711904,3468201716,11.495,5.568,vocsc+zstd,False,True,65
GSE204702,Homo sapiens,Homo sapiens,10xv3,115818,187456,38606,385057381,0.017736,True,311249692,3081208876,9.899,6.467,vocsc+zstd,False,True,184
GSE204704,Homo sapiens,Homo sapiens,10xv3,115818,111155,38606,176632304,0.01372,True,142158591,1413503056,9.943,6.439,vocsc+zstd,False,True,109
GSE204712,Mus musculus,Mus musculus,10xv3,171540,8746,57180,33663881,0.022438,True,27810046,269346036,9.685,6.609,vocsc+zstd,False,True,9
GSE204803,Mus musculus,Mus musculus,10xv3,171540,298220,57180,68533062,0.00134,True,74541554,549457380,7.371,8.701,vocsc+zstd,False,True,292
GSE204896,Mus musculus,Mus musculus,10x_suspect,171540,11805,57180,41957297,0.020719,True,31947565,335705600,10.508,6.091,vocsc+zstd,False,True,12
GSE204906,Mus musculus,Mus musculus,10xv3,171540,70453,57180,584774329,0.048386,True,419535806,4678476448,11.152,5.739,vocsc+zstd,False,True,69
GSE204907,Mus musculus,Mus musculus,10xv3,171540,48101,57180,144903645,0.017561,True,105684773,1159421568,10.971,5.835,vocsc+zstd,False,True,47
GSE204928,Homo sapiens,Homo sapiens,10x_suspect,115818,40927,38606,34208974,0.007217,True,33635087,273835504,8.141,7.866,vocsc+zstd,False,True,40
GSE204949,Mus musculus,Mus musculus,10x_suspect,171540,5529,57180,26466989,0.027906,True,21525815,211758032,9.837,6.506,vocsc+zstd,False,True,6
GSE204994,Mus musculus,Mus musculus,10x_suspect,171540,3713,57180,3328605,0.005226,True,4433819,26643696,6.009,10.656,vocsc+zstd,False,True,4
GSE205037,Mus musculus,Mus musculus,10xv3,171540,65837,57180,227294029,0.020126,True,168576695,1818615584,10.788,5.933,vocsc+zstd,False,True,65
GSE205078,Mus musculus,Mus musculus,10xv3,171540,17440,57180,55132800,0.018429,True,44606015,441132164,9.89,6.473,vocsc+zstd,False,True,18
GSE205157,Mus musculus,,,171540,16218,57180,64252160,0.023095,True,50053218,514082156,10.271,6.232,vocsc+zstd,False,True,16
GSE205222,Mus musculus,Mus musculus,10xv3,171540,20848,57180,31572668,0.008828,True,26916475,252664740,9.387,6.82,vocsc+zstd,False,True,21
GSE205305,Mus musculus,,,171540,16472,57180,28787765,0.010188,True,24708185,230368012,9.324,6.866,vocsc+zstd,False,True,17
GSE205354,Homo sapiens,Homo sapiens,10x_suspect,115818,20979,38606,57374830,0.023614,True,44419727,459082560,10.335,6.194,vocsc+zstd,False,True,21
GSE205554,Homo sapiens,Homo sapiens,10x_suspect,115818,5973,38606,14130371,0.020426,True,11860874,113066864,9.533,6.715,vocsc+zstd,False,True,6
GSE205569,Mus musculus,Mus musculus,10xv3,171540,28152,57180,82064633,0.016993,True,60279487,656629676,10.893,5.876,vocsc+zstd,False,True,28
GSE205595,Mus musculus,Mus musculus,10xv3,171540,1622,57180,11685613,0.041999,True,10192462,93491396,9.173,6.978,vocsc+zstd,False,True,2
GSE205606,Homo sapiens,Homo sapiens,10xv3_5prime,115818,34984,38606,15236197,0.00376,True,17693655,122029516,6.897,9.29,vocsc+zstd,False,True,35
GSE205607,Homo sapiens,Homo sapiens,10xv3_5prime,115818,28909,38606,11655891,0.003481,True,12029434,93362768,7.761,8.256,vocsc+zstd,False,True,29
GSE205665,Homo sapiens,,,115818,223491,38606,47308792,0.001828,True,53698588,379364304,7.065,9.081,vocsc+zstd,False,True,219
GSE205688,Mus musculus,,,171540,4957,57180,395570,0.000465,True,2097483,3184392,1.518,42.419,vocsc+zstd,False,True,5
GSE205720,Homo sapiens,,,115818,3700,38606,3042018,0.007099,True,3860874,24350948,6.307,10.153,vocsc+zstd,False,True,4
GSE205737,Mus musculus,,,171540,23103,57180,5770173,0.001456,True,7508212,46253800,6.16,10.41,vocsc+zstd,False,True,23
GSE205766,Homo sapiens,Homo sapiens,10x_suspect,115818,14017,38606,54526559,0.033587,True,39974604,436268544,10.914,5.865,vocsc+zstd,False,True,14
GSE205774,Homo sapiens,Homo sapiens,dropseq,115818,12,38606,120272,0.086538,True,1059881,962228,0.908,70.499,vocsc+zstd,False,True,1
GSE205936,Mus musculus,Mus musculus,10xv3,171540,4882,57180,9415955,0.011243,True,9581045,75347172,7.864,8.14,vocsc+zstd,False,True,5
GSE205945,Mus musculus,Mus musculus,10xv3,171540,18687,57180,73397421,0.022897,True,57114652,587254120,10.282,6.225,vocsc+zstd,False,True,19
GSE205950,Mus musculus,Mus musculus,10x_suspect,171540,60701,57180,70259093,0.006747,True,60809453,562315552,9.247,6.924,vocsc+zstd,False,True,60
GSE205982,Mus musculus,Mus musculus,10x_suspect,171540,20844,57180,49506075,0.013846,True,37215026,396131980,10.644,6.014,vocsc+zstd,False,True,21
GSE206015,Mus musculus,Mus musculus,10xv2,171540,376585,57180,18519320,0.000287,True,22936471,149660904,6.525,9.908,vocsc+zstd,False,True,368
GSE206089,Homo sapiens,Homo sapiens,10xv3,115818,12812,38606,17891509,0.012057,True,15759543,143183324,9.085,7.047,vocsc+zstd,False,True,13
GSE206096,Mus musculus,Mus musculus,10x_suspect,171540,25002,57180,43672208,0.010183,True,35732803,349477676,9.78,6.546,vocsc+zstd,False,True,25
GSE206114,Mus musculus,Mus musculus,10x_suspect,171540,3241,57180,17463776,0.031412,True,14511788,139723176,9.628,6.648,vocsc+zstd,False,True,4
GSE206134,Homo sapiens,Homo sapiens,10xv3_5prime,115818,5709,38606,4798402,0.007257,True,5080917,38410056,7.56,8.471,vocsc+zstd,False,True,6
GSE206284,Homo sapiens,Homo sapiens,unknown,115818,87804,38606,16654416,0.001638,True,19393651,133586548,6.888,9.316,vocsc+zstd,False,True,86
GSE206305,Mus musculus,Mus musculus,10xv3,171540,106,57180,383261,0.021078,True,1912814,3066516,1.603,39.927,vocsc+zstd,False,True,1
GSE206306,Homo sapiens,,,115818,8454,38606,15550478,0.015882,True,13118180,124437644,9.486,6.749,vocsc+zstd,False,True,9
GSE206330,Mus musculus,Mus musculus,10xv3,171540,23074,57180,75371848,0.019042,True,59752737,603067084,10.093,6.342,vocsc+zstd,False,True,23
GSE206368,Mus musculus,Mus musculus,10xv3,171540,22535,57180,27466773,0.007105,True,24292407,219824328,9.049,7.075,vocsc+zstd,False,True,23
GSE206391,Homo sapiens,Homo sapiens,10x_suspect,115818,48664,38606,78956378,0.014009,True,64529985,631845684,9.792,6.538,vocsc+zstd,False,True,48
GSE206458,Mus musculus,Mus musculus,10xv2,171540,19607,57180,2520039,0.000749,True,4673691,20238744,4.33,14.837,vocsc+zstd,False,True,20
GSE206507,Homo sapiens,Homo sapiens,10xv2,115818,66143,38606,49698627,0.006488,True,55445138,397853592,7.176,8.925,vocsc+zstd,False,True,65
GSE206621,Homo sapiens,Homo sapiens,10x_suspect,115818,5656,38606,2246056,0.003429,True,3292060,17991076,5.465,11.726,vocsc+zstd,False,True,6
GSE206712,Homo sapiens,Homo sapiens,10xv3,115818,14831,38606,22984012,0.013381,True,18343269,183931424,10.027,6.385,vocsc+zstd,False,True,15
GSE206744,Homo sapiens,Homo sapiens,10xv3,115818,153340,38606,64542111,0.003634,True,63037334,516950252,8.201,7.813,vocsc+zstd,False,True,150
GSE206843,Mus musculus,Mus,10xv3,171540,31357,57180,52599027,0.009779,True,45437957,420917648,9.264,6.911,vocsc+zstd,False,True,31
GSE206844,Mus musculus,Mus musculus,dropseq,171540,7371,57180,11834026,0.009359,True,10554599,94701696,8.973,7.135,vocsc+zstd,False,True,8
GSE206855,Homo sapiens,Homo sapiens,10xv2,115818,6783,38606,52311470,0.066588,True,36718613,418518896,11.398,5.615,vocsc+zstd,False,True,7
GSE206897,Homo sapiens,,,115818,28432,38606,83245933,0.02528,True,62372993,666081196,10.679,5.994,vocsc+zstd,False,True,28
GSE206919,Macaca mulatta,Macaca mulatta,10xv2,106296,14441,35432,54006339,0.035183,True,42744993,432108480,10.109,6.332,vocsc+zstd,False,True,15
GSE206922,Homo sapiens,Homo sapiens,unknown,115818,457,38606,38039,0.000719,True,1019158,306144,0.3,214.34,vocsc+zstd,False,True,1
GSE206940,Mus musculus,,,171540,6730,57180,749173,0.000649,True,2447512,6020308,2.46,26.136,vocsc+zstd,False,True,7
GSE207063,Mus musculus,,,171540,10519,57180,50860348,0.028186,True,36583295,406924864,11.123,5.754,vocsc+zstd,False,True,11
GSE207097,Mus musculus,Mus musculus,10x_suspect,171540,57983,57180,306540165,0.030819,True,219992494,2452553256,11.148,5.741,vocsc+zstd,False,True,57
GSE207139,Mus musculus,Mus musculus,10xv3_5prime,171540,22414,57180,13911208,0.003618,True,13985496,111379324,7.964,8.043,vocsc+zstd,False,True,22
GSE207157,Homo sapiens,,,115818,10555,38606,73987183,0.060523,True,51146685,591939688,11.573,5.53,vocsc+zstd,False,True,11
GSE207200,Rattus norvegicus,Rattus norvegicus,10x_suspect,91686,297578,30562,73811085,0.002705,True,79952284,591678996,7.4,8.666,vocsc+zstd,False,True,291
GSE207249,Mus musculus,Mus musculus,10xv3,171540,4475,57180,6278736,0.008179,True,6799265,50247792,7.39,8.663,vocsc+zstd,False,True,5
GSE207261,Unknown,,,115650,4948,38550,15235917,0.026625,True,13284560,121907132,9.177,6.975,vocsc+zstd,False,True,5
GSE207336,Homo sapiens,Homo sapiens,10xv2,115818,8092,38606,17231640,0.018386,True,13954882,137885492,9.881,6.479,vocsc+zstd,False,True,8
GSE207346,Mus musculus,Mus musculus,10xv3,171540,357467,57180,125721271,0.00205,True,115140602,1007200040,8.748,7.327,vocsc+zstd,False,True,350
GSE207348,Mus musculus,Mus musculus,10x_suspect,171540,8962,57180,28299460,0.018408,True,22363117,226431532,10.125,6.322,vocsc+zstd,False,True,9
GSE207438,Homo sapiens,Homo sapiens,10xv2,115818,18680,38606,13025635,0.006021,True,15340347,104279804,6.798,9.422,vocsc+zstd,False,True,19
GSE207451,Mus musculus,,,171540,952,57180,1297737,0.007947,True,2708807,10385708,3.834,16.699,vocsc+zstd,False,True,1
GSE207480,Mus musculus,Mus musculus,10x_suspect,171540,239597,57180,7432533,0.000181,True,12790596,60418656,4.724,13.767,vocsc+zstd,False,True,234
GSE207485,Mus musculus,Mus musculus,10x_suspect,171540,39150,57180,50840969,0.00757,True,41198442,406884356,9.876,6.483,vocsc+zstd,False,True,39
GSE207534,Unknown,Macaca fascicularis,10xv3,115650,52323,38550,404880664,0.06691,True,297209921,3239254608,10.899,5.873,vocsc+zstd,False,True,52
GSE207630,Homo sapiens,Homo sapiens,10x_suspect,115818,770389,38606,208399377,0.002336,True,183450814,1670276576,9.105,7.042,vocsc+zstd,False,True,753
GSE207687,Mus musculus,Mus musculus,10xv3,171540,25734,57180,113994260,0.025823,True,85201657,912057020,10.705,5.979,vocsc+zstd,False,True,26
GSE207749,Homo sapiens,,,115818,5282,38606,7532581,0.012313,True,7248087,60281780,8.317,7.698,vocsc+zstd,False,True,6
GSE207884,Mus musculus,Mus musculus,10xv3,171540,70522,57180,245920462,0.020328,True,192983127,1967645788,10.196,6.278,vocsc+zstd,False,True,69
GSE207922,Mus musculus,Mus musculus,10x_suspect,171540,7599,57180,40528653,0.031091,True,30916655,324259624,10.488,6.103,vocsc+zstd,False,True,8
GSE207935,Homo sapiens,Homo sapiens,10x_suspect,115818,87882,38606,96857573,0.009516,True,81461083,775212116,9.516,6.728,vocsc+zstd,False,True,86
GSE207938,Mus musculus,,,171540,243111,57180,213966542,0.005131,True,179706229,1712704784,9.531,6.719,vocsc+zstd,False,True,238
GSE207940,Mus musculus,Mus musculus,10xv3,171540,106015,57180,98911741,0.005439,True,80424151,791717992,9.844,6.505,vocsc+zstd,False,True,104
GSE207991,Mus musculus,Mus musculus,10x_suspect,171540,12410,57180,10471535,0.004919,True,10387463,83821924,8.07,7.936,vocsc+zstd,False,True,13
GSE208074,Homo sapiens,Homo sapiens,10xv3,115818,79608,38606,225762335,0.024486,True,180404635,1806417116,10.013,6.393,vocsc+zstd,False,True,78
GSE208178,Gallus gallus,Gallus gallus,10xv3,90324,17662,30108,90986049,0.057034,True,66067752,727959044,11.018,5.809,vocsc+zstd,False,True,18
GSE208195,Homo sapiens,Homo sapiens,10x_suspect,115818,21056,38606,21750584,0.008919,True,18676323,174088900,9.321,6.869,vocsc+zstd,False,True,21
GSE208244,Mus musculus,,,171540,6690,57180,14634969,0.012753,True,13127047,117106516,8.921,7.176,vocsc+zstd,False,True,7
GSE208369,Homo sapiens,Homo sapiens,10xv3,115818,761387,38606,864334448,0.009802,True,687471869,6917721136,10.063,6.363,vocsc+zstd,False,True,744
GSE208418,Homo sapiens,,,115818,92585,38606,116140634,0.010831,True,102314242,929495416,9.085,7.048,vocsc+zstd,False,True,91
GSE208526,Rattus norvegicus,Rattus norvegicus,10x_suspect,91686,23951,30562,57862012,0.026349,True,45832483,462991904,10.102,6.337,vocsc+zstd,False,True,24
GSE208527,Mus musculus,Mus musculus,10xv3,171540,19983,57180,45862720,0.013379,True,35069527,366981696,10.464,6.117,vocsc+zstd,False,True,20
GSE208672,Homo sapiens,Homo sapiens,10xv3,115818,95482,38606,111779440,0.010108,True,91036416,894617452,9.827,6.515,vocsc+zstd,False,True,94
GSE208706,Mus musculus,,,171540,14383,57180,6800458,0.002756,True,8677887,54461200,6.276,10.209,vocsc+zstd,False,True,15
GSE208750,Mus musculus,Mus musculus,dropseq,171540,108252,57180,11034530,0.000594,True,14062815,88709252,6.308,10.195,vocsc+zstd,False,True,106
GSE209592,Mus musculus,Mus musculus,bd_rhapsody,171540,15323,57180,19959937,0.007594,True,18242473,159740792,8.757,7.312,vocsc+zstd,False,True,15
GSE209597,Homo sapiens,Homo sapiens,10xv3,115818,4988,38606,13186476,0.022826,True,10987588,105511764,9.603,6.666,vocsc+zstd,False,True,5
GSE209629,Mus musculus,,,171540,7825,57180,23228942,0.017305,True,19937835,185862840,9.322,6.867,vocsc+zstd,False,True,8
GSE209676,Homo sapiens,Homo sapiens,10xv3_5prime,115818,5511,38606,472710,0.000741,True,1584681,3803728,2.4,26.819,vocsc+zstd,False,True,6
GSE209718,Mus musculus,Mus musculus,10x_suspect,171540,50529,57180,73396847,0.008468,True,57630481,587376896,10.192,6.282,vocsc+zstd,False,True,50
GSE209763,Mus musculus,Mus musculus,10x_suspect,171540,37839,57180,121591464,0.018733,True,91246355,972883072,10.662,6.003,vocsc+zstd,False,True,37
GSE209780,Mus musculus,Mus musculus,10xv3,171540,90006,57180,9910949,0.000642,True,14115018,79647620,5.643,11.393,vocsc+zstd,False,True,88
GSE209819,Mus musculus,Mus musculus,10xv3,171540,8199,57180,51921188,0.036916,True,37869260,415402304,10.969,5.835,vocsc+zstd,False,True,9
GSE209832,Homo sapiens,Homo sapiens,10x_suspect,115818,24605,38606,71261216,0.025007,True,57456102,570188152,9.924,6.45,vocsc+zstd,False,True,25
GSE209947,Homo sapiens,,,115818,18654,38606,21666880,0.010029,True,19680758,173409660,8.811,7.267,vocsc+zstd,False,True,19
GSE210038,Homo sapiens,Homo sapiens,10xv3,115818,119631,38606,254330144,0.018356,True,211370463,2035119680,9.628,6.649,vocsc+zstd,False,True,117
GSE210041,Homo sapiens,Homo sapiens,10xv3,115818,7228,38606,4072683,0.004865,True,3817900,32610380,8.541,7.5,vocsc+zstd,False,True,8
GSE210077,Homo sapiens,Homo sapiens,10xv3,115818,285005,38606,238327207,0.00722,True,208425408,1907757680,9.153,6.996,vocsc+zstd,False,True,279
GSE210139,Mus musculus,Mus musculus,10xv3,171540,17186,57180,48143346,0.01633,True,36957428,385215516,10.423,6.141,vocsc+zstd,False,True,17
GSE210159,Mus musculus,Mus musculus,10x_suspect,171540,34942,57180,57978045,0.009673,True,49028311,463964132,9.463,6.765,vocsc+zstd,False,True,35
GSE210224,Mus musculus,Mus musculus,10xv3,171540,68557,57180,111236930,0.009459,True,95179519,890169672,9.353,6.845,vocsc+zstd,False,True,67
GSE210251,Danio rerio,Danio rerio,10x_atac,97560,12425,32520,20557369,0.016959,True,18509246,164508656,8.888,7.203,vocsc+zstd,False,True,13
GSE210261,Homo sapiens,Homo sapiens,bd_rhapsody,115818,4361,38606,4575353,0.009059,True,5195193,36620272,7.049,9.084,vocsc+zstd,False,True,5
GSE210286,Mus musculus,Mus musculus,10x_suspect,171540,15739,57180,62417189,0.023119,True,51425952,499400472,9.711,6.591,vocsc+zstd,False,True,16
GSE210307,Mus musculus,Mus musculus,10x_suspect,171540,8275,57180,34857873,0.024557,True,26823808,278896088,10.397,6.156,vocsc+zstd,False,True,9
GSE210368,Mus musculus,,,171540,93136,57180,45307832,0.002836,True,44135527,362835204,8.221,7.793,vocsc+zstd,False,True,91
GSE210406,Mus musculus,Mus musculus,10xv3,171540,1524,57180,9696089,0.037089,True,8780863,77574812,8.835,7.245,vocsc+zstd,False,True,2
GSE210415,Mus musculus,Mus musculus,10xv3,171540,43295,57180,163927507,0.022072,True,130067483,1311593240,10.084,6.348,vocsc+zstd,False,True,43
GSE210433,Homo sapiens,Homo sapiens,10x_suspect,115818,270611,38606,95573735,0.003049,True,91383795,765672328,8.379,7.649,vocsc+zstd,False,True,265
GSE210523,Homo sapiens,,,115818,238268,38606,126870603,0.004597,True,114055381,1015917900,8.907,7.192,vocsc+zstd,False,True,233
GSE210572,Mus musculus,Mus musculus,10xv2,171540,450593,57180,62507613,0.000809,True,75181101,501863280,6.675,9.622,vocsc+zstd,False,True,441
GSE210584,Mus musculus,Mus musculus,10x_suspect,171540,57927,57180,386054392,0.038851,True,283263576,3088666848,10.904,5.87,vocsc+zstd,False,True,57
GSE210594,Mus musculus,Mus musculus,10xv3,171540,211989,57180,36814186,0.001012,True,42219590,295361448,6.996,9.175,vocsc+zstd,False,True,208
GSE210645,Mus musculus,,,171540,7862,57180,21114946,0.015656,True,17197604,168951020,9.824,6.516,vocsc+zstd,False,True,8
GSE210664,Homo sapiens,Homo sapiens,10x_suspect,115818,19219,38606,10113835,0.004544,True,10150650,80987560,7.979,8.029,vocsc+zstd,False,True,19
GSE210704,Mus musculus,Mus musculus,10xv3,171540,4227,57180,10677756,0.014726,True,9657041,85438960,8.847,7.235,vocsc+zstd,False,True,5
GSE210735,Mus musculus,Mus musculus,10xv3_5prime,171540,7487,57180,3051309,0.002376,True,4371731,24440424,5.591,11.462,vocsc+zstd,False,True,8
GSE210762,Homo sapiens,Homo sapiens,10xv3,115818,12765,38606,79848481,0.054009,True,53539576,638838912,11.932,5.364,vocsc+zstd,False,True,13
GSE210776,Mus musculus,Mus musculus,unknown_sc,171540,22363,57180,67420839,0.017575,True,53571287,539456168,10.07,6.357,vocsc+zstd,False,True,22
GSE210789,Mus musculus,,,171540,242100,57180,388104988,0.009345,True,293423502,3105808308,10.585,6.048,vocsc+zstd,False,True,237
GSE210795,Mus musculus,Mus musculus,10x_suspect,171540,14899,57180,21437770,0.008388,True,18114245,171561760,9.471,6.76,vocsc+zstd,False,True,15
GSE210825,Mus musculus,Mus musculus,10x_suspect,171540,15361,57180,84572896,0.032096,True,67355640,676644616,10.046,6.371,vocsc+zstd,False,True,16
GSE210889,Homo sapiens,Homo sapiens,10xv3,115818,275629,38606,308406331,0.009661,True,254416217,2468353168,9.702,6.6,vocsc+zstd,False,True,270
GSE210941,Danio rerio,,,97560,41103,32520,106127493,0.026466,True,83164215,849184360,10.211,6.269,vocsc+zstd,False,True,41
GSE210955,Homo sapiens,Homo sapiens,10x_suspect,115818,13879,38606,5122052,0.003186,True,6037261,41031936,6.796,9.429,vocsc+zstd,False,True,14
GSE210956,Homo sapiens,Homo sapiens,10xv2,115818,725,38606,2147559,0.025576,True,2854115,17183376,6.021,10.632,vocsc+zstd,False,True,1
GSE211036,Homo sapiens,,,115818,4388,38606,22153667,0.043592,True,16784941,177246892,10.56,6.061,vocsc+zstd,False,True,5
GSE211102,Mus musculus,Mus musculus,10xv3,171540,9728,57180,21829995,0.013082,True,17565555,174678876,9.944,6.437,vocsc+zstd,False,True,10
GSE211191,Macaca mulatta,,,106296,130434,35432,174508741,0.012587,True,152787346,1396591668,9.141,7.004,vocsc+zstd,False,True,128
GSE211216,Mus musculus,Mus musculus,10xv3,171540,7666,57180,13532188,0.01029,True,12485185,108288172,8.673,7.381,vocsc+zstd,False,True,8
GSE211242,Mus musculus,Mus musculus,10xv3_5prime,171540,7464,57180,1529846,0.001195,True,3231251,12268628,3.797,16.897,vocsc+zstd,False,True,8
GSE211257,Mus musculus,Mus musculus,10x_suspect,171540,77212,57180,163753074,0.012363,True,133965364,1310333444,9.781,6.545,vocsc+zstd,False,True,76
GSE211279,Mus musculus,Mus musculus,10x_suspect,171540,12320,57180,53448964,0.025291,True,42698432,427640996,10.015,6.391,vocsc+zstd,False,True,13
GSE211335,Mus musculus,Mus musculus,10xv3,171540,48452,57180,67217646,0.008087,True,58095650,537934980,9.259,6.914,vocsc+zstd,False,True,48
GSE211396,Danio rerio,Danio rerio,10x_suspect,97560,44332,32520,102113952,0.02361,True,87614770,817088948,9.326,6.864,vocsc+zstd,False,True,44
GSE211400,Homo sapiens,Homo sapiens,10xv3_5prime,115818,45580,38606,7936182,0.001503,True,9699279,63671780,6.565,9.777,vocsc+zstd,False,True,45
GSE211407,Rattus norvegicus,Rattus norvegicus,10xv3,91686,130365,30562,488651376,0.040882,True,361418231,3909732472,10.818,5.917,vocsc+zstd,False,True,128
GSE211428,Unknown,Bos taurus,10xv3,108225,71001,36075,233310875,0.030363,True,170851278,1866771008,10.926,5.858,vocsc+zstd,False,True,70
GSE211429,Homo sapiens,Homo sapiens,10xv3,115818,69883,38606,50516471,0.006241,True,42055736,404411304,9.616,6.66,vocsc+zstd,False,True,69
GSE211511,Mus musculus,Mus musculus,10xv3,171540,539,57180,933828,0.0101,True,2282911,7472784,3.273,19.557,vocsc+zstd,False,True,1
GSE211575,Mus musculus,Mus musculus,dropseq,171540,212793,57180,47046647,0.001289,True,52659949,377224352,7.163,8.955,vocsc+zstd,False,True,208
GSE211593,Homo sapiens,Homo sapiens,seqwell,115818,30128,38606,6804603,0.00195,True,8212842,54557340,6.643,9.656,vocsc+zstd,False,True,30
GSE211661,Homo sapiens,,,115818,48520,38606,78489031,0.013967,True,62140096,628106332,10.108,6.334,vocsc+zstd,False,True,48
GSE211713,Mus musculus,Mus musculus,10xv3,171540,118966,57180,230379599,0.011289,True,192270824,1843512660,9.588,6.677,vocsc+zstd,False,True,117
GSE211727,Mus musculus,Mus musculus,10xv3,171540,28450,57180,21483814,0.004402,True,18924492,171984316,9.088,7.047,vocsc+zstd,False,True,28
GSE211728,Danio rerio,Danio rerio,10x_multiome,97560,7284,32520,16404094,0.023084,True,15168663,131261892,8.653,7.398,vocsc+zstd,False,True,8
GSE211757,Mus musculus,Mus musculus,10xv3,171540,1127821,57180,314381113,0.001625,True,313410813,2519560192,8.039,7.975,vocsc+zstd,False,True,1102
GSE211795,Mus musculus,,,171540,18290,57180,123685872,0.039422,True,87056231,989560140,11.367,5.631,vocsc+zstd,False,True,18
GSE211796,Mus musculus,,,171540,17921,57180,88634359,0.028832,True,62263979,709146560,11.389,5.62,vocsc+zstd,False,True,18
GSE211810,Mus musculus,,,171540,63730,57180,186044708,0.017018,True,151489169,1488612588,9.827,6.514,vocsc+zstd,False,True,63
GSE211819,Mus musculus,,,171540,32081,57180,131681515,0.023928,True,96590995,1053580448,10.908,5.868,vocsc+zstd,False,True,32
GSE211956,Homo sapiens,Homo sapiens,10xv2,115818,50006,38606,82409095,0.014229,True,67889191,659472788,9.714,6.59,vocsc+zstd,False,True,49
GSE211970,Homo sapiens,Homo sapiens,10xv3,115818,322138,38606,268292752,0.007191,True,222269543,2147630572,9.662,6.628,vocsc+zstd,False,True,315
GSE212038,Homo sapiens,Homo sapiens,10xv3,115818,32925,38606,44579413,0.01169,True,37281966,356767008,9.569,6.69,vocsc+zstd,False,True,33
GSE212039,Mus musculus,,,171540,93239,57180,27336362,0.001709,True,28421963,219063856,7.708,8.318,vocsc+zstd,False,True,92
GSE212050,Mus musculus,Mus musculus,10xv3,171540,142043,57180,249885523,0.010255,True,183918929,1999652360,10.872,5.888,vocsc+zstd,False,True,139
GSE212078,Mus musculus,Mus musculus,10xv3,171540,49980,57180,151259427,0.017643,True,117551047,1210275340,10.296,6.217,vocsc+zstd,False,True,49
GSE212159,Mus musculus,Mus musculus; synthetic construct,10xv3,171540,4172,57180,25475721,0.035597,True,20171485,203822460,10.104,6.334,vocsc+zstd,False,True,5
GSE212183,Mus musculus,Mus musculus,10x_suspect,171540,57648,57180,97361402,0.009845,True,79849376,779121812,9.757,6.561,vocsc+zstd,False,True,57
GSE212224,Mus musculus,,,171540,523687,57180,56141603,0.000625,True,73234454,451227576,6.161,10.436,vocsc+zstd,False,True,512
GSE212244,Homo sapiens,Homo sapiens,10xv3,115818,17161,38606,116185283,0.058456,True,89791548,929550912,10.352,6.183,vocsc+zstd,False,True,17
GSE212273,Mus musculus,Mus musculus,10x_suspect,171540,16936,57180,11232152,0.003866,True,11623802,89924964,7.736,8.279,vocsc+zstd,False,True,17
GSE212275,Homo sapiens,Homo sapiens,10x_suspect,115818,13580,38606,21802892,0.013862,True,17656572,174477460,9.882,6.479,vocsc+zstd,False,True,14
GSE212308,Mus musculus,,,171540,1130,57180,1764846,0.009105,True,2915585,14123292,4.844,13.216,vocsc+zstd,False,True,2
GSE212341,Homo sapiens,Homo sapiens,10x_suspect,115818,3562,38606,24158060,0.058559,True,19111036,193278732,10.113,6.329,vocsc+zstd,False,True,4
GSE212351,Mus musculus,Mus musculus,10x_suspect,171540,245120,57180,105164499,0.002501,True,96734858,842296476,8.707,7.359,vocsc+zstd,False,True,240
GSE212371,Mus musculus,,,171540,7633,57180,24625055,0.018807,True,19630190,197030976,10.037,6.377,vocsc+zstd,False,True,8
GSE212402,Mus musculus,Mus musculus,10xv3,171540,16169,57180,42567434,0.015347,True,35425393,340604152,9.615,6.658,vocsc+zstd,False,True,16
GSE212409,Mus musculus,Mus musculus,10xv3,171540,8456,57180,1312636,0.000905,True,3076318,10534916,3.425,18.749,vocsc+zstd,False,True,9
GSE212415,Rattus norvegicus,,,91686,707508,30562,360052575,0.00555,True,317782359,2883250636,9.073,7.061,vocsc+zstd,False,True,691
GSE212446,Mus musculus,Mus musculus,10xv3,171540,3781,57180,23409891,0.036093,True,18945508,187294256,9.886,6.474,vocsc+zstd,False,True,4
GSE212453,Mus musculus,,,171540,47137,57180,56642374,0.007005,True,49406778,453327544,9.175,6.978,vocsc+zstd,False,True,47
GSE212480,Mus musculus,Mus musculus,10xv3,171540,405579,57180,382153236,0.005493,True,308410920,3058848208,9.918,6.456,vocsc+zstd,False,True,397
GSE212491,Mus musculus,Mus musculus,dropseq,171540,97,57180,307431,0.018476,True,1784524,2459840,1.378,46.437,vocsc+zstd,False,True,1
GSE212505,Homo sapiens,Homo sapiens,10xv3,115818,332998,38606,115942220,0.003006,True,116329478,928869756,7.985,8.027,vocsc+zstd,False,True,326
GSE212527,Homo sapiens,Homo sapiens,10xv3,115818,7201,38606,25982439,0.031154,True,20628246,207888320,10.078,6.351,vocsc+zstd,False,True,8
GSE212534,Mus musculus,Mus musculus,10xv3,171540,32345,57180,184898371,0.033324,True,130150379,1479316352,11.366,5.631,vocsc+zstd,False,True,32
GSE212578,Homo sapiens,,,115818,32320,38606,102862134,0.027479,True,76557377,823026356,10.75,5.954,vocsc+zstd,False,True,32
GSE212616,Mus musculus,Mus musculus,10xv3_5prime,171540,53797,57180,32365724,0.003507,True,31088327,259140984,8.336,7.684,vocsc+zstd,False,True,53
GSE212658,Homo sapiens,Homo sapiens; Mus musculus,10x_suspect,115818,64487,38606,70815787,0.009482,True,61243029,566784248,9.255,6.919,vocsc+zstd,False,True,63
GSE212701,Mus musculus,Mus musculus,10xv3,171540,4486,57180,1446150,0.001879,True,2974806,11587148,3.895,16.456,vocsc+zstd,False,True,5
GSE212721,Homo sapiens,Homo sapiens,10xv2,115818,29257,38606,20684821,0.006104,True,19703806,165595600,8.404,7.621,vocsc+zstd,False,True,29
GSE212826,Unknown,Arabidopsis thaliana,10xv3,98499,71517,98499,60709671,0.008618,True,49868358,485963440,9.745,6.571,vocsc+zstd,False,True,70
GSE212837,Homo sapiens,Mus musculus; Homo sapiens,10xv3,115818,478606,38606,573345948,0.010343,True,486508748,4588682012,9.432,6.788,vocsc+zstd,False,True,468
GSE212940,Mus musculus,Mus musculus,10xv2,171540,22107,57180,12951124,0.003415,True,13751605,103697424,7.541,8.494,vocsc+zstd,False,True,22
GSE212964,Homo sapiens,,,115818,253834,38606,122999901,0.004184,True,120224974,985014548,8.193,7.82,vocsc+zstd,False,True,248
GSE213047,Homo sapiens,Homo sapiens,10xv3,115818,6572,38606,1738277,0.002284,True,2768758,13932508,5.032,12.743,vocsc+zstd,False,True,7
GSE213085,Unknown,Macaca fascicularis,10x_suspect,115650,30496,38550,91769354,0.02602,True,72871886,734276820,10.076,6.353,vocsc+zstd,False,True,30
GSE213096,Homo sapiens,Homo sapiens,10xv3,115818,41511,38606,225330490,0.046868,True,169089542,1802809968,10.662,6.003,vocsc+zstd,False,True,41
GSE213165,Mus musculus,Mus musculus,10xv3,171540,1526,57180,5024068,0.019193,True,5808645,40198652,6.92,9.249,vocsc+zstd,False,True,2
GSE213195,Mus musculus,Mus musculus,10x_suspect,171540,8967,57180,75782834,0.049267,True,55974360,606298544,10.832,5.909,vocsc+zstd,False,True,9
GSE213240,Rattus norvegicus,Rattus norvegicus,10xv3,91686,52068,30562,232708768,0.048746,True,177660644,1861878420,10.48,6.108,vocsc+zstd,False,True,51
GSE213243,Homo sapiens,Homo sapiens,10xv3,115818,40090,38606,131251273,0.028268,True,105730090,1050170548,9.933,6.444,vocsc+zstd,False,True,40
GSE213330,Homo sapiens,Homo sapiens,10xv3,115818,247142,38606,222474470,0.007772,True,187866139,1780784332,9.479,6.756,vocsc+zstd,False,True,242
GSE213424,Mus musculus,Mus musculus,10xv3,171540,18420,57180,110196106,0.034875,True,78761088,881642532,11.194,5.718,vocsc+zstd,False,True,18
GSE213435,Danio rerio,Danio rerio,10xv3,97560,8419,32520,31012852,0.037758,True,27675619,248136496,8.966,7.139,vocsc+zstd,False,True,9
GSE213446,Mus musculus,Mus musculus,10x_suspect,171540,1128261,57180,618475117,0.003196,True,585517813,4952313984,8.458,7.574,vocsc+zstd,False,True,1102
GSE213452,Homo sapiens,Homo sapiens,10x_suspect,115818,98784,38606,511037051,0.044667,True,399124314,4088691548,10.244,6.248,vocsc+zstd,False,True,97
GSE213462,Homo sapiens,Homo sapiens,parse,115818,42824,38606,13537341,0.002729,True,14484907,108470028,7.488,8.56,vocsc+zstd,False,True,42
GSE213470,Mus musculus,Mus musculus,10xv2,171540,34342,57180,55681340,0.009452,True,44395736,445588092,10.037,6.379,vocsc+zstd,False,True,34
GSE213569,Homo sapiens,Homo sapiens,10xv3,115818,3589,38606,3825591,0.009203,True,4100154,30619088,7.468,8.574,vocsc+zstd,False,True,4
GSE213604,Mus musculus,Mus musculus,10xv3,171540,225105,57180,42283109,0.001095,True,46347734,339165296,7.318,8.769,vocsc+zstd,False,True,220
GSE213670,Mus musculus,Homo sapiens; Mus musculus,unknown,171540,21762,57180,102176146,0.027371,True,84099673,817496220,9.721,6.585,vocsc+zstd,False,True,22
GSE213739,Mus musculus,Mus musculus,10x_suspect,171540,28849,57180,35712612,0.007216,True,31654150,285816296,9.029,7.091,vocsc+zstd,False,True,29
GSE213740,Homo sapiens,Homo sapiens,10x_suspect,115818,105908,38606,467948365,0.03815,True,366216108,3744010556,10.224,6.261,vocsc+zstd,False,True,104
GSE213755,Mus musculus,Mus musculus,10x_suspect,171540,4771,57180,37036091,0.045253,True,29747448,296307816,9.961,6.426,vocsc+zstd,False,True,5
GSE213835,Homo sapiens,Homo sapiens,10xv3,115818,72180,38606,148064995,0.017712,True,117765121,1184808684,10.061,6.363,vocsc+zstd,False,True,71
GSE213849,Homo sapiens,Homo sapiens,10xv3,115818,14890,38606,26290725,0.015245,True,22645761,210385364,9.29,6.891,vocsc+zstd,False,True,15
GSE213893,Mus musculus,,,171540,16466,57180,55223440,0.019551,True,45413046,441853388,9.73,6.579,vocsc+zstd,False,True,17
GSE213894,Mus musculus,,,171540,24930,57180,82377117,0.019263,True,64665914,659116660,10.193,6.28,vocsc+zstd,False,True,25
GSE213972,Homo sapiens,Homo sapiens,10x_suspect,115818,15909,38606,13786757,0.007482,True,12458014,110357696,8.858,7.229,vocsc+zstd,False,True,16
GSE213982,Homo sapiens,Homo sapiens,10xv3,115818,106591,38606,219041813,0.017743,True,171985224,1752760872,10.191,6.281,vocsc+zstd,False,True,105
GSE214014,Mus musculus,Mus musculus,10x_suspect,171540,71349,57180,15764425,0.001288,True,18885585,126400800,6.693,9.584,vocsc+zstd,False,True,70
GSE214024,Mus musculus,,,171540,21778,57180,71476055,0.019133,True,54680910,571895556,10.459,6.12,vocsc+zstd,False,True,22
GSE214231,Homo sapiens,Homo sapiens,10xv3,115818,42411,38606,316666081,0.064468,True,223335316,2533498296,11.344,5.642,vocsc+zstd,False,True,42
GSE214273,Mus musculus,Mus musculus,10x_suspect,171540,2206,57180,4490573,0.011867,True,5276468,35933412,6.81,9.4,vocsc+zstd,False,True,3
GSE214283,Homo sapiens,,,115818,516930,38606,1669338568,0.027883,True,1299239741,13356776268,10.28,6.226,vocsc+zstd,False,True,505
GSE214288,Homo sapiens,,,115818,28850,38606,35143634,0.010518,True,29788759,281264476,9.442,6.781,vocsc+zstd,False,True,29
GSE214289,Homo sapiens,Homo sapiens,10xv3,115818,771298,38606,53026741,0.000594,True,62330262,427299124,6.855,9.404,vocsc+zstd,False,True,754
GSE214326,Mus musculus,Mus musculus,10xv3,171540,45077,57180,96582516,0.01249,True,75291882,772840440,10.265,6.236,vocsc+zstd,False,True,45
GSE214348,Mus musculus,Mus musculus,10xv3_5prime,171540,58094,57180,45968871,0.004613,True,46637680,367983348,7.89,8.116,vocsc+zstd,False,True,57
GSE214407,Unknown,Bos taurus,10x_suspect,108225,346738,36075,233056774,0.006211,True,209152691,1865841148,8.921,7.179,vocsc+zstd,False,True,339
GSE214413,Mus musculus,,,171540,202955,57180,201636571,0.005792,True,173854455,1613904392,9.283,6.898,vocsc+zstd,False,True,199
GSE214441,Mus musculus,Mus musculus,unknown,171540,9350,57180,21237563,0.013241,True,17863327,169937908,9.513,6.729,vocsc+zstd,False,True,10
GSE214469,Homo sapiens,Homo sapiens,10x_suspect,115818,793290,38606,733054914,0.007979,True,632234072,5867612476,9.281,6.9,vocsc+zstd,False,True,775
GSE214485,Mus musculus,,,171540,22853,57180,13721342,0.0035,True,14200698,109862152,7.736,8.279,vocsc+zstd,False,True,23
GSE214497,Mus musculus,Mus musculus,10xv3,171540,46472,57180,42220277,0.005296,True,38378661,337948108,8.806,7.272,vocsc+zstd,False,True,46
GSE214508,Homo sapiens,,,115818,43635,38606,216588112,0.042857,True,149408552,1732879440,11.598,5.519,vocsc+zstd,False,True,43
GSE214524,Mus musculus,Mus musculus,10x_suspect,171540,48553,57180,76167270,0.009145,True,63148746,609532376,9.652,6.633,vocsc+zstd,False,True,48
GSE214584,Mus musculus,Mus musculus,10x_suspect,171540,7715,57180,26949857,0.020364,True,20994905,215629720,10.271,6.232,vocsc+zstd,False,True,8
GSE214651,Mus musculus,Mus musculus,10xv3,171540,13020,57180,54293621,0.024309,True,42461171,434401052,10.231,6.257,vocsc+zstd,False,True,13
GSE214695,Homo sapiens,Homo sapiens,10xv3,115818,45990,38606,96799127,0.018173,True,82956211,774576980,9.337,6.856,vocsc+zstd,False,True,45
GSE214700,Homo sapiens,Homo sapiens,10xv3,115818,125587,38606,232891493,0.016012,True,176136216,1863634296,10.581,6.05,vocsc+zstd,False,True,123
GSE214717,Mus musculus,,,171540,5109,57180,23592000,0.026919,True,19255391,188756440,9.803,6.529,vocsc+zstd,False,True,5
GSE214747,Mus musculus,Mus musculus,10xv3_5prime,171540,41069,57180,26958449,0.003827,True,26601067,215831872,8.114,7.894,vocsc+zstd,False,True,41
GSE214759,Mus musculus,Mus musculus,10xv3,171540,191903,57180,82069718,0.002493,True,79885397,657325360,8.228,7.787,vocsc+zstd,False,True,188
GSE214821,Mus musculus,Mus musculus,10xv3,171540,612521,57180,179552495,0.001709,True,171243952,1438870048,8.402,7.63,vocsc+zstd,False,True,599
GSE214827,Homo sapiens,Homo sapiens,dropseq,115818,1466,38606,5774223,0.034008,True,5177965,46199652,8.922,7.174,vocsc+zstd,False,True,2
GSE214906,Homo sapiens,Homo sapiens,10xv2,115818,1100,38606,3807636,0.029887,True,4152695,30465492,7.336,8.725,vocsc+zstd,False,True,2
GSE214933,Mus musculus,Mus musculus,10xv3,171540,9717,57180,14259951,0.008555,True,13282905,114118480,8.591,7.452,vocsc+zstd,False,True,10
GSE214983,Mus musculus,Mus musculus,10xv3,171540,149608,57180,49068686,0.001912,True,48558986,393147924,8.096,7.917,vocsc+zstd,False,True,147
GSE214996,Mus musculus,Mus musculus,10xv3,171540,12769,57180,120504847,0.055015,True,86277260,964089856,11.174,5.728,vocsc+zstd,False,True,13
GSE215094,Mus musculus,Mus musculus,10xv3,171540,8137,57180,22197271,0.015903,True,18379258,177610720,9.664,6.624,vocsc+zstd,False,True,8
GSE215189,Danio rerio,Danio rerio,10xv2,97560,5954,32520,18852459,0.032455,True,16686747,150843492,9.04,7.081,vocsc+zstd,False,True,6
GSE215195,Mus musculus,Mus musculus,10xv3,171540,21590,57180,66631250,0.017991,True,55165730,533136364,9.664,6.623,vocsc+zstd,False,True,22
GSE215253,Homo sapiens,Mus musculus; Homo sapiens,10xv3,115818,379651,38606,1644156077,0.037392,True,1196083314,13154767224,10.998,5.82,vocsc+zstd,False,True,371
GSE215272,Mus musculus,Mus musculus,10xv2,171540,5247,57180,10758067,0.011952,True,9848412,86085528,8.741,7.324,vocsc+zstd,False,True,6
GSE215299,Mus musculus,Mus musculus,10x_suspect,171540,88763,57180,284385116,0.018677,True,218402439,2275435984,10.419,6.144,vocsc+zstd,False,True,87
GSE215324,Mus musculus,Mus musculus,10xv3,171540,30540,57180,33153968,0.006329,True,29800663,265353908,8.904,7.191,vocsc+zstd,False,True,30
GSE215376,Homo sapiens,Homo sapiens,10xv3,115818,72936,38606,7565176,0.000896,True,9539064,60813156,6.375,10.087,vocsc+zstd,False,True,72
GSE215388,Mus musculus,Mus musculus,10xv3,171540,5839,57180,32503190,0.032451,True,26326315,260048880,9.878,6.48,vocsc+zstd,False,True,6
GSE215441,Mus musculus,Mus musculus,10x_suspect,171540,2428,57180,351221,0.000843,True,1970181,2819484,1.431,44.876,vocsc+zstd,False,True,3
GSE215639,Mus musculus,Mus musculus,10xv3,171540,67136,57180,175088075,0.015203,True,130361988,1400973148,10.747,5.956,vocsc+zstd,False,True,66
GSE215842,Homo sapiens,,,115818,50176,38606,51795912,0.008913,True,41905795,414568004,9.893,6.472,vocsc+zstd,False,True,49
GSE215908,Homo sapiens,Homo sapiens,10xv3,115818,77045,38606,28009429,0.003139,True,25503767,224383616,8.798,7.284,vocsc+zstd,False,True,76
GSE215922,Homo sapiens,Mus musculus; Homo sapiens,10xv3,115818,10383,38606,19885997,0.016537,True,17216756,159129512,9.243,6.926,vocsc+zstd,False,True,11
GSE215943,Homo sapiens,Homo sapiens,10x_suspect,115818,26303,38606,149891267,0.049203,True,104339783,1199235352,11.494,5.569,vocsc+zstd,False,True,26
GSE215965,Homo sapiens,Homo sapiens,10x_suspect,115818,18040,38606,75111583,0.03595,True,55741332,600964828,10.781,5.937,vocsc+zstd,False,True,18
GSE215977,Mus musculus,Mus musculus,10xv3,171540,5992,57180,2923158,0.002844,True,4211567,23409236,5.558,11.526,vocsc+zstd,False,True,6
GSE215992,Mus musculus,Mus musculus,10xv3,171540,13879,57180,62003847,0.026043,True,48528574,496086296,10.223,6.261,vocsc+zstd,False,True,14
GSE216033,Unknown,Sus scrofa,10xv3,107010,27904,35670,73851877,0.024733,True,58240968,590926636,10.146,6.309,vocsc+zstd,False,True,28
GSE216064,Homo sapiens,Homo sapiens,10xv3,115818,6864,38606,27256359,0.034286,True,22966371,218078332,9.496,6.741,vocsc+zstd,False,True,7
GSE216086,Mus musculus,,,171540,49796,57180,52024812,0.00609,True,45560512,416397684,9.139,7.006,vocsc+zstd,False,True,49
GSE216158,Mus musculus,Mus musculus,10xv3,171540,5341,57180,21726647,0.023714,True,19419717,173834544,8.951,7.151,vocsc+zstd,False,True,6
GSE216187,Homo sapiens,Homo sapiens,10xv3,115818,11169,38606,44370108,0.0343,True,35528760,355005544,9.992,6.406,vocsc+zstd,False,True,11
GSE216189,Mus musculus,Homo sapiens; Mus musculus,bd_rhapsody,171540,31795,57180,16824105,0.003085,True,16319836,134720024,8.255,7.76,vocsc+zstd,False,True,32
GSE216219,Mus musculus,Mus musculus,10x_suspect,171540,2629,57180,9640349,0.021377,True,8752892,77133312,8.812,7.264,vocsc+zstd,False,True,3
GSE216229,Mus musculus,Mus musculus,10x_suspect,171540,92585,57180,46974679,0.002958,True,40935490,376167776,9.189,6.971,vocsc+zstd,False,True,91
GSE216236,Mus musculus,Mus musculus,10x_suspect,171540,17165,57180,16088280,0.005464,True,14950121,128774904,8.614,7.434,vocsc+zstd,False,True,17
GSE216329,Homo sapiens,Homo sapiens,10xv3,115818,810607,38606,251930219,0.002683,True,255928270,2018684184,7.888,8.127,vocsc+zstd,False,True,792
GSE216336,Mus musculus,Mus musculus,10x_suspect,171540,142205,57180,61541548,0.002523,True,58534062,492901208,8.421,7.609,vocsc+zstd,False,True,139
GSE216347,Mus musculus,Mus musculus,10xv3_5prime,171540,59619,57180,38288703,0.003744,True,36192521,306548104,8.47,7.562,vocsc+zstd,False,True,59
GSE216357,Homo sapiens,Homo sapiens,10xv3,115818,107247,38606,254558567,0.020494,True,197106918,2036897528,10.334,6.194,vocsc+zstd,False,True,105
GSE216364,Homo sapiens,,,115818,81523,38606,126271847,0.013374,True,99949226,1010500872,10.11,6.332,vocsc+zstd,False,True,80
GSE216389,Mus musculus,Mus musculus,10x_suspect,171540,42598,57180,152005979,0.020802,True,111685816,1216218228,10.89,5.878,vocsc+zstd,False,True,42
GSE216390,Mus musculus,Mus musculus,10x_suspect,171540,4668,57180,2723430,0.003401,True,4032900,21806116,5.407,11.847,vocsc+zstd,False,True,5
GSE216431,Mus musculus,Mus musculus,10xv2,171540,17066,57180,16431046,0.005613,True,15580966,131516636,8.441,7.586,vocsc+zstd,False,True,17
GSE216486,Homo sapiens,,,115818,10894,38606,9844514,0.007802,True,9954012,78799692,7.916,8.089,vocsc+zstd,False,True,11
GSE216534,Homo sapiens,Homo sapiens,10x_suspect,115818,6532,38606,1323008,0.001749,True,2357991,10610196,4.5,14.258,vocsc+zstd,False,True,7
GSE216573,Mus musculus,Mus musculus,10xv3,171540,44507,57180,56002076,0.007335,True,47353654,448194640,9.465,6.765,vocsc+zstd,False,True,44
GSE216578,Homo sapiens,Homo sapiens,10xv3,115818,71316,38606,320432986,0.038795,True,238722792,2563749156,10.739,5.96,vocsc+zstd,False,True,70
GSE216599,Mus musculus,,,171540,10541,57180,23965929,0.013254,True,23433941,191769600,8.183,7.822,vocsc+zstd,False,True,11
GSE216608,Mus musculus,Mus musculus,10xv3,171540,87204,57180,14746408,0.000986,True,18335051,118320084,6.453,9.947,vocsc+zstd,False,True,86
GSE216648,Danio rerio,,,97560,749,32520,1534808,0.021004,True,2183552,12281464,5.625,11.381,vocsc+zstd,False,True,1
GSE216651,Homo sapiens,Homo sapiens,10x_suspect,115818,103641,38606,92574272,0.007712,True,82558793,741008744,8.976,7.134,vocsc+zstd,False,True,102
GSE216665,Rattus norvegicus,Rattus norvegicus,10xv2,91686,112715,30562,193678390,0.018741,True,162605591,1549877984,9.532,6.717,vocsc+zstd,False,True,111
GSE216704,Homo sapiens,,,115818,142945,38606,362387674,0.021889,True,286397984,2899673176,10.125,6.322,vocsc+zstd,False,True,140
GSE216717,Mus musculus,Mus musculus,unknown,171540,12407,57180,33625183,0.015799,True,28442585,269051096,9.459,6.767,vocsc+zstd,False,True,13
GSE216723,Mus musculus,,,171540,7674,57180,22377782,0.016999,True,17825700,179052956,10.045,6.373,vocsc+zstd,False,True,8
GSE216836,Mus musculus,Mus musculus,10xv3,171540,87095,57180,260003708,0.017403,True,203503225,2080378048,10.223,6.262,vocsc+zstd,False,True,86
GSE216860,Homo sapiens,Homo sapiens,10x_suspect,115818,58979,38606,225030865,0.032943,True,177142644,1800482840,10.164,6.298,vocsc+zstd,False,True,58
GSE216883,Homo sapiens,,,115818,12463,38606,5905103,0.004091,True,6518772,47290680,7.255,8.831,vocsc+zstd,False,True,13
GSE216963,Homo sapiens,Homo sapiens,10xv3,115818,59823,38606,92959331,0.013417,True,80599482,743913944,9.23,6.936,vocsc+zstd,False,True,59
GSE216999,Homo sapiens,Homo sapiens,10xv3,115818,169180,38606,494722503,0.025249,True,372332563,3958456748,10.632,6.021,vocsc+zstd,False,True,166
GSE217000,Mus musculus,Mus musculus,10x_suspect,171540,168165,57180,43302231,0.001501,True,48622098,347090512,7.139,8.983,vocsc+zstd,False,True,165
GSE217056,Mus musculus,,,171540,13946,57180,77817963,0.032529,True,60861427,622599492,10.23,6.257,vocsc+zstd,False,True,14
GSE217093,Mus musculus,Mus musculus,10xv3,171540,80363,57180,131081967,0.009509,True,105993744,1048977192,9.897,6.469,vocsc+zstd,False,True,79
GSE217121,Mus musculus,Mus musculus,10xv3,171540,75561,57180,8859058,0.000683,True,12063871,71174712,5.9,10.894,vocsc+zstd,False,True,74
GSE217235,Homo sapiens,Homo sapiens,10xv2,115818,8102,38606,19387569,0.020661,True,15780116,155132964,9.831,6.511,vocsc+zstd,False,True,8
GSE217244,Homo sapiens,Homo sapiens,10x_suspect,115818,76864,38606,91361435,0.010263,True,79919277,731198940,9.149,6.998,vocsc+zstd,False,True,76
GSE217245,Homo sapiens,Homo sapiens,10xv3_5prime,115818,80402,38606,32259956,0.003464,True,33191910,258401260,7.785,8.231,vocsc+zstd,False,True,79
GSE217357,Homo sapiens,Homo sapiens,10xv3,115818,18493,38606,1331281,0.000622,True,2738079,10724224,3.917,16.454,vocsc+zstd,False,True,19
GSE217380,Drosophila melanogaster,Drosophila melanogaster,10xv3,72834,4187,24278,13668547,0.044821,True,10170989,109365128,10.753,5.953,vocsc+zstd,False,True,5
GSE217390,Mus musculus,Mus musculus,10xv3,171540,27300,57180,12454261,0.002659,True,13367057,99743292,7.462,8.586,vocsc+zstd,False,True,27
GSE217472,Mus musculus,,,171540,38283,57180,34368140,0.005233,True,29355115,275098256,9.371,6.833,vocsc+zstd,False,True,38
GSE217508,Homo sapiens,Mus musculus; Homo sapiens,10xv3_5prime,115818,4847,38606,8502924,0.015147,True,8003353,68042784,8.502,7.53,vocsc+zstd,False,True,5
GSE217595,Mus musculus,Mus musculus,10xv3,171540,10682,57180,26191270,0.014293,True,21342448,209572892,9.82,6.519,vocsc+zstd,False,True,11
GSE217597,Mus musculus,Mus musculus,10xv3,171540,12279,57180,17302864,0.008215,True,14493790,138472032,9.554,6.701,vocsc+zstd,False,True,12
GSE217603,Homo sapiens,Homo sapiens,10x_suspect,115818,23919,38606,61114126,0.022061,True,55729999,489008688,8.775,7.295,vocsc+zstd,False,True,24
GSE217686,Mus musculus,Mus musculus,10xv3,171540,54604,57180,86076920,0.00919,True,69615142,688833780,9.895,6.47,vocsc+zstd,False,True,54
GSE217689,Homo sapiens,Homo sapiens,10xv3,115818,27691,38606,23300970,0.007265,True,20520330,186518528,9.089,7.045,vocsc+zstd,False,True,28
GSE217720,Homo sapiens,Homo sapiens; Mus musculus,10x_suspect,115818,10331,38606,13750980,0.011493,True,12855819,110049168,8.56,7.479,vocsc+zstd,False,True,11
GSE217779,Homo sapiens,,,115818,11184,38606,77138515,0.059552,True,51845154,617152860,11.904,5.377,vocsc+zstd,False,True,11
GSE217806,Mus musculus,,,171540,8334,57180,3495564,0.002445,True,4871060,27997852,5.748,11.148,vocsc+zstd,False,True,9
GSE217828,Mus musculus,Mus musculus,10xv3,171540,11264,57180,45337184,0.023464,True,37023075,362742532,9.798,6.533,vocsc+zstd,False,True,11
GSE217847,Mus musculus,,,171540,26024,57180,71183594,0.015946,True,52782466,569572852,10.791,5.932,vocsc+zstd,False,True,26
GSE217906,Homo sapiens,Homo sapiens,10xv3,115818,2558,38606,1992401,0.006725,True,3339119,15949444,4.777,13.407,vocsc+zstd,False,True,3
GSE217947,Mus musculus,,,171540,2911,57180,18243293,0.036534,True,15088012,145957992,9.674,6.616,vocsc+zstd,False,True,3
GSE217985,Mus musculus,,,171540,21803,57180,9830346,0.002628,True,11142516,78729984,7.066,9.068,vocsc+zstd,False,True,22
GSE218022,Homo sapiens,Homo sapiens,10xv3,115818,127583,38606,94561835,0.0064,True,83385043,757005016,9.078,7.054,vocsc+zstd,False,True,125
GSE218051,Mus musculus,,,171540,22048,57180,9966927,0.002635,True,10713660,79823612,7.451,8.599,vocsc+zstd,False,True,22
GSE218056,Mus musculus,Mus musculus,10x_suspect,171540,13309,57180,14802419,0.006484,True,14407599,118472592,8.223,7.787,vocsc+zstd,False,True,13
GSE218089,Unknown,Saccharomyces cerevisiae,10xv3,21381,72853,21381,28422754,0.018247,True,22770379,227673448,9.999,6.409,vocsc+zstd,False,True,72
GSE218108,Unknown,Callithrix jacchus,10xv3,120564,8832,40188,55285811,0.05192,True,39223794,442321820,11.277,5.676,vocsc+zstd,False,True,9
GSE218118,Mus musculus,Mus musculus,indrop,171540,457,57180,1146944,0.014631,True,2443794,9177384,3.755,17.046,vocsc+zstd,False,True,1
GSE218156,Mus musculus,Mus musculus,10xv3,171540,41161,57180,35286098,0.004997,True,31589340,282453432,8.941,7.162,vocsc+zstd,False,True,41
GSE218159,Mus musculus,Mus musculus,10xv3,171540,35348,57180,211473564,0.034876,True,164488459,1691929908,10.286,6.223,vocsc+zstd,False,True,35
GSE218201,Mus musculus,Mus musculus,10xv3,171540,31271,57180,58099881,0.010831,True,48589907,464924136,9.568,6.691,vocsc+zstd,False,True,31
GSE218208,Homo sapiens,Homo sapiens,10x_suspect,115818,4789,38606,22184670,0.039997,True,18323958,177496520,9.687,6.608,vocsc+zstd,False,True,5
GSE218310,Homo sapiens,Homo sapiens,10xv2,115818,23947,38606,26069673,0.0094,True,24596567,208653176,8.483,7.548,vocsc+zstd,False,True,24
GSE218311,Mus musculus,Mus musculus,10xv3,171540,90849,57180,81303156,0.005217,True,69419178,650788648,9.375,6.831,vocsc+zstd,False,True,89
GSE218358,Mus musculus,Mus musculus,10xv3,171540,132362,57180,225731766,0.009942,True,180427798,1806383580,10.012,6.394,vocsc+zstd,False,True,130
GSE218376,Mus musculus,Mus musculus,10xv2,171540,162842,57180,30405461,0.001088,True,35841903,243895060,6.805,9.43,vocsc+zstd,False,True,160
GSE218391,Homo sapiens,,,115818,14654,38606,118752854,0.06997,True,82785268,950081452,11.476,5.577,vocsc+zstd,False,True,15
GSE218392,Mus musculus,Homo sapiens; Mus musculus,10xv3,171540,71272,57180,124100971,0.010151,True,99440292,993092860,9.987,6.41,vocsc+zstd,False,True,70
GSE218401,Mus musculus,,,171540,11803,57180,47533818,0.023477,True,39444943,380317760,9.642,6.639,vocsc+zstd,False,True,12
GSE218417,Mus musculus,Mus musculus,10xv3,171540,12033,57180,62266525,0.030166,True,46124384,498180336,10.801,5.926,vocsc+zstd,False,True,12
GSE218448,Mus musculus,Mus musculus,10xv3,171540,27273,57180,70592301,0.015089,True,56554622,564847504,9.988,6.409,vocsc+zstd,False,True,27
GSE218465,Mus musculus,,,171540,149115,57180,64937793,0.002539,True,58893807,520098808,8.831,7.255,vocsc+zstd,False,True,146
GSE218483,Homo sapiens,Homo sapiens,10xv3,115818,17725,38606,69375850,0.033794,True,51465363,555077704,10.785,5.935,vocsc+zstd,False,True,18
GSE218563,Mus musculus,Mus musculus,10xv3,171540,38680,57180,211507476,0.031877,True,161079060,1692214532,10.505,6.093,vocsc+zstd,False,True,38
GSE218582,Homo sapiens,Homo sapiens,10xv3,115818,13884,38606,61305675,0.038125,True,46458547,490500940,10.558,6.063,vocsc+zstd,False,True,14
GSE218607,Homo sapiens,Homo sapiens,10xv2,115818,131932,38606,475032159,0.031088,True,364386655,3800785004,10.431,6.137,vocsc+zstd,False,True,129
GSE218638,Homo sapiens,Homo sapiens,10xv3,115818,178026,38606,136484577,0.006619,True,122364642,1092588724,8.929,7.172,vocsc+zstd,False,True,174
GSE218757,Mus musculus,,,171540,39931,57180,192948505,0.028169,True,146065182,1543747768,10.569,6.056,vocsc+zstd,False,True,39
GSE218854,Mus musculus,Mus musculus,10x_suspect,171540,20702,57180,73991996,0.020836,True,59909257,592018780,9.882,6.477,vocsc+zstd,False,True,21
GSE218884,Mus musculus,Mus musculus,10x_suspect,171540,38904,57180,55740865,0.008352,True,46609586,446082540,9.571,6.689,vocsc+zstd,False,True,38
GSE218957,Mus musculus,Mus musculus,10xv3,171540,36063,57180,181911702,0.029406,True,129267876,1455437872,11.259,5.685,vocsc+zstd,False,True,36
GSE218985,Homo sapiens,,,115818,105989,38606,101513678,0.00827,True,85965437,812533384,9.452,6.775,vocsc+zstd,False,True,104
GSE219023,Homo sapiens,,,115818,9606,38606,41842034,0.037609,True,30034688,334774700,11.146,5.742,vocsc+zstd,False,True,10
GSE219127,Mus musculus,,,171540,325758,57180,152553070,0.00273,True,142841897,1221727596,8.553,7.491,vocsc+zstd,False,True,319
GSE219153,Homo sapiens,Homo sapiens,10x_atac,115818,817817,38606,631215572,0.006664,True,534858348,5052995848,9.447,6.779,vocsc+zstd,False,True,799
GSE219165,Homo sapiens,Homo sapiens,10x_suspect,115818,60784,38606,158095600,0.022457,True,123004455,1265007940,10.284,6.224,vocsc+zstd,False,True,60
GSE219197,Homo sapiens,Homo sapiens,10xv3,115818,277989,38606,140834828,0.004374,True,126749366,1127790584,8.898,7.2,vocsc+zstd,False,True,272
GSE219201,Mus musculus,Mus musculus,10x_suspect,171540,193236,57180,109603317,0.003307,True,101353050,877599484,8.659,7.398,vocsc+zstd,False,True,189
GSE219210,Homo sapiens,Homo sapiens,10xv3,115818,11168,38606,36408319,0.028148,True,29653764,291311228,9.824,6.516,vocsc+zstd,False,True,11
GSE219253,Homo sapiens,Homo sapiens,10xv3,115818,170541,38606,26026587,0.001318,True,29274793,208894864,7.136,8.998,vocsc+zstd,False,True,167
GSE219271,Mus musculus,Mus musculus,10xv3,171540,10903,57180,63436182,0.033918,True,46564557,507533072,10.9,5.872,vocsc+zstd,False,True,11
GSE219281,Homo sapiens,Homo sapiens,10x_atac,115818,951544,38606,514229826,0.004666,True,457497584,4117644788,9.0,7.117,vocsc+zstd,False,True,930
GSE219317,Homo sapiens,Homo sapiens; Mus musculus,10xv3,115818,35058,38606,118409860,0.029162,True,89578000,947419116,10.576,6.052,vocsc+zstd,False,True,35
GSE220065,Mus musculus,Mus musculus,10xv3,171540,104653,57180,50582025,0.002818,True,45119346,405074816,8.978,7.136,vocsc+zstd,False,True,103
GSE220071,Gallus gallus,Gallus gallus,10xv3,90324,102779,30108,76775296,0.00827,True,69759962,614613488,8.81,7.269,vocsc+zstd,False,True,101
GSE220108,Homo sapiens,Homo sapiens,10x_suspect,115818,37763,38606,174206504,0.039831,True,123921879,1393803088,11.247,5.691,vocsc+zstd,False,True,37
GSE220114,Homo sapiens,Homo sapiens,10xv3,115818,53693,38606,120808217,0.019427,True,87472173,966680512,11.051,5.792,vocsc+zstd,False,True,53
GSE220136,Mus musculus,Mus musculus,10xv3,171540,197695,57180,50698290,0.001495,True,54436876,406377104,7.465,8.59,vocsc+zstd,False,True,194
GSE220154,Homo sapiens,Homo sapiens,10xv3,115818,14377,38606,44801951,0.026906,True,34580093,358473120,10.366,6.175,vocsc+zstd,False,True,15
GSE220155,Homo sapiens,Homo sapiens,10x_multiome,115818,7150,38606,1726004,0.002084,True,2970949,13836636,4.657,13.77,vocsc+zstd,False,True,7
GSE220175,Mus musculus,,,171540,20285,57180,49219047,0.014145,True,41526692,393833520,9.484,6.75,vocsc+zstd,False,True,20
GSE220452,Mus musculus,Mus musculus,10xv2,171540,7442,57180,46865737,0.036711,True,33620611,374955668,11.153,5.739,vocsc+zstd,False,True,8
GSE220466,Mus musculus,Mus musculus,10x_suspect,171540,32499,57180,196859135,0.035312,True,139669418,1575003080,11.277,5.676,vocsc+zstd,False,True,32
GSE220468,Homo sapiens,Homo sapiens,10x_suspect,115818,17044,38606,77814812,0.03942,True,57094110,622586676,10.905,5.87,vocsc+zstd,False,True,17
GSE220472,Homo sapiens,Homo sapiens,10x_suspect,115818,9107,38606,61297590,0.058116,True,42727770,490417152,11.478,5.576,vocsc+zstd,False,True,9
GSE220478,Mus musculus,,,171540,3698,57180,2641634,0.004164,True,3956595,21147868,5.345,11.982,vocsc+zstd,False,True,4
GSE220615,Drosophila melanogaster,Drosophila melanogaster,10x_suspect,72834,78139,24278,85012541,0.014938,True,64190375,680412888,10.6,6.041,vocsc+zstd,False,True,77
GSE220624,Homo sapiens,Homo sapiens,10xv3,115818,12745,38606,28842609,0.01954,True,24450231,230791856,9.439,6.782,vocsc+zstd,False,True,13
GSE220625,Mus musculus,Mus musculus,10xv3,171540,19412,57180,171525563,0.05151,True,121520155,1372282156,11.293,5.668,vocsc+zstd,False,True,19
GSE220650,Homo sapiens,Homo sapiens,10xv3,115818,432142,38606,408261451,0.008157,True,366897106,3267820180,8.907,7.189,vocsc+zstd,False,True,423
GSE220658,Homo sapiens,Homo sapiens,10xv3,115818,77975,38606,51936385,0.005751,True,47581567,415802984,8.739,7.329,vocsc+zstd,False,True,77
GSE220675,Mus musculus,Mus musculus,10xv3,171540,79093,57180,222260155,0.016382,True,178681734,1778397616,9.953,6.431,vocsc+zstd,False,True,78
GSE220687,Mus musculus,Mus musculus,10x_suspect,171540,749,57180,2784944,0.021676,True,3634251,22282552,6.131,10.44,vocsc+zstd,False,True,1
GSE220730,Homo sapiens,Homo sapiens,10x_suspect,115818,9009,38606,44260593,0.042419,True,31679214,354120784,11.178,5.726,vocsc+zstd,False,True,9
GSE220732,Homo sapiens,Homo sapiens,10xv3,115818,7265,38606,71113437,0.084516,True,48572894,568936560,11.713,5.464,vocsc+zstd,False,True,8
GSE220733,Homo sapiens,Homo sapiens,10xv3,115818,16366,38606,58091161,0.030647,True,41594965,464794756,11.174,5.728,vocsc+zstd,False,True,16
GSE220734,Homo sapiens,Homo sapiens,10xv3,115818,12475,38606,42667847,0.029531,True,31640495,341392680,10.79,5.932,vocsc+zstd,False,True,13
GSE220735,Homo sapiens,Homo sapiens,10xv3,115818,4914,38606,24481757,0.043016,True,18397122,195873716,10.647,6.012,vocsc+zstd,False,True,5
GSE220736,Homo sapiens,Homo sapiens,10xv3,115818,8587,38606,34331592,0.03452,True,25530360,274687088,10.759,5.949,vocsc+zstd,False,True,9
GSE220737,Mus musculus,Mus musculus,10x_suspect,171540,1744,57180,17170893,0.057396,True,13794327,137374124,9.959,6.427,vocsc+zstd,False,True,2
GSE220774,Homo sapiens,Homo sapiens,10x_suspect,115818,2097,38606,8245366,0.03395,True,7522199,65971320,8.77,7.298,vocsc+zstd,False,True,3
GSE220836,Mus musculus,Mus musculus,10xv3,171540,9685,57180,18757678,0.011291,True,17154836,150100168,8.75,7.316,vocsc+zstd,False,True,10
GSE220840,Homo sapiens,,,115818,86643,38606,185269276,0.018463,True,139367621,1482500784,10.637,6.018,vocsc+zstd,False,True,85
GSE220871,Mus musculus,Mus musculus,10x_suspect,171540,15234,57180,43776009,0.016752,True,33867476,350269012,10.342,6.189,vocsc+zstd,False,True,15
GSE220901,Mus musculus,Mus musculus,10xv3_5prime,171540,61332,57180,33445396,0.003179,True,33677393,267808500,7.952,8.055,vocsc+zstd,False,True,60
GSE220913,Homo sapiens,Homo sapiens,10xv3,115818,21171,38606,92205114,0.037604,True,64336303,737725600,11.467,5.582,vocsc+zstd,False,True,21
GSE220946,Homo sapiens,Homo sapiens,10xv2,115818,33109,38606,55241428,0.014406,True,46507585,442063864,9.505,6.735,vocsc+zstd,False,True,33
GSE220959,Mus musculus,Mus musculus,10x_suspect,171540,17711,57180,79830542,0.026276,True,62083016,638715184,10.288,6.221,vocsc+zstd,False,True,18
GSE220969,Homo sapiens,Homo sapiens,10xv3_5prime,115818,76272,38606,18832287,0.002132,True,21390920,150963388,7.057,9.087,vocsc+zstd,False,True,75
GSE220977,Mus musculus,Mus musculus,dropseq,171540,374827,57180,52643737,0.000819,True,66698528,422649208,6.337,10.136,vocsc+zstd,False,True,367
GSE221002,Rattus norvegicus,Rattus norvegicus,10x_suspect,91686,7715,30562,45485216,0.064303,True,35381924,363912592,10.285,6.223,vocsc+zstd,False,True,8
GSE221006,Mus musculus,Mus musculus,10x_suspect,171540,128378,57180,233409965,0.010599,True,195297179,1867793236,9.564,6.694,vocsc+zstd,False,True,126
GSE221064,Mus musculus,Mus musculus,10xv3,171540,34336,57180,111525543,0.018935,True,85183571,892341692,10.476,6.11,vocsc+zstd,False,True,34
GSE221117,Homo sapiens,,,115818,4629,38606,33422892,0.062342,True,25029388,267401656,10.684,5.991,vocsc+zstd,False,True,5
GSE221162,Mus musculus,Mus musculus,10xv3,171540,2549,57180,13811639,0.031587,True,11444231,110503312,9.656,6.629,vocsc+zstd,False,True,3
GSE221184,Mus musculus,Mus musculus,10xv3,171540,12380,57180,60909345,0.028681,True,47718184,487324284,10.213,6.267,vocsc+zstd,False,True,13
GSE221215,Mus musculus,Mus musculus,10xv3,171540,586797,57180,280561930,0.002787,True,263147767,2246842632,8.538,7.503,vocsc+zstd,False,True,574
GSE221239,Drosophila melanogaster,Drosophila melanogaster,10xv3,72834,232504,24278,357952969,0.021138,True,259875584,2864553772,11.023,5.808,vocsc+zstd,False,True,228
GSE221362,Mus musculus,Mus musculus,10xv3,171540,5954,57180,40728106,0.039877,True,30277244,325848668,10.762,5.947,vocsc+zstd,False,True,6
GSE221365,Homo sapiens,,,115818,10946,38606,4679102,0.003691,True,5468844,37476604,6.853,9.35,vocsc+zstd,False,True,11
GSE221369,Mus musculus,,,171540,5764,57180,5754764,0.00582,True,6385437,46061172,7.213,8.877,vocsc+zstd,False,True,6
GSE221402,Mus musculus,Mus musculus,10xv3,171540,26488,57180,89554208,0.019709,True,70384657,716539620,10.18,6.288,vocsc+zstd,False,True,26
GSE221410,Mus musculus,,,171540,38321,57180,101981853,0.015514,True,75609006,816008112,10.792,5.931,vocsc+zstd,False,True,38
GSE221481,Mus musculus,Mus musculus,10xv3,171540,23566,57180,68531943,0.016953,True,58452683,548349812,9.381,6.823,vocsc+zstd,False,True,24
GSE221493,Homo sapiens,,,115818,420540,38606,311871310,0.006403,True,274070594,2496652644,9.11,7.03,vocsc+zstd,False,True,411
GSE221513,Mus musculus,Mus musculus,10xv3,171540,56967,57180,206198192,0.021101,True,164125015,1649813408,10.052,6.368,vocsc+zstd,False,True,56
GSE221522,Homo sapiens,Homo sapiens,10xv2,115818,5218,38606,10746223,0.017782,True,9516724,85990660,9.036,7.085,vocsc+zstd,False,True,6
GSE221533,Mus musculus,,,171540,232937,57180,76746137,0.001921,True,76426426,614900848,8.046,7.967,vocsc+zstd,False,True,228
GSE221534,Homo sapiens,,,115818,494840,38606,148080928,0.002584,True,146158749,1186626788,8.119,7.896,vocsc+zstd,False,True,484
GSE221569,Mus musculus,,,171540,29484,57180,82270617,0.016266,True,61732418,658282876,10.663,6.003,vocsc+zstd,False,True,29
GSE221581,Homo sapiens,,,115818,93704,38606,90735939,0.008361,True,77013679,726262332,9.43,6.79,vocsc+zstd,False,True,92
GSE221603,Homo sapiens,,,115818,8270,38606,7970039,0.008321,True,9129882,63793396,6.987,9.164,vocsc+zstd,False,True,9
GSE221688,Homo sapiens,Homo sapiens,10x_suspect,115818,7109,38606,14184697,0.017228,True,11990303,113506016,9.466,6.762,vocsc+zstd,False,True,7
GSE221704,Mus musculus,Mus musculus,10x_suspect,171540,24984,57180,16076779,0.003751,True,16041386,128714172,8.024,7.982,vocsc+zstd,False,True,25
GSE221724,Mus musculus,Mus musculus,10xv3,171540,120455,57180,373632390,0.018082,True,300515577,2989540944,9.948,6.434,vocsc+zstd,False,True,118
GSE221776,Homo sapiens,,,115818,281015,38606,135818979,0.004173,True,140958502,1087675896,7.716,8.303,vocsc+zstd,False,True,275
GSE221849,Homo sapiens,Homo sapiens,10xv3,115818,495220,38606,228119537,0.003977,True,226109217,1826937180,8.08,7.929,vocsc+zstd,False,True,484
GSE221882,Homo sapiens,Homo sapiens,10xv3,115818,10288,38606,72070333,0.060485,True,51036975,576603820,11.298,5.665,vocsc+zstd,False,True,11
GSE221883,Mus musculus,Mus musculus,10xv3,171540,176287,57180,299206540,0.009894,True,229765487,2394357472,10.421,6.143,vocsc+zstd,False,True,173
GSE221978,Mus musculus,Mus musculus,10xv3,171540,2261,57180,12941453,0.033367,True,12364087,103540672,8.374,7.643,vocsc+zstd,False,True,3
GSE221987,Homo sapiens,Homo sapiens,10xv3,115818,26382,38606,87004180,0.028475,True,72104500,696138972,9.655,6.63,vocsc+zstd,False,True,26
GSE222002,Mus musculus,Mus musculus,10x_suspect,171540,22607,57180,21933109,0.005656,True,19762589,175555304,8.883,7.208,vocsc+zstd,False,True,23
GSE222145,Mus musculus,Mus musculus,10x_suspect,171540,40368,57180,229398433,0.033127,True,154436942,1835348940,11.884,5.386,vocsc+zstd,False,True,40
GSE222192,Mus musculus,Mus musculus,10x_suspect,171540,42131,57180,159164729,0.022023,True,126093005,1273486360,10.1,6.338,vocsc+zstd,False,True,42
GSE222200,Homo sapiens,Homo sapiens,10xv3_5prime,115818,22605,38606,13446335,0.005136,True,13237655,107661104,8.133,7.876,vocsc+zstd,False,True,23
GSE222250,Mus musculus,Mus musculus,10xv3_5prime,171540,3198,57180,9533043,0.017378,True,9400006,76277140,8.115,7.888,vocsc+zstd,False,True,4
GSE222318,Homo sapiens,Homo sapiens,10xv3_5prime,115818,95427,38606,66737341,0.006038,True,64451777,534280440,8.29,7.726,vocsc+zstd,False,True,94
GSE222369,Homo sapiens,Homo sapiens,10x_suspect,115818,106422,38606,521963477,0.042348,True,380321990,4176133508,10.981,5.829,vocsc+zstd,False,True,104
GSE222410,Mus musculus,Mus musculus,10x_suspect,171540,42336,57180,272000167,0.037454,True,186749934,2176170684,11.653,5.493,vocsc+zstd,False,True,42
GSE222456,Mus musculus,Mus musculus,10xv3,171540,1209,57180,399775,0.001928,True,1970086,3203040,1.626,39.424,vocsc+zstd,False,True,2
GSE222486,Mus musculus,Mus musculus,10xv3,171540,1321,57180,4094,1.8e-05,True,1043605,38040,0.036,2039.287,vocsc+zstd,False,True,2
GSE222647,Homo sapiens,Homo sapiens,10xv3,115818,211284,38606,531256283,0.02171,True,429274188,4250895404,9.903,6.464,vocsc+zstd,False,True,207
GSE222703,Homo sapiens,Homo sapiens,10xv3,115818,21445,38606,67666955,0.027244,True,54338809,541421424,9.964,6.424,vocsc+zstd,False,True,21
GSE222711,Mus musculus,,,171540,29746,57180,46514568,0.009116,True,39147557,372235532,9.509,6.733,vocsc+zstd,False,True,30
GSE222722,Mus musculus,Mus musculus,10x_suspect,171540,31763,57180,23276991,0.004272,True,21589268,186342984,8.631,7.42,vocsc+zstd,False,True,32
GSE222785,Mus musculus,Mus musculus,10xv3,171540,6126,57180,8381377,0.007976,True,8587919,67075524,7.81,8.197,vocsc+zstd,False,True,6
GSE222791,Homo sapiens,Homo sapiens; Mus musculus,10x_suspect,115818,136294,38606,78615171,0.00498,True,75522162,629466548,8.335,7.685,vocsc+zstd,False,True,134
GSE222901,Mus musculus,Mus musculus,10xv3_5prime,171540,33402,57180,22842194,0.003987,True,22600456,182871164,8.091,7.915,vocsc+zstd,False,True,33
GSE222951,Homo sapiens,Mus musculus; Homo sapiens,unknown,115818,17073,38606,6883967,0.003481,True,7256544,55140032,7.599,8.433,vocsc+zstd,False,True,17
GSE223063,Homo sapiens,Homo sapiens,10xv3,115818,471555,38606,128839379,0.002359,True,115430357,1032601256,8.946,7.167,vocsc+zstd,False,True,461
GSE223099,Mus musculus,Mus musculus,10xv3,171540,7768,57180,23708185,0.017792,True,19191474,189696556,9.884,6.476,vocsc+zstd,False,True,8
GSE223109,Mus musculus,Mus musculus,10xv3,171540,19185,57180,85846191,0.026085,True,67434017,686846272,10.185,6.284,vocsc+zstd,False,True,19
GSE223125,Homo sapiens,,,115818,11234,38606,61297744,0.047112,True,43363668,490426892,11.31,5.659,vocsc+zstd,False,True,11
GSE223147,Danio rerio,Danio rerio,10x_suspect,97560,48706,32520,26341738,0.005544,True,26231424,210928732,8.041,7.966,vocsc+zstd,False,True,48
GSE223178,Homo sapiens,,,115818,27528,38606,79985311,0.025088,True,60718475,639992604,10.54,6.073,vocsc+zstd,False,True,27
GSE223222,Homo sapiens,Homo sapiens,10x_suspect,115818,6717,38606,11530239,0.014821,True,9926083,92268784,9.296,6.887,vocsc+zstd,False,True,7
GSE223268,Mus musculus,,,171540,27606,57180,95359909,0.020137,True,77811863,762989700,9.806,6.528,vocsc+zstd,False,True,27
GSE223311,Mus musculus,Mus musculus,10x_suspect,171540,18721,57180,69864555,0.021755,True,54421570,558991328,10.272,6.232,vocsc+zstd,False,True,19
GSE223428,Mus musculus,Mus musculus,10xv3,171540,25969,57180,67784551,0.015216,True,54680415,542380288,9.919,6.453,vocsc+zstd,False,True,26
GSE223461,Danio rerio,,,97560,12598,32520,17048643,0.013871,True,14924179,136439540,9.142,7.003,vocsc+zstd,False,True,13
GSE223550,Homo sapiens,Mus musculus; Homo sapiens,10xv3,115818,19829,38606,117131378,0.051003,True,85104345,937130344,11.012,5.813,vocsc+zstd,False,True,20
GSE223627,Mus musculus,Mus musculus,10xv3,171540,15466,57180,56716016,0.021378,True,41921161,453789996,10.825,5.913,vocsc+zstd,False,True,16
GSE223636,Danio rerio,Danio rerio,10x_multiome,97560,5854,32520,14250873,0.024953,True,11405998,114030404,9.997,6.403,vocsc+zstd,False,True,6
GSE223647,Mus musculus,Mus musculus,10x_suspect,171540,69103,57180,13215803,0.001115,True,16567247,106002840,6.398,10.029,vocsc+zstd,False,True,68
GSE223756,Homo sapiens,Homo sapiens,10x_suspect,115818,17895,38606,84975310,0.041,True,61728078,679874064,11.014,5.811,vocsc+zstd,False,True,18
GSE223813,Mus musculus,Mus musculus,10xv3,171540,18609,57180,85012066,0.026631,True,64932308,680170968,10.475,6.11,vocsc+zstd,False,True,19
GSE225503,Mus musculus,,,171540,23347,57180,23754271,0.005931,True,21172330,190127560,8.98,7.13,vocsc+zstd,False,True,23
GSE228354,Gallus gallus,Gallus gallus,10xv3,90324,80856,30108,31672334,0.004337,True,28394758,253702100,8.935,7.172,vocsc+zstd,False,True,79
GSE229578,Homo sapiens,,,115818,12398,38606,39632390,0.027601,True,29925550,317108716,10.597,6.041,vocsc+zstd,False,True,13
GSE235206,Homo sapiens,,,115818,14785,38606,54552779,0.031858,True,40721168,436481376,10.719,5.972,vocsc+zstd,False,True,15
GSE235619,Mus musculus,,,171540,10881,57180,4925852,0.002639,True,5000920,39450344,7.889,8.122,vocsc+zstd,False,True,11
GSE235665,Mus musculus,,,171540,20286,57180,10062927,0.002892,True,11944187,80584564,6.747,9.496,vocsc+zstd,False,True,20
GSE237643,Mus musculus,Mus musculus,10xv2,171540,25629,57180,21777201,0.004953,True,20024839,174320128,8.705,7.356,vocsc+zstd,False,True,26
GSE237954,Mus musculus,Mus musculus,unknown,171540,80726,57180,54076858,0.003905,True,44009755,432937772,9.837,6.511,vocsc+zstd,False,True,79
GSE239624,Mus musculus,,,171540,3982,57180,8311252,0.012167,True,7754997,66505948,8.576,7.465,vocsc+zstd,False,True,4
GSE239736,Mus musculus,Mus musculus; Homo sapiens,10xv2,171540,7469,57180,5446636,0.004251,True,6471365,43602968,6.738,9.505,vocsc+zstd,False,True,8
GSE239750,Homo sapiens,Homo sapiens,10x_suspect,115818,84747,38606,101290307,0.01032,True,101946515,810661448,7.952,8.052,vocsc+zstd,False,True,83
GSE239764,Homo sapiens,,,115818,96887,38606,57777916,0.005149,True,52007859,462610880,8.895,7.201,vocsc+zstd,False,True,95
GSE239780,Mus musculus,Mus musculus,10xv3,171540,2822,57180,13811500,0.028531,True,11920943,110503292,9.27,6.905,vocsc+zstd,False,True,3
GSE239795,Homo sapiens,Homo sapiens,10xv3,115818,254639,38606,354834479,0.012032,True,277141668,2839694392,10.246,6.248,vocsc+zstd,False,True,249
GSE239864,Homo sapiens,Homo sapiens,10x_suspect,115818,7505,38606,28623425,0.03293,True,21793440,229017424,10.509,6.091,vocsc+zstd,False,True,8
GSE239890,Homo sapiens,,,115818,46468,38606,25556489,0.004749,True,18206888,204637788,11.24,5.699,vocsc+zstd,False,True,46
GSE239932,Homo sapiens,Homo sapiens,10xv3,115818,4757,38606,26584499,0.048252,True,20320540,212695024,10.467,6.115,vocsc+zstd,False,True,5
GSE239941,Mus musculus,Mus musculus,10xv2,171540,10707,57180,31011651,0.016885,True,26171075,248136040,9.481,6.751,vocsc+zstd,False,True,11
GSE240016,Mus musculus,,,171540,87619,57180,175755090,0.011693,True,143281493,1406391200,9.816,6.522,vocsc+zstd,False,True,86
GSE240020,Mus musculus,Mus musculus,10x_suspect,171540,24605,57180,30516668,0.00723,True,27550374,244231768,8.865,7.222,vocsc+zstd,False,True,25
GSE240022,Mus musculus,Mus musculus,10xv3,171540,16944,57180,93795853,0.03227,True,69173097,750434604,10.849,5.9,vocsc+zstd,False,True,17
GSE240036,Mus musculus,Mus musculus,10xv3,171540,163724,57180,85971941,0.003061,True,72155766,688430428,9.541,6.714,vocsc+zstd,False,True,160
GSE240044,Mus musculus,Mus musculus,10xv3,171540,253891,57180,68465702,0.001572,True,75474023,548741184,7.271,8.819,vocsc+zstd,False,True,248
GSE240048,Mus musculus,Mus musculus,10xv3,171540,2853,57180,14961413,0.030571,True,13034393,119702720,9.184,6.97,vocsc+zstd,False,True,3
GSE240062,Mus musculus,Mus musculus,10xv3_5prime,171540,81887,57180,62164165,0.004425,True,56046802,497640872,8.879,7.213,vocsc+zstd,False,True,80
GSE240153,Homo sapiens,Homo sapiens,10xv3,115818,5269,38606,25299082,0.041457,True,18944780,202413736,10.684,5.991,vocsc+zstd,False,True,6
GSE240231,Mus musculus,Mus musculus,10xv3_5prime,171540,33026,57180,20855950,0.003681,True,19653113,166979708,8.496,7.539,vocsc+zstd,False,True,33
GSE240374,Mus musculus,Mus musculus,10xv3,171540,92530,57180,64648063,0.004073,True,56981295,517554628,9.083,7.051,vocsc+zstd,False,True,91
GSE240403,Mus musculus,,,171540,21015,57180,63096277,0.017503,True,50261939,504854280,10.044,6.373,vocsc+zstd,False,True,21
GSE240441,Homo sapiens,Homo sapiens,10xv3,115818,28815,38606,97073317,0.029087,True,75046463,776701800,10.35,6.185,vocsc+zstd,False,True,29
GSE240460,Mus musculus,Mus musculus,10x_suspect,171540,29531,57180,65263697,0.012883,True,49072869,522227704,10.642,6.015,vocsc+zstd,False,True,29
GSE240510,Mus musculus,Mus musculus,10xv3,171540,17904,57180,87223560,0.0284,True,70527983,697860100,9.895,6.469,vocsc+zstd,False,True,18
GSE240517,Mus musculus,,,171540,17794,57180,46850458,0.015349,True,36817388,374874844,10.182,6.287,vocsc+zstd,False,True,18
GSE240626,Mus musculus,Mus musculus,10xv3,171540,18679,57180,49327842,0.015395,True,39021805,394697456,10.115,6.329,vocsc+zstd,False,True,19
GSE240695,Mus musculus,Mus musculus,10x_suspect,171540,9953,57180,41572536,0.024349,True,29603970,332620104,11.236,5.697,vocsc+zstd,False,True,10
GSE240697,Mus musculus,Mus musculus,10xv3_5prime,171540,8632,57180,8193872,0.005534,True,8933615,65585508,7.341,8.722,vocsc+zstd,False,True,9
GSE240780,Danio rerio,Danio rerio,10x_suspect,97560,4160,32520,20788648,0.051223,True,16943377,166325828,9.817,6.52,vocsc+zstd,False,True,5
GSE240858,Homo sapiens,Homo sapiens,10xv2,115818,40305,38606,25550017,0.005473,True,29717217,204561360,6.884,9.305,vocsc+zstd,False,True,40
GSE240900,Homo sapiens,Homo sapiens,10xv3_5prime,115818,21018,38606,28527201,0.011719,True,24865741,228301684,9.181,6.973,vocsc+zstd,False,True,21
GSE240975,Mus musculus,Mus musculus,10xv3,171540,28136,57180,90586855,0.018769,True,67717579,724807388,10.703,5.98,vocsc+zstd,False,True,28
GSE240981,Homo sapiens,Homo sapiens,10xv3,115818,3149,38606,30481465,0.083577,True,22011535,243864320,11.079,5.777,vocsc+zstd,False,True,4
GSE240997,Mus musculus,,,171540,14301,57180,85150437,0.03471,True,60410152,681260704,11.277,5.676,vocsc+zstd,False,True,14
GSE241060,Homo sapiens,Homo sapiens,10xv3,115818,19682,38606,213231256,0.093542,True,149101422,1705928780,11.441,5.594,vocsc+zstd,False,True,20
GSE241083,Mus musculus,,,171540,101376,57180,110690764,0.006365,True,97102635,885931620,9.124,7.018,vocsc+zstd,False,True,99
GSE241115,Homo sapiens,Homo sapiens,10x_suspect,115818,11098,38606,2007357,0.001562,True,3312059,16103252,4.862,13.2,vocsc+zstd,False,True,11
GSE241135,Homo sapiens,Homo sapiens,10xv3_5prime,115818,2349,38606,7128777,0.026203,True,7227872,57039616,7.892,8.111,vocsc+zstd,False,True,3
GSE241213,Mus musculus,Mus musculus,10xv3,171540,145614,57180,31446781,0.001259,True,33804108,252156708,7.459,8.6,vocsc+zstd,False,True,143
GSE241228,Unknown,Sus scrofa,10xv3,107010,31385,35670,42371706,0.012616,True,35983905,339099192,9.424,6.794,vocsc+zstd,False,True,31
GSE241231,Mus musculus,Mus musculus,10xv3,171540,10517,57180,9002086,0.00499,True,9605740,72058760,7.502,8.536,vocsc+zstd,False,True,11
GSE241268,Mus musculus,Mus musculus,10xv3,171540,48807,57180,84803841,0.010129,True,69932641,678625960,9.704,6.597,vocsc+zstd,False,True,48
GSE241278,Mus musculus,Mus musculus,10x_suspect,171540,79023,57180,121521391,0.008965,True,98779128,972487224,9.845,6.503,vocsc+zstd,False,True,78
GSE241296,Danio rerio,Danio rerio,10x_suspect,97560,79248,32520,29715743,0.003843,True,30576270,238042940,7.785,8.232,vocsc+zstd,False,True,78
GSE241334,Mus musculus,Mus musculus,10xv3,171540,19021,57180,104928136,0.032158,True,87598300,839501176,9.584,6.679,vocsc+zstd,False,True,19
GSE241364,Mus musculus,Mus musculus,10xv3,171540,10540,57180,33001080,0.018252,True,27125433,264050804,9.734,6.576,vocsc+zstd,False,True,11
GSE241386,Homo sapiens,Homo sapiens,10xv3,115818,15600,38606,24082308,0.013329,True,21109668,192720868,9.13,7.013,vocsc+zstd,False,True,16
GSE241408,Mus musculus,Mus musculus,10x_atac,171540,106829,57180,78530322,0.004285,True,65304935,628669896,9.627,6.653,vocsc+zstd,False,True,105
GSE241417,Homo sapiens,Homo sapiens,10x_suspect,115818,33254,38606,109002821,0.028302,True,91449006,872155588,9.537,6.712,vocsc+zstd,False,True,33
GSE241441,Homo sapiens,Homo sapiens,10xv3,115818,7656,38606,20525053,0.023148,True,15639643,164231052,10.501,6.096,vocsc+zstd,False,True,8
GSE241462,Mus musculus,Mus musculus,bd_rhapsody,171540,2777,57180,9252756,0.019424,True,8497907,74033160,8.712,7.347,vocsc+zstd,False,True,3
GSE241488,Mus musculus,Mus musculus,10xv3,171540,19416,57180,12523188,0.00376,True,12447005,100263172,8.055,7.951,vocsc+zstd,False,True,19
GSE241514,Mus musculus,Mus musculus,10x_suspect,171540,8586,57180,31486503,0.021378,True,27293503,251926372,9.23,6.935,vocsc+zstd,False,True,9
GSE241515,Mus musculus,Mus musculus,10xv3_5prime,171540,34850,57180,11225166,0.001878,True,12514315,89940732,7.187,8.919,vocsc+zstd,False,True,35
GSE241561,Mus musculus,,,171540,166273,57180,32812399,0.00115,True,38088573,263164288,6.909,9.286,vocsc+zstd,False,True,163
GSE241606,Mus musculus,,,171540,25052,57180,76611208,0.017827,True,58115483,612989876,10.548,6.069,vocsc+zstd,False,True,25
GSE241675,Mus musculus,Mus musculus,10xv3,171540,5781,57180,15573421,0.015704,True,14726449,124610496,8.462,7.565,vocsc+zstd,False,True,6
GSE241700,Mus musculus,Mus musculus,10xv2,171540,10802,57180,1815514,0.00098,True,3735137,14567324,3.9,16.459,vocsc+zstd,False,True,11
GSE241723,Homo sapiens,Homo sapiens,10xv3,115818,71110,38606,287579602,0.034918,True,222448117,2300921260,10.344,6.188,vocsc+zstd,False,True,70
GSE241736,Mus musculus,,,171540,11430,57180,28650080,0.014612,True,23715737,229246364,9.666,6.622,vocsc+zstd,False,True,12
GSE241737,Homo sapiens,,,115818,18256,38606,69000266,0.032634,True,54684911,552075156,10.096,6.34,vocsc+zstd,False,True,18
GSE241739,Homo sapiens,Homo sapiens,10xv3,115818,38394,38606,86153947,0.019375,True,72681025,689385156,9.485,6.749,vocsc+zstd,False,True,38
GSE241748,Mus musculus,Mus musculus,10x_suspect,171540,27572,57180,4673642,0.000988,True,5272359,37499428,7.112,9.025,vocsc+zstd,False,True,27
GSE241749,Mus musculus,Mus musculus,10x_suspect,171540,3482,57180,10465626,0.017521,True,9781888,83738940,8.561,7.477,vocsc+zstd,False,True,4
GSE241750,Mus musculus,,,171540,39396,57180,50782342,0.007514,True,42590551,406416324,9.542,6.71,vocsc+zstd,False,True,39
GSE241814,Mus musculus,Mus musculus,10xv3,171540,4094,57180,28594964,0.040717,True,21863139,228776092,10.464,6.117,vocsc+zstd,False,True,4
GSE241857,Unknown,,,51459,8626,51459,35536748,0.080058,True,27320786,284328492,10.407,6.15,vocsc+zstd,False,True,9
GSE241877,Mus musculus,Mus musculus,10x_suspect,171540,18226,57180,69313278,0.02217,True,55122330,554579132,10.061,6.362,vocsc+zstd,False,True,18
GSE241880,Mus musculus,Mus musculus,10xv3,171540,5181,57180,2409721,0.002711,True,3957059,19298496,4.877,13.137,vocsc+zstd,False,True,6
GSE241979,Mus musculus,,,171540,6493,57180,19806679,0.017783,True,17422685,158479408,9.096,7.037,vocsc+zstd,False,True,7
GSE241989,Homo sapiens,Homo sapiens,10x_suspect,115818,22281,38606,97529428,0.037794,True,73529947,780324552,10.612,6.031,vocsc+zstd,False,True,22
GSE241997,Mus musculus,Mus musculus,10xv3,171540,122004,57180,94888050,0.004534,True,80704712,759592420,9.412,6.804,vocsc+zstd,False,True,120
GSE241998,Homo sapiens,Homo sapiens,10xv3,115818,230621,38606,348632761,0.013052,True,265624971,2789984576,10.503,6.095,vocsc+zstd,False,True,226
GSE241999,Homo sapiens,Homo sapiens,10xv3,115818,16270,38606,81969771,0.0435,True,57502810,655823252,11.405,5.612,vocsc+zstd,False,True,16
GSE242001,Mus musculus,Mus musculus,10xv3,171540,78443,57180,106918854,0.007946,True,85334626,855664608,10.027,6.385,vocsc+zstd,False,True,77
GSE242119,Mus musculus,Mus musculus,10x_suspect,171540,10380,57180,10489032,0.005891,True,10498655,83953780,7.997,8.007,vocsc+zstd,False,True,11
GSE242133,Danio rerio,Danio rerio,10x_suspect,97560,28455,32520,76328944,0.027495,True,64107428,610745376,9.527,6.719,vocsc+zstd,False,True,28
GSE242197,Homo sapiens,,,115818,509913,38606,496617134,0.008409,True,423183362,3974976728,9.393,6.817,vocsc+zstd,False,True,498
GSE242271,Homo sapiens,Homo sapiens,10xv3,115818,115747,38606,147927083,0.011035,True,128373139,1183879656,9.222,6.943,vocsc+zstd,False,True,114
GSE242343,Mus musculus,Mus musculus,10xv3,171540,238559,57180,78775118,0.001925,True,79863923,631155184,7.903,8.111,vocsc+zstd,False,True,233
GSE242382,Homo sapiens,Homo sapiens,10xv3,115818,11534,38606,36360256,0.027219,True,27390453,290928188,10.622,6.026,vocsc+zstd,False,True,12
GSE242477,Homo sapiens,Homo sapiens,10x_suspect,115818,22800,38606,13959607,0.005286,True,13796936,111768060,8.101,7.907,vocsc+zstd,False,True,23
GSE242483,Danio rerio,Danio rerio,10xv3,97560,2588,32520,5955635,0.023588,True,5681923,47655436,8.387,7.632,vocsc+zstd,False,True,3
GSE242494,Mus musculus,,,171540,11395,57180,8312980,0.004253,True,8360851,66549424,7.96,8.046,vocsc+zstd,False,True,12
GSE242531,Homo sapiens,Homo sapiens,10x_suspect,115818,23166,38606,106798376,0.039805,True,75983394,854479676,11.246,5.692,vocsc+zstd,False,True,23
GSE242695,Homo sapiens,Homo sapiens,10x_suspect,115818,11940,38606,12734533,0.009209,True,11351065,101924028,8.979,7.131,vocsc+zstd,False,True,12
GSE242707,Mus musculus,Mus musculus,10xv2,171540,3906,57180,26159599,0.039042,True,19337589,209292420,10.823,5.914,vocsc+zstd,False,True,4
GSE242712,Mus musculus,Mus musculus,10xv3,171540,7428,57180,36808125,0.028887,True,29371591,294494716,10.027,6.384,vocsc+zstd,False,True,8
GSE242732,Mus musculus,Mus musculus,10xv3,171540,4609,57180,18313531,0.023163,True,15222085,146526688,9.626,6.65,vocsc+zstd,False,True,5
GSE242777,Homo sapiens,Homo sapiens,10x_suspect,115818,51345,38606,188215675,0.031651,True,133974842,1505930784,11.24,5.695,vocsc+zstd,False,True,51
GSE242780,Homo sapiens,Homo sapiens,10xv2,115818,9402,38606,2953002,0.002712,True,3940293,23661628,6.005,10.675,vocsc+zstd,False,True,10
GSE242790,Homo sapiens,Homo sapiens,10xv3_5prime,115818,48091,38606,20227640,0.003632,True,20634920,162013488,7.851,8.161,vocsc+zstd,False,True,47
GSE242820,Mus musculus,,,171540,9751,57180,24934880,0.014907,True,20910619,199518048,9.541,6.709,vocsc+zstd,False,True,10
GSE242836,Mus musculus,Mus musculus,10xv3,171540,8977,57180,49360720,0.032054,True,38702362,394921672,10.204,6.273,vocsc+zstd,False,True,9
GSE242864,Mus musculus,Mus musculus,10xv3,171540,156192,57180,545683145,0.020366,True,423526253,4366089932,10.309,6.209,vocsc+zstd,False,True,153
GSE242927,Mus musculus,Mus musculus,10x_suspect,171540,57452,57180,201867573,0.020483,True,153648441,1615170396,10.512,6.089,vocsc+zstd,False,True,57
GSE242934,Mus musculus,Mus musculus,unknown,171540,9045,57180,53373709,0.0344,True,40336732,427025856,10.587,6.046,vocsc+zstd,False,True,9
GSE242968,Mus musculus,Mus musculus,10x_suspect,171540,37708,57180,140530055,0.021726,True,111467065,1124391276,10.087,6.346,vocsc+zstd,False,True,37
GSE243002,Homo sapiens,Homo sapiens,10x_suspect,115818,15647,38606,2502078,0.001381,True,3810827,20079216,5.269,12.185,vocsc+zstd,False,True,16
GSE243033,Homo sapiens,Homo sapiens,10xv3,115818,5698,38606,10677138,0.016179,True,9403602,85439900,9.086,7.046,vocsc+zstd,False,True,6
GSE243037,Drosophila melanogaster,Drosophila melanogaster,10xv3,72834,233956,24278,23572798,0.001383,True,26628758,189518212,7.117,9.037,vocsc+zstd,False,True,229
GSE243100,Mus musculus,Mus musculus,10xv3,171540,8523,57180,63333382,0.043319,True,46314100,506701152,10.941,5.85,vocsc+zstd,False,True,9
GSE243119,Mus musculus,,,171540,3718,57180,14364173,0.022522,True,12401748,114928260,9.267,6.907,vocsc+zstd,False,True,4
GSE243202,Mus musculus,Mus musculus,10xv3,171540,24664,57180,45175393,0.010678,True,36902591,361501804,9.796,6.535,vocsc+zstd,False,True,25
GSE243227,Homo sapiens,Homo sapiens,10xv3,115818,5406,38606,5260484,0.008402,True,5487543,42105500,7.673,8.345,vocsc+zstd,False,True,6
GSE243289,Mus musculus,Mus musculus,10x_suspect,171540,59488,57180,22587991,0.002214,True,23769604,180941884,7.612,8.418,vocsc+zstd,False,True,59
GSE243292,Homo sapiens,Homo sapiens,10x_suspect,115818,128770,38606,53952659,0.003618,True,53837822,432136356,8.027,7.983,vocsc+zstd,False,True,126
GSE243325,Homo sapiens,Homo sapiens,10x_suspect,115818,36875,38606,20164863,0.004722,True,19169236,161466408,8.423,7.605,vocsc+zstd,False,True,37
GSE243413,Mus musculus,Mus musculus,10xv2,171540,28475,57180,36198344,0.007411,True,30510615,289700656,9.495,6.743,vocsc+zstd,False,True,28
GSE243429,Mus musculus,Mus musculus,10xv3,171540,35393,57180,206372716,0.033991,True,139477237,1651123304,11.838,5.407,vocsc+zstd,False,True,35
GSE243446,Homo sapiens,Homo sapiens,10xv3,115818,39605,38606,160987355,0.035097,True,131273643,1288057264,9.812,6.523,vocsc+zstd,False,True,39
GSE243580,Mus musculus,,,171540,5646,57180,12116666,0.012511,True,10641645,96955916,9.111,7.026,vocsc+zstd,False,True,6
GSE243639,Homo sapiens,Homo sapiens,10xv3,115818,263811,38606,103527190,0.003388,True,99540310,829272768,8.331,7.692,vocsc+zstd,False,True,258
GSE243718,Mus musculus,Mus musculus,10x_suspect,171540,7291,57180,45830977,0.036644,True,34085656,366676984,10.758,5.95,vocsc+zstd,False,True,8
GSE243750,Homo sapiens,,,115818,348510,38606,147970090,0.003666,True,147726980,1185154764,8.023,7.987,vocsc+zstd,False,True,341
GSE243830,Macaca mulatta,Macaca mulatta; Homo sapiens,10xv3,106296,3855,35432,9165965,0.022369,True,8243316,73343144,8.897,7.195,vocsc+zstd,False,True,4
GSE243922,Mus musculus,,,171540,2293,57180,13915519,0.035378,True,10958675,111333328,10.159,6.3,vocsc+zstd,False,True,3
GSE243927,Homo sapiens,Homo sapiens,10x_suspect,115818,77048,38606,22321641,0.002501,True,27599337,178881324,6.481,9.892,vocsc+zstd,False,True,76
GSE243964,Mus musculus,,,171540,9804,57180,28611111,0.017012,True,22340014,228928108,10.247,6.247,vocsc+zstd,False,True,10
GSE244028,Homo sapiens,Homo sapiens,10xv3,115818,50841,38606,140965602,0.02394,True,106086331,1127928184,10.632,6.021,vocsc+zstd,False,True,50
GSE244031,Homo sapiens,Homo sapiens,10xv3,115818,72410,38606,269933160,0.032187,True,222642810,2159754924,9.701,6.598,vocsc+zstd,False,True,71
GSE244033,Mus musculus,Mus musculus,10x_suspect,171540,83200,57180,386030052,0.027048,True,272455276,3088573220,11.336,5.646,vocsc+zstd,False,True,82
GSE244164,Homo sapiens,Homo sapiens,10xv3_5prime,115818,23694,38606,14511281,0.005288,True,13857526,116185028,8.384,7.64,vocsc+zstd,False,True,24
GSE244172,Mus musculus,Mus musculus,10x_suspect,171540,6989,57180,9654763,0.008053,True,9836061,77266064,7.855,8.15,vocsc+zstd,False,True,7
GSE244181,Mus musculus,,,171540,28688,57180,59122496,0.012014,True,49029178,473094724,9.649,6.634,vocsc+zstd,False,True,29
GSE244215,Mus musculus,Mus musculus,10x_suspect,171540,35446,57180,118503291,0.019489,True,93578040,948168116,10.132,6.317,vocsc+zstd,False,True,35
GSE244262,Homo sapiens,Homo sapiens,10xv3,115818,36294,38606,140152498,0.033342,True,103661847,1121365164,10.818,5.917,vocsc+zstd,False,True,36
GSE244279,Mus musculus,Mus musculus,10xv3,171540,160580,57180,27959099,0.001015,True,32396814,224315116,6.924,9.27,vocsc+zstd,False,True,157
GSE244281,Homo sapiens,Homo sapiens,10xv3,115818,2998,38606,6991903,0.020137,True,6366531,55947220,8.788,7.284,vocsc+zstd,False,True,3
GSE244293,Macaca mulatta,Macaca mulatta,10xv3,106296,13031,35432,4303324,0.003107,True,5381509,34478720,6.407,10.004,vocsc+zstd,False,True,13
GSE244370,Homo sapiens,Homo sapiens,10x_multiome,115818,7135,38606,15754083,0.019064,True,13068613,126061208,9.646,6.636,vocsc+zstd,False,True,7
GSE244390,Mus musculus,Mus musculus,10xv3,171540,690,57180,4898622,0.041387,True,5158104,39191740,7.598,8.424,vocsc+zstd,False,True,1
GSE244392,Mus musculus,Mus musculus,10xv3,171540,537791,57180,221024464,0.002396,True,199497026,1770346880,8.874,7.221,vocsc+zstd,False,True,526
GSE244422,Mus musculus,Mus musculus,10xv3,171540,11478,57180,40966153,0.020806,True,32733962,327775140,10.013,6.392,vocsc+zstd,False,True,12
GSE244451,Rattus norvegicus,Rattus norvegicus,10xv3,91686,319323,30562,293958485,0.01004,True,236834556,2352945176,9.935,6.445,vocsc+zstd,False,True,312
GSE244515,Homo sapiens,Homo sapiens,10xv3,115818,24322,38606,71901805,0.025525,True,57319500,575311732,10.037,6.378,vocsc+zstd,False,True,24
GSE244536,Mus musculus,Mus musculus,10xv3,171540,15,57180,5922,0.002302,True,1564188,47440,0.03,2113.054,vocsc+zstd,False,True,1
GSE244589,Homo sapiens,,,115818,21223,38606,59203854,0.024086,True,47457462,473715728,9.982,6.413,vocsc+zstd,False,True,21
GSE244595,Mus musculus,Mus musculus,10x_suspect,171540,211045,57180,34556733,0.000955,True,38664582,277298048,7.172,8.951,vocsc+zstd,False,True,207
GSE244627,Mus musculus,Mus musculus,10xv3,171540,57604,57180,72695741,0.007357,True,60736923,581796348,9.579,6.684,vocsc+zstd,False,True,57
GSE244662,Homo sapiens,Homo sapiens,10xv3,115818,17338,38606,138242496,0.068844,True,103251745,1106009324,10.712,5.975,vocsc+zstd,False,True,17
GSE244673,Mus musculus,,,171540,34095,57180,62485232,0.010684,True,50977839,500018240,9.809,6.527,vocsc+zstd,False,True,34
GSE244756,Homo sapiens,Homo sapiens,10xv3,115818,12294,38606,62032089,0.043566,True,47317599,496305892,10.489,6.102,vocsc+zstd,False,True,13
GSE244797,Mus musculus,Mus musculus,10xv3,171540,108168,57180,31098729,0.001676,True,28857903,249222508,8.636,7.424,vocsc+zstd,False,True,106
GSE244805,Mus musculus,,,171540,17690,57180,16456186,0.005423,True,17172745,131720252,7.67,8.348,vocsc+zstd,False,True,18
GSE244839,Mus musculus,Mus musculus,10x_suspect,171540,88904,57180,118218328,0.007752,True,93567651,946102244,10.111,6.332,vocsc+zstd,False,True,87
GSE244877,Mus musculus,Mus musculus,10xv3,171540,98798,57180,60377209,0.003563,True,55520679,483412868,8.707,7.357,vocsc+zstd,False,True,97
GSE244921,Mus musculus,,,171540,20252,57180,25101300,0.007225,True,22123247,200891412,9.081,7.051,vocsc+zstd,False,True,20
GSE244923,Mus musculus,Mus musculus,10xv3,171540,11285,57180,54863631,0.028341,True,40613933,438954192,10.808,5.922,vocsc+zstd,False,True,12
GSE244946,Homo sapiens,Homo sapiens,10xv2,115818,17791,38606,25678307,0.012462,True,21409577,205497624,9.598,6.67,vocsc+zstd,False,True,18
GSE244964,Mus musculus,Mus musculus,10xv3,171540,20550,57180,52863192,0.014996,True,41526957,422987740,10.186,6.284,vocsc+zstd,False,True,21
GSE245035,Mus musculus,,,171540,38502,57180,19886139,0.003011,True,21649148,159243124,7.356,8.709,vocsc+zstd,False,True,38
GSE245073,Mus musculus,Mus musculus,10x_suspect,171540,5724,57180,15531226,0.015818,True,13312158,124272708,9.335,6.857,vocsc+zstd,False,True,6
GSE245074,Mus musculus,Mus musculus,10xv3,171540,26733,57180,96300204,0.021,True,76034142,770508568,10.134,6.316,vocsc+zstd,False,True,27
GSE245094,Mus musculus,Mus musculus,10x_suspect,171540,12763,57180,30050850,0.013726,True,25644966,240457856,9.376,6.827,vocsc+zstd,False,True,13
GSE245108,Homo sapiens,Homo sapiens,10xv3,115818,39680,38606,179463342,0.039051,True,133024605,1435865460,10.794,5.93,vocsc+zstd,False,True,39
GSE245112,Mus musculus,Mus musculus,10xv3,171540,15314,57180,34065257,0.012968,True,26590076,272583316,10.251,6.245,vocsc+zstd,False,True,15
GSE245201,Mus musculus,Mus musculus,10xv3,171540,249026,57180,144362319,0.003379,True,137236371,1155894660,8.423,7.605,vocsc+zstd,False,True,244
GSE245310,Homo sapiens,Homo sapiens,10xv3,115818,2806074,38606,468365205,0.001441,True,535866190,3758145940,7.013,9.153,vocsc+zstd,False,True,2741
GSE245320,Xenopus laevis,Xenopus laevis,10x_suspect,73842,11391,24614,13443641,0.015983,True,11178180,107594696,9.625,6.652,vocsc+zstd,False,True,12
GSE245330,Homo sapiens,Homo sapiens,10xv3,115818,27633,38606,76375171,0.023864,True,56169094,611111904,10.88,5.883,vocsc+zstd,False,True,27
GSE245386,Mus musculus,Mus musculus,10xv3,171540,50494,57180,208942912,0.024123,True,174003886,1671745276,9.608,6.662,vocsc+zstd,False,True,50
GSE245391,Mus musculus,Mus musculus,10xv3,171540,31918,57180,54747664,0.009999,True,46425092,438108988,9.437,6.784,vocsc+zstd,False,True,32
GSE245416,Homo sapiens,Homo sapiens,10xv2,115818,39595,38606,48076596,0.010484,True,40036840,384771152,9.61,6.662,vocsc+zstd,False,True,39
GSE245419,Macaca mulatta,Macaca mulatta,10x_suspect,106296,117074,35432,17250594,0.001386,True,20215856,138473052,6.85,9.375,vocsc+zstd,False,True,115
GSE245537,Mus musculus,Mus musculus,10xv3,171540,213886,57180,34318583,0.000935,True,41733015,275404212,6.599,9.728,vocsc+zstd,False,True,209
GSE245687,Mus musculus,Mus musculus,unknown_sc,171540,144814,57180,241651950,0.009728,True,198711147,1933794860,9.732,6.578,vocsc+zstd,False,True,142
GSE245716,Mus musculus,Mus musculus,10x_suspect,171540,285695,57180,299248126,0.006106,True,248389135,2395127792,9.643,6.64,vocsc+zstd,False,True,279
GSE245717,Mus musculus,Mus musculus,10xv3,171540,1385,57180,3375683,0.014208,True,4168822,27011008,6.479,9.88,vocsc+zstd,False,True,2
GSE245719,Homo sapiens,Homo sapiens,10xv3,115818,38119,38606,126542722,0.028663,True,95700970,1012494256,10.58,6.05,vocsc+zstd,False,True,38
GSE245722,Homo sapiens,,,115818,4903,38606,28177693,0.049621,True,20639225,225441160,10.923,5.86,vocsc+zstd,False,True,5
GSE245723,Homo sapiens,Homo sapiens,10x_suspect,115818,6185,38606,19948447,0.027848,True,15577641,159612320,10.246,6.247,vocsc+zstd,False,True,7
GSE245827,Mus musculus,Mus musculus,unknown,171540,3976,57180,14994645,0.021985,True,12605155,119973068,9.518,6.725,vocsc+zstd,False,True,4
GSE245850,Mus musculus,Mus musculus,10x_suspect,171540,349615,57180,173805528,0.002898,True,166806673,1391842688,8.344,7.678,vocsc+zstd,False,True,342
GSE245859,Homo sapiens,Homo sapiens,10x_suspect,115818,87235,38606,41778453,0.004135,True,33985376,334576568,9.845,6.508,vocsc+zstd,False,True,86
GSE245891,Homo sapiens,Homo sapiens,10xv3,115818,17560,38606,17167598,0.008441,True,15944107,137411028,8.618,7.43,vocsc+zstd,False,True,18
GSE245906,Homo sapiens,Homo sapiens,10xv3,115818,83189,38606,371584943,0.038567,True,289651141,2973012304,10.264,6.236,vocsc+zstd,False,True,82
GSE246038,Mus musculus,Mus musculus,10xv3,171540,3431,57180,15794888,0.026837,True,13259450,126372832,9.531,6.716,vocsc+zstd,False,True,4
GSE246155,Homo sapiens,Homo sapiens; Mus musculus,10xv3,115818,75039,38606,25814989,0.00297,True,24782925,206820072,8.345,7.68,vocsc+zstd,False,True,74
GSE246194,Mus musculus,,,171540,29455,57180,142133007,0.02813,True,98670071,1137181880,11.525,5.554,vocsc+zstd,False,True,29
GSE246242,Homo sapiens,Homo sapiens,10xv3,115818,3283,38606,12550536,0.033008,True,11067832,100417424,9.073,7.055,vocsc+zstd,False,True,4
GSE246280,Mus musculus,,,171540,11284,57180,62849344,0.032469,True,47443565,502839892,10.599,6.039,vocsc+zstd,False,True,12
GSE246333,Mus musculus,Mus musculus,10x_suspect,171540,9746,57180,15150419,0.009062,True,13570814,121242340,8.934,7.166,vocsc+zstd,False,True,10
GSE246385,Mus musculus,Mus musculus,10xv3,171540,24596,57180,63738532,0.015107,True,49438002,510006644,10.316,6.205,vocsc+zstd,False,True,25
GSE246420,Homo sapiens,Homo sapiens,10x_suspect,115818,96525,38606,38588574,0.003452,True,32991178,309094696,9.369,6.84,vocsc+zstd,False,True,95
GSE246481,Mus musculus,,,171540,32264,57180,81214158,0.014674,True,64083312,649842324,10.141,6.313,vocsc+zstd,False,True,32
GSE246498,Mus musculus,Mus musculus,10xv3,171540,12441,57180,25807583,0.012093,True,21606188,206510432,9.558,6.698,vocsc+zstd,False,True,13
GSE246502,Mus musculus,Mus musculus,10xv3,171540,6716,57180,11824739,0.010264,True,10923529,94624780,8.662,7.39,vocsc+zstd,False,True,7
GSE246535,Homo sapiens,Homo sapiens,10x_suspect,115818,97748,38606,37364531,0.0033,True,38989822,299307244,7.677,8.348,vocsc+zstd,False,True,96
GSE246574,Mus musculus,Mus musculus,10xv3,171540,63602,57180,39132249,0.003587,True,37534500,313312404,8.347,7.673,vocsc+zstd,False,True,63
GSE246662,Homo sapiens,Homo sapiens,10xv2,115818,7538,38606,35049213,0.040146,True,28661120,280423860,9.784,6.542,vocsc+zstd,False,True,8
GSE246714,Danio rerio,Danio rerio,10x_suspect,97560,487974,32520,108290586,0.002275,True,118196861,868276588,7.346,8.732,vocsc+zstd,False,True,477
GSE246768,Mus musculus,Mus musculus,10xv3,171540,79204,57180,25635914,0.001887,True,25758024,205404132,7.974,8.038,vocsc+zstd,False,True,78
GSE246842,Homo sapiens,Homo sapiens,10xv3,115818,7050,38606,21911252,0.026835,True,16864331,175318220,10.396,6.157,vocsc+zstd,False,True,7
GSE246850,Danio rerio,Danio rerio,10x_multiome,97560,6861,32520,1881834,0.002811,True,3015074,15082120,5.002,12.818,vocsc+zstd,False,True,7
GSE246970,Mus musculus,Mus musculus,10x_suspect,171540,193477,57180,106104350,0.003197,True,92087006,849608712,9.226,6.943,vocsc+zstd,False,True,189
GSE246994,Homo sapiens,,,115818,4321,38606,12482387,0.024942,True,11558127,99876384,8.641,7.408,vocsc+zstd,False,True,5
GSE247072,Mus musculus,Mus musculus,10x_suspect,171540,12409,57180,59063964,0.027747,True,46646349,472561352,10.131,6.318,vocsc+zstd,False,True,13
GSE247098,Homo sapiens,Homo sapiens,10xv3,115818,10955,38606,103501305,0.081575,True,72921153,828054264,11.355,5.636,vocsc+zstd,False,True,11
GSE247228,Mus musculus,,,171540,8606,57180,44296968,0.030006,True,36350686,354410172,9.75,6.565,vocsc+zstd,False,True,9
GSE247238,Homo sapiens,Homo sapiens,10xv3,115818,4429,38606,10664414,0.02079,True,10073455,85333032,8.471,7.557,vocsc+zstd,False,True,5
GSE247255,Mus musculus,Mus musculus,10x_suspect,171540,3367,57180,15874998,0.027486,True,12968642,127013456,9.794,6.535,vocsc+zstd,False,True,4
GSE247257,Unknown,Sus scrofa,10xv3,107010,138953,35670,518242436,0.034853,True,374102876,4146495304,11.084,5.775,vocsc+zstd,False,True,136
GSE247260,Mus musculus,Mus musculus,10x_suspect,171540,10413,57180,40200263,0.022505,True,31743723,321643760,10.133,6.317,vocsc+zstd,False,True,11
GSE247313,Mus musculus,Mus musculus,10xv3,171540,14244,57180,62497755,0.025578,True,49112786,500039020,10.181,6.287,vocsc+zstd,False,True,14
GSE247339,Mus musculus,,,171540,43375,57180,3289751,0.000442,True,7090330,26491512,3.736,17.242,vocsc+zstd,False,True,43
GSE247340,Mus musculus,Mus musculus,dropseq,171540,556599,57180,51969540,0.000544,True,71881793,417982720,5.815,11.065,vocsc+zstd,False,True,544
GSE247392,Mus musculus,Mus musculus,10xv3,171540,19312,57180,96770802,0.029211,True,72621876,774243668,10.661,6.004,vocsc+zstd,False,True,19
GSE247509,Mus musculus,Mus musculus,10xv3,171540,107869,57180,504919852,0.027287,True,350616996,4039790296,11.522,5.555,vocsc+zstd,False,True,106
GSE247547,Mus musculus,Mus musculus,10x_suspect,171540,7002,57180,42798358,0.035632,True,32872666,342414876,10.416,6.145,vocsc+zstd,False,True,7
GSE247625,Rattus norvegicus,Rattus norvegicus,10xv3,91686,12532,30562,37173480,0.032353,True,29849751,297437972,9.965,6.424,vocsc+zstd,False,True,13
GSE247795,Unknown,Saccharomyces cerevisiae,10xv3,21381,331580,21381,65636437,0.009258,True,57975806,526417820,9.08,7.066,vocsc+zstd,False,True,324
GSE247824,Homo sapiens,Homo sapiens,10xv3_5prime,115818,58778,38606,65218552,0.00958,True,66851388,521983532,7.808,8.2,vocsc+zstd,False,True,58
GSE247872,Mus musculus,Mus musculus,10xv3,171540,76182,57180,22180895,0.001697,True,23838349,177751892,7.457,8.598,vocsc+zstd,False,True,75
GSE247878,Mus musculus,,,171540,21328,57180,62306516,0.01703,True,48813584,498537444,10.213,6.268,vocsc+zstd,False,True,21
GSE247927,Mus musculus,,,171540,130966,57180,247756699,0.011028,True,189619841,1982577460,10.456,6.123,vocsc+zstd,False,True,128
GSE247961,Homo sapiens,Homo sapiens,10x_suspect,115818,31988,38606,274997270,0.074228,True,204644215,2200106116,10.751,5.953,vocsc+zstd,False,True,32
GSE247962,Homo sapiens,Homo sapiens,10xv3,115818,70803,38606,317554280,0.038725,True,250487754,2540717456,10.143,6.31,vocsc+zstd,False,True,70
GSE247968,Mus musculus,,,171540,68998,57180,33955881,0.002869,True,29602138,271923044,9.186,6.974,vocsc+zstd,False,True,68
GSE248003,Mus musculus,Mus musculus,10xv3,171540,7860,57180,20607340,0.015284,True,17713472,164890164,9.309,6.877,vocsc+zstd,False,True,8
GSE248121,Homo sapiens,Homo sapiens,10x_suspect,115818,173500,38606,141193775,0.007027,True,127225761,1130244204,8.884,7.209,vocsc+zstd,False,True,170
GSE248126,Mus musculus,,,171540,199499,57180,96979533,0.002834,True,90496851,776634264,8.582,7.465,vocsc+zstd,False,True,195
GSE248138,Mus musculus,Mus musculus,10x_suspect,171540,262710,57180,112694589,0.002501,True,100093553,902607556,9.018,7.105,vocsc+zstd,False,True,257
GSE248202,Mus musculus,Mus musculus,10xv3_5prime,171540,10618,57180,42853738,0.023528,True,32774913,342872380,10.461,6.118,vocsc+zstd,False,True,11
GSE248204,Unknown,Arabidopsis thaliana,10xv2,98499,150053,98499,134420388,0.009095,True,108201192,1075963320,9.944,6.44,vocsc+zstd,False,True,147
GSE248229,Homo sapiens,,,115818,184144,38606,104858962,0.004917,True,101018535,839608276,8.311,7.707,vocsc+zstd,False,True,180
GSE248256,Homo sapiens,Homo sapiens,10xv2,115818,95952,38606,42886028,0.003859,True,52190832,343472036,6.581,9.736,vocsc+zstd,False,True,94
GSE248276,Mus musculus,,,171540,9199,57180,26401762,0.016731,True,22500638,211250896,9.389,6.818,vocsc+zstd,False,True,9
GSE248284,Homo sapiens,Homo sapiens,10x_suspect,115818,10044,38606,22324453,0.019191,True,18304585,178635804,9.759,6.559,vocsc+zstd,False,True,10
GSE248369,Mus musculus,Mus musculus,10x_suspect,171540,5059,57180,41591473,0.047926,True,31668473,332752024,10.507,6.091,vocsc+zstd,False,True,5
GSE248391,Mus musculus,Mus musculus,10x_suspect,171540,41587,57180,115746707,0.016225,True,92154880,926140008,10.05,6.369,vocsc+zstd,False,True,41
GSE248394,Mus musculus,,,171540,49561,57180,182193500,0.02143,True,141961533,1457746248,10.269,6.233,vocsc+zstd,False,True,49
GSE248412,Homo sapiens,Homo sapiens,10x_suspect,115818,383637,38606,715379080,0.016101,True,552858474,5724567192,10.354,6.183,vocsc+zstd,False,True,375
GSE248450,Homo sapiens,Homo sapiens,10xv2,115818,15703,38606,63063559,0.034675,True,44872878,504571288,11.244,5.692,vocsc+zstd,False,True,16
GSE248453,Homo sapiens,,,115818,9452,38606,4471206,0.004084,True,5139804,35807460,6.967,9.196,vocsc+zstd,False,True,10
GSE248524,Mus musculus,Mus musculus,10xv3,171540,14070,57180,68295586,0.028297,True,52230350,546420972,10.462,6.118,vocsc+zstd,False,True,14
GSE248537,Mus musculus,Mus musculus,10x_suspect,171540,342595,57180,69431464,0.001181,True,77210552,556822096,7.212,8.896,vocsc+zstd,False,True,335
GSE248556,Homo sapiens,Homo sapiens,10xv3_5prime,115818,92446,38606,47327191,0.00442,True,48052608,378987316,7.887,8.123,vocsc+zstd,False,True,91
GSE248638,Mus musculus,Mus musculus,10x_suspect,171540,5051,57180,15416802,0.017793,True,12681022,123354624,9.727,6.58,vocsc+zstd,False,True,5
GSE248658,Mus musculus,Mus musculus,10xv2,171540,28452,57180,53718741,0.011006,True,45528616,429863740,9.442,6.78,vocsc+zstd,False,True,28
GSE248685,Homo sapiens,,,115818,48109,38606,23765379,0.004265,True,23552283,190315472,8.081,7.928,vocsc+zstd,False,True,47
GSE248688,Homo sapiens,Homo sapiens,10xv3_5prime,115818,76318,38606,95416155,0.010795,True,79064046,763634516,9.658,6.629,vocsc+zstd,False,True,75
GSE248689,Homo sapiens,Homo sapiens,10xv3,115818,48676,38606,94686168,0.016796,True,74959121,757684052,10.108,6.333,vocsc+zstd,False,True,48
GSE248693,Homo sapiens,Homo sapiens,10xv3,115818,176697,38606,294755076,0.014403,True,235666894,2358747400,10.009,6.396,vocsc+zstd,False,True,173
GSE248695,Homo sapiens,Homo sapiens,10xv3,115818,262686,38606,415979046,0.013673,True,337520949,3328883116,9.863,6.491,vocsc+zstd,False,True,257
GSE248788,Homo sapiens,,,115818,62381,38606,25905211,0.003586,True,26144733,207491216,7.936,8.074,vocsc+zstd,False,True,61
GSE248838,Homo sapiens,Homo sapiens,10x_suspect,115818,45630,38606,33482606,0.006336,True,31078663,268043372,8.625,7.426,vocsc+zstd,False,True,45
GSE248907,Homo sapiens,Homo sapiens,10x_suspect,115818,326467,38606,287415732,0.007601,True,250703835,2300631728,9.177,6.978,vocsc+zstd,False,True,319
GSE248939,Mus musculus,Mus musculus,10xv3,171540,11786,57180,28235612,0.013966,True,23847588,225932044,9.474,6.757,vocsc+zstd,False,True,12
GSE248954,Homo sapiens,Homo sapiens,10x_multiome,115818,99518,38606,383975976,0.033314,True,291354074,3072205884,10.545,6.07,vocsc+zstd,False,True,98
GSE249005,Homo sapiens,Homo sapiens,10x_suspect,115818,28954,38606,73621992,0.021954,True,58270508,589091756,10.11,6.332,vocsc+zstd,False,True,29
GSE249006,Homo sapiens,,,115818,144047,38606,129955867,0.00779,True,141063892,1040223128,7.374,8.684,vocsc+zstd,False,True,141
GSE249036,Mus musculus,Mus musculus,10xv3,171540,31355,57180,126092521,0.023443,True,93801080,1008865592,10.755,5.951,vocsc+zstd,False,True,31
GSE249099,Danio rerio,Danio rerio,10xv3,97560,169316,32520,105562161,0.006391,True,102020492,845174556,8.284,7.732,vocsc+zstd,False,True,166
GSE249200,Mus musculus,Mus musculus,10x_suspect,171540,7992,57180,38802387,0.028303,True,32571187,310451068,9.531,6.715,vocsc+zstd,False,True,8
GSE249212,Mus musculus,Mus musculus,10x_suspect,171540,78939,57180,80269328,0.005928,True,67383926,642470384,9.534,6.716,vocsc+zstd,False,True,78
GSE249242,Mus musculus,Mus musculus,10x_suspect,171540,21835,57180,50069588,0.013368,True,43303782,400644048,9.252,6.919,vocsc+zstd,False,True,22
GSE249279,Homo sapiens,Homo sapiens,10xv3,115818,4162,38606,13776503,0.02858,True,12353513,110228676,8.923,7.174,vocsc+zstd,False,True,5
GSE249313,Homo sapiens,Homo sapiens,10xv2,115818,30487,38606,2510483,0.000711,True,4279161,20205816,4.722,13.636,vocsc+zstd,False,True,30
GSE249382,Mus musculus,Mus musculus,10xv3,171540,167460,57180,160956492,0.005603,True,141108192,1288321780,9.13,7.013,vocsc+zstd,False,True,164
GSE249384,Mus musculus,Mus musculus,10x_suspect,171540,42270,57180,64503373,0.008896,True,54524377,516196068,9.467,6.762,vocsc+zstd,False,True,42
GSE249426,Rattus norvegicus,Rattus norvegicus,10xv3,91686,53244,30562,208521669,0.042715,True,154922416,1668386332,10.769,5.944,vocsc+zstd,False,True,52
GSE249432,Mus musculus,Mus musculus,dropseq,171540,19,57180,215663,0.066169,True,1687235,1725384,1.023,62.588,vocsc+zstd,False,True,1
GSE249513,Homo sapiens,Homo sapiens,10x_suspect,115818,152697,38606,65964518,0.00373,True,69050974,528326936,7.651,8.374,vocsc+zstd,False,True,150
GSE249525,Homo sapiens,,,115818,43127,38606,24896030,0.004984,True,24251571,199340752,8.22,7.793,vocsc+zstd,False,True,43
GSE249572,Homo sapiens,Homo sapiens,10x_atac,115818,24400,38606,88259314,0.031232,True,64354742,706172116,10.973,5.833,vocsc+zstd,False,True,24
GSE249584,Homo sapiens,Homo sapiens,10xv3,115818,58612,38606,22096696,0.003255,True,22448480,177008020,7.885,8.127,vocsc+zstd,False,True,58
GSE249625,Mus musculus,Mus musculus,10xv3,171540,28767,57180,118875783,0.02409,True,89725768,951121336,10.6,6.038,vocsc+zstd,False,True,29
GSE249652,Gallus gallus,Gallus gallus,10x_suspect,90324,741178,30108,169036775,0.002525,True,189542332,1355258916,7.15,8.97,vocsc+zstd,False,True,724
GSE249658,Mus musculus,Mus musculus,10x_suspect,171540,13755,57180,27852451,0.011804,True,23694472,222874632,9.406,6.806,vocsc+zstd,False,True,14
GSE249659,Mus musculus,Mus musculus,unknown,171540,895,57180,61880,0.000403,True,1652760,498624,0.302,213.673,vocsc+zstd,False,True,1
GSE249735,Homo sapiens,Homo sapiens,dnbelab,115818,14252,38606,26404557,0.015997,True,22273467,211293468,9.486,6.748,vocsc+zstd,False,True,14
GSE249756,Danio rerio,,,97560,4199,32520,7082774,0.01729,True,6847234,56678992,8.278,7.734,vocsc+zstd,False,True,5
GSE249785,Mus musculus,Mus musculus,10x_multiome,171540,39089,57180,92610174,0.013811,True,73120016,741037752,10.135,6.316,vocsc+zstd,False,True,39
GSE249835,Mus musculus,Mus musculus,10xv3,171540,58697,57180,199059571,0.01977,True,159886905,1592711360,9.961,6.426,vocsc+zstd,False,True,58
GSE249838,Mus musculus,Mus musculus,10x_suspect,171540,42303,57180,200315409,0.027604,True,140807395,1602692488,11.382,5.623,vocsc+zstd,False,True,42
GSE249931,Mus musculus,Mus musculus,10xv3,171540,130986,57180,42580706,0.001895,True,37731472,341169596,9.042,7.089,vocsc+zstd,False,True,128
GSE249974,Homo sapiens,Homo sapiens,10xv3_5prime,115818,58244,38606,28685474,0.004252,True,28011341,229716772,8.201,7.812,vocsc+zstd,False,True,57
GSE249989,Mus musculus,Mus musculus,10xv3_5prime,171540,63119,57180,35480638,0.003277,True,35502600,284097584,8.002,8.005,vocsc+zstd,False,True,62
GSE250012,Mus musculus,Mus musculus,10xv3,171540,30413,57180,35239731,0.006755,True,29323453,282039504,9.618,6.657,vocsc+zstd,False,True,30
GSE250049,Mus musculus,Mus musculus,10xv3,171540,140253,57180,341505092,0.014194,True,265994810,2732601752,10.273,6.231,vocsc+zstd,False,True,137
GSE250056,Mus musculus,Mus musculus,10xv4,171540,596847,57180,142471069,0.001392,True,148926818,1142155944,7.669,8.363,vocsc+zstd,False,True,583
GSE250077,Homo sapiens,Homo sapiens,10xv3,115818,38506,38606,75733671,0.016982,True,60603084,606023396,10.0,6.402,vocsc+zstd,False,True,38
GSE250148,Homo sapiens,Homo sapiens,10xv3,115818,19970,38606,126942838,0.054885,True,86280597,1015622588,11.771,5.437,vocsc+zstd,False,True,20
GSE250209,Mus musculus,Mus musculus,10xv3,171540,14577,57180,69799517,0.027914,True,52015357,558454448,10.736,5.962,vocsc+zstd,False,True,15
GSE250242,Homo sapiens,Homo sapiens,10x_suspect,115818,71950,38606,19208020,0.002305,True,21007851,153951964,7.328,8.75,vocsc+zstd,False,True,71
GSE250243,Homo sapiens,Homo sapiens,10x_suspect,115818,68336,38606,13737696,0.001736,True,16624746,110174916,6.627,9.681,vocsc+zstd,False,True,67
GSE250341,Homo sapiens,Homo sapiens,10xv3,115818,51099,38606,199593147,0.033725,True,151202417,1596949576,10.562,6.06,vocsc+zstd,False,True,50
GSE250399,Homo sapiens,Homo sapiens,10xv3,115818,115860,38606,395352377,0.029463,True,289289687,3163282460,10.935,5.854,vocsc+zstd,False,True,114
GSE250433,Mus musculus,Mus musculus,10xv3,171540,25540,57180,11748517,0.002682,True,12583488,94090300,7.477,8.569,vocsc+zstd,False,True,25
GSE250444,Homo sapiens,Homo sapiens,10xv3,115818,7325,38606,25220463,0.029728,True,19693432,201793008,10.247,6.247,vocsc+zstd,False,True,8
GSE250482,Homo sapiens,Homo sapiens,10xv3,115818,57388,38606,146685524,0.022069,True,111410230,1173713748,10.535,6.076,vocsc+zstd,False,True,57
GSE250558,Homo sapiens,Homo sapiens,10xv3,115818,233794,38606,204806477,0.007564,True,176979928,1639386996,9.263,6.913,vocsc+zstd,False,True,229
GSE250572,Mus musculus,Mus musculus,10xv3_5prime,171540,17310,57180,3983765,0.001342,True,5658545,31939364,5.644,11.363,vocsc+zstd,False,True,17
GSE250589,Mus musculus,Mus musculus,10x_multiome,171540,164968,57180,391211049,0.013824,True,301530536,3130348268,10.382,6.166,vocsc+zstd,False,True,162
GSE250597,Mus musculus,Mus musculus,10xv3,171540,15493,57180,42512256,0.015996,True,35515995,340160024,9.578,6.683,vocsc+zstd,False,True,16
GSE250610,Danio rerio,Danio rerio,10xv3,97560,109010,32520,61288950,0.005763,True,55250524,490747644,8.882,7.212,vocsc+zstd,False,True,107
GSE250629,Mus musculus,Mus musculus,10xv3,171540,26232,57180,176121146,0.039139,True,122789395,1409074100,11.476,5.577,vocsc+zstd,False,True,26
GSE251647,Mus musculus,Mus musculus,10x_suspect,171540,5243,57180,9631041,0.010708,True,8877300,77069304,8.682,7.374,vocsc+zstd,False,True,6
GSE251658,Mus musculus,Mus musculus,10x_suspect,171540,75880,57180,45932716,0.003529,True,37920769,367765252,9.698,6.605,vocsc+zstd,False,True,75
GSE251679,Homo sapiens,,,115818,18918,38606,77273998,0.035268,True,57303089,618267660,10.789,5.932,vocsc+zstd,False,True,19
GSE251696,Homo sapiens,Homo sapiens,10x_suspect,115818,86804,38606,44034218,0.00438,True,42328491,352620964,8.331,7.69,vocsc+zstd,False,True,85
GSE251724,Mus musculus,Mus musculus,10xv3,171540,19700,57180,92180411,0.027278,True,68482041,737522092,10.77,5.943,vocsc+zstd,False,True,20
GSE251735,Mus musculus,Mus musculus,10xv3_5prime,171540,16094,57180,14038503,0.005085,True,14029668,112372404,8.01,7.995,vocsc+zstd,False,True,16
GSE251828,Danio rerio,Danio rerio,10xv2,97560,243869,32520,55725391,0.002342,True,52268535,446778608,8.548,7.504,vocsc+zstd,False,True,239
GSE251856,Danio rerio,Danio rerio,10xv3,97560,9893,32520,9512657,0.009856,True,9379699,76140832,8.118,7.888,vocsc+zstd,False,True,10
GSE251892,Homo sapiens,Homo sapiens,10xv3,115818,204761,38606,131371724,0.00554,True,112465699,1051792840,9.352,6.849,vocsc+zstd,False,True,200
GSE251913,Homo sapiens,Homo sapiens,unknown,115818,43221,38606,327810750,0.065487,True,238297949,2622658888,11.006,5.816,vocsc+zstd,False,True,43
GSE251923,Homo sapiens,Homo sapiens,10x_suspect,115818,20138,38606,1923123,0.000825,True,2749136,15465540,5.626,11.436,vocsc+zstd,False,True,20
GSE251931,Mus musculus,Mus musculus,10x_suspect,171540,370413,57180,195733744,0.00308,True,185906309,1567351608,8.431,7.598,vocsc+zstd,False,True,362
GSE251990,Homo sapiens,Homo sapiens,10xv3,115818,262347,38606,377165316,0.012413,True,323036450,3018371920,9.344,6.852,vocsc+zstd,False,True,257
GSE251991,Mus musculus,Mus musculus,10xv3,171540,86431,57180,112954462,0.007618,True,92186159,903981424,9.806,6.529,vocsc+zstd,False,True,85
GSE252032,Danio rerio,Danio rerio,10xv3,97560,7241,32520,38996433,0.055202,True,29479347,312000432,10.584,6.048,vocsc+zstd,False,True,8
GSE252078,Danio rerio,Danio rerio,10xv3,97560,5272,32520,4635614,0.009013,True,4876278,37106004,7.609,8.415,vocsc+zstd,False,True,6
GSE252086,Mus musculus,Mus musculus,10xv3,171540,10247,57180,7543908,0.004292,True,7919319,60392256,7.626,8.398,vocsc+zstd,False,True,11
GSE252175,Homo sapiens,Homo sapiens,10x_suspect,115818,15372,38606,54679775,0.030713,True,43327776,437499692,10.097,6.339,vocsc+zstd,False,True,16
GSE252214,Mus musculus,Mus musculus,10xv3,171540,6990,57180,34330389,0.028631,True,26666205,274671076,10.3,6.214,vocsc+zstd,False,True,7
GSE252273,Homo sapiens,,,115818,32734,38606,20616415,0.005438,True,19198930,165062260,8.597,7.45,vocsc+zstd,False,True,32
GSE252335,Mus musculus,Mus musculus,10xv3,171540,23689,57180,123746354,0.030452,True,88927532,990065592,11.133,5.749,vocsc+zstd,False,True,24
GSE252337,Mus musculus,Mus musculus,10x_suspect,171540,179977,57180,77662635,0.002516,True,74155417,622020992,8.388,7.639,vocsc+zstd,False,True,176
GSE252343,Mus musculus,Mus musculus,10xv3,171540,183200,57180,74870953,0.002382,True,74462334,599700428,8.054,7.956,vocsc+zstd,False,True,179
GSE252416,Homo sapiens,Homo sapiens,10xv3,115818,12244,38606,6913565,0.004875,True,7207076,55357500,7.681,8.34,vocsc+zstd,False,True,12
GSE252454,Mus musculus,Mus musculus,10xv3,171540,31659,57180,51213589,0.00943,True,45015155,409835352,9.104,7.032,vocsc+zstd,False,True,31
GSE252474,Mus musculus,Mus musculus,10x_suspect,171540,16164,57180,40450715,0.014589,True,33077285,323670380,9.785,6.542,vocsc+zstd,False,True,16
GSE252522,Homo sapiens,,,115818,210903,38606,421990715,0.017276,True,338387011,3376769336,9.979,6.415,vocsc+zstd,False,True,206
GSE252572,Homo sapiens,Homo sapiens,10x_suspect,115818,86565,38606,40362841,0.004026,True,39448041,323248992,8.194,7.819,vocsc+zstd,False,True,85
GSE252588,Mus musculus,Mus musculus,10xv2,171540,10356,57180,8689645,0.004892,True,9715876,69558588,7.159,8.945,vocsc+zstd,False,True,11
GSE252589,Mus musculus,Mus musculus,10x_suspect,171540,335099,57180,40163136,0.000699,True,47368483,322645488,6.811,9.435,vocsc+zstd,False,True,328
GSE252614,Homo sapiens,Homo sapiens,10xv3,115818,2167,38606,10085931,0.040187,True,9051698,80696120,8.915,7.18,vocsc+zstd,False,True,3
GSE252646,Mus musculus,Mus musculus,10x_suspect,171540,13783,57180,7865090,0.003327,True,9470265,62975856,6.65,9.633,vocsc+zstd,False,True,14
GSE252656,Mus musculus,,,171540,267799,57180,53496780,0.001165,True,61029708,429045440,7.03,9.126,vocsc+zstd,False,True,262
GSE252666,Homo sapiens,Homo sapiens,10xv2,115818,160440,38606,82028145,0.004414,True,71971928,656866924,9.127,7.019,vocsc+zstd,False,True,157
GSE252684,Mus musculus,Mus musculus,10xv3,171540,8440,57180,10705312,0.007394,True,10383489,85676260,8.251,7.76,vocsc+zstd,False,True,9
GSE252703,Mus musculus,Mus musculus,10xv3,171540,267470,57180,238588923,0.0052,True,208850147,1909781268,9.144,7.003,vocsc+zstd,False,True,262
GSE252786,Mus musculus,Mus musculus,10xv2,171540,26636,57180,28455711,0.006228,True,25533980,227752236,8.92,7.179,vocsc+zstd,False,True,27
GSE252830,Homo sapiens,Homo sapiens,10xv3_5prime,115818,897,38606,728316,0.007011,True,1714244,5830120,3.401,18.83,vocsc+zstd,False,True,1
GSE252833,Mus musculus,Mus musculus,10xv3,171540,55237,57180,77526404,0.008182,True,63448099,620432184,9.779,6.547,vocsc+zstd,False,True,54
GSE252835,Mus musculus,Mus musculus,10xv3_5prime,171540,10709,57180,19833713,0.010797,True,17417746,158712544,9.112,7.026,vocsc+zstd,False,True,11
GSE252844,Rattus norvegicus,Rattus norvegicus,10xv3,91686,109638,30562,78453717,0.007805,True,66051494,628068292,9.509,6.735,vocsc+zstd,False,True,108
GSE252859,Mus musculus,Mus musculus,10xv2,171540,4139,57180,10861802,0.015298,True,9494997,86910976,9.153,6.993,vocsc+zstd,False,True,5
GSE252867,Mus musculus,Mus musculus,10xv3_5prime,171540,36537,57180,20569498,0.003282,True,19875724,164702136,8.287,7.73,vocsc+zstd,False,True,36
GSE252891,Mus musculus,Mus musculus,10xv3_5prime,171540,43646,57180,77341009,0.01033,True,62455855,618902660,9.909,6.46,vocsc+zstd,False,True,43
GSE252964,Mus musculus,Mus musculus,10xv3_5prime,171540,11729,57180,25963670,0.012904,True,21467499,207756280,9.678,6.615,vocsc+zstd,False,True,12
GSE253006,Homo sapiens,Homo sapiens,10xv3,115818,63771,38606,131787553,0.017843,True,112906573,1054555512,9.34,6.854,vocsc+zstd,False,True,63
GSE253037,Mus musculus,Mus musculus,10xv3,171540,14998,57180,20027047,0.007784,True,17491492,160276372,9.163,6.987,vocsc+zstd,False,True,15
GSE253048,Mus musculus,Mus musculus,10xv3,171540,43255,57180,23698432,0.003194,True,23122163,189760480,8.207,7.805,vocsc+zstd,False,True,43
GSE253051,Mus musculus,Mus musculus,10xv3,171540,318199,57180,103783176,0.001901,True,107417321,831538208,7.741,8.28,vocsc+zstd,False,True,311
GSE253093,Mus musculus,,,171540,40038,57180,158168638,0.023029,True,123576012,1265509260,10.241,6.25,vocsc+zstd,False,True,40
GSE253153,Homo sapiens,Homo sapiens,10xv3,115818,12389,38606,33696863,0.023484,True,24932353,269624464,10.814,5.919,vocsc+zstd,False,True,13
GSE253168,Mus musculus,Mus musculus,10xv3,171540,580647,57180,832194017,0.008355,True,671239275,6659874728,9.922,6.453,vocsc+zstd,False,True,568
GSE253198,Homo sapiens,,,115818,10334,38606,21432993,0.017908,True,18692532,171505284,9.175,6.977,vocsc+zstd,False,True,11
GSE253250,Mus musculus,Mus musculus,10xv3,171540,287284,57180,53954362,0.001095,True,58450499,432784036,7.404,8.667,vocsc+zstd,False,True,281
GSE253285,Mus musculus,Mus musculus,10x_suspect,171540,16167,57180,54150162,0.019526,True,40352874,433265968,10.737,5.962,vocsc+zstd,False,True,16
GSE253320,Homo sapiens,Homo sapiens,10xv3,115818,4070,38606,23854070,0.050605,True,17402853,190848844,10.967,5.836,vocsc+zstd,False,True,4
GSE253338,Mus musculus,Mus musculus,10xv3,171540,11070,57180,9198498,0.004844,True,9571832,73632268,7.693,8.325,vocsc+zstd,False,True,11
GSE253397,Mus musculus,Mus musculus,10xv3,171540,66845,57180,52460534,0.004575,True,44775310,419951656,9.379,6.828,vocsc+zstd,False,True,66
GSE253425,Mus musculus,Mus musculus,10x_suspect,171540,52305,57180,116565923,0.012992,True,89413782,932736608,10.432,6.137,vocsc+zstd,False,True,52
GSE253432,Mus musculus,Mus musculus,10xv3,171540,15538,57180,43320606,0.016253,True,31977610,346627004,10.84,5.905,vocsc+zstd,False,True,16
GSE253453,Mus musculus,Mus musculus,10xv3,171540,40723,57180,98974503,0.014168,True,77954031,791958920,10.159,6.301,vocsc+zstd,False,True,40
GSE253459,Mus musculus,,,171540,152,57180,1537394,0.058963,True,2545798,12299764,4.831,13.247,vocsc+zstd,False,True,1
GSE253462,Homo sapiens,Homo sapiens,10xv3,115818,2704790,38606,1235557682,0.003944,True,1184776548,9895280620,8.352,7.671,vocsc+zstd,False,True,2642
GSE253581,Mus musculus,Mus musculus,10x_suspect,171540,237790,57180,290361453,0.007118,True,226201316,2323842788,10.273,6.232,vocsc+zstd,False,True,233
GSE253582,Mus musculus,Mus musculus,10x_suspect,171540,132166,57180,235438842,0.010385,True,180515852,1884039404,10.437,6.134,vocsc+zstd,False,True,130
GSE253648,Homo sapiens,Homo sapiens,10xv3,115818,355617,38606,261326604,0.006345,True,215880140,2092035304,9.691,6.609,vocsc+zstd,False,True,348
GSE253718,Homo sapiens,Homo sapiens,10xv3_5prime,115818,28425,38606,114504988,0.034781,True,92036633,916153608,9.954,6.43,vocsc+zstd,False,True,28
GSE253821,Homo sapiens,,,115818,25495,38606,121989096,0.041313,True,89227719,976014752,10.938,5.852,vocsc+zstd,False,True,25
GSE253823,Homo sapiens,,,115818,33478,38606,178385437,0.046007,True,129510456,1427217412,11.02,5.808,vocsc+zstd,False,True,33
GSE253848,Mus musculus,Mus musculus,10xv3,171540,7521,57180,29359552,0.022757,True,24320207,234906504,9.659,6.627,vocsc+zstd,False,True,8
GSE253901,Mus musculus,Mus musculus,10x_suspect,171540,59290,57180,233816404,0.022989,True,173669558,1870768396,10.772,5.942,vocsc+zstd,False,True,58
GSE253903,Homo sapiens,Homo sapiens,10xv3,115818,53879,38606,127557278,0.020441,True,105816299,1020673744,9.646,6.636,vocsc+zstd,False,True,53
GSE253936,Homo sapiens,Homo sapiens,10x_suspect,115818,21481,38606,163874934,0.065869,True,113784770,1311085400,11.523,5.555,vocsc+zstd,False,True,21
GSE253954,Macaca mulatta,Macaca mulatta; Mus musculus,10x_atac,106296,163002,35432,34196982,0.001974,True,36676633,274227868,7.477,8.58,vocsc+zstd,False,True,160
GSE253974,Mus musculus,Mus musculus,10xv3,171540,39052,57180,168849163,0.025205,True,131419717,1350949516,10.28,6.227,vocsc+zstd,False,True,39
GSE254011,Mus musculus,Mus musculus,10xv3,171540,6696,57180,25354022,0.022073,True,22670317,202858964,8.948,7.153,vocsc+zstd,False,True,7
GSE254050,Mus musculus,Mus musculus,10xv3_5prime,171540,8934,57180,8509713,0.005553,True,8707661,68113444,7.822,8.186,vocsc+zstd,False,True,9
GSE254051,Mus musculus,Mus musculus,10xv3_5prime,171540,11259,57180,9044775,0.004683,True,9413982,72403240,7.691,8.327,vocsc+zstd,False,True,11
GSE254082,Homo sapiens,Homo sapiens,10x_suspect,115818,60017,38606,128865617,0.018539,True,106040857,1031165008,9.724,6.583,vocsc+zstd,False,True,59
GSE254133,Homo sapiens,Homo sapiens,10xv3,115818,20807,38606,60512212,0.025111,True,53956077,484180928,8.974,7.133,vocsc+zstd,False,True,21
GSE254176,Homo sapiens,Homo sapiens,10xv2,115818,123189,38606,42801395,0.003,True,44962230,342903920,7.626,8.404,vocsc+zstd,False,True,121
GSE254188,Homo sapiens,Homo sapiens,10xv3,115818,22015,38606,18096343,0.007097,True,18276355,144858808,7.926,8.08,vocsc+zstd,False,True,22
GSE254191,Mus musculus,Mus musculus,10xv3,171540,15782,57180,53679537,0.019828,True,42039165,429499428,10.217,6.265,vocsc+zstd,False,True,16
GSE254258,Mus musculus,Mus musculus,dropseq,171540,88169,57180,9820616,0.000649,True,15675931,78917608,5.034,12.77,vocsc+zstd,False,True,87
GSE254282,Homo sapiens,Homo sapiens,10x_suspect,115818,166887,38606,312777810,0.016182,True,241029060,2502890032,10.384,6.165,vocsc+zstd,False,True,163
GSE254360,Mus musculus,Mus musculus,10xv3,171540,174062,57180,157577100,0.005277,True,135413659,1261313052,9.315,6.875,vocsc+zstd,False,True,170
GSE254379,Homo sapiens,Homo sapiens,10xv3,115818,9440,38606,1971110,0.001803,True,2647085,15806644,5.971,10.744,vocsc+zstd,False,True,10
GSE254542,Homo sapiens,Homo sapiens,10x_suspect,115818,294855,38606,466749440,0.013668,True,393544179,3735174944,9.491,6.745,vocsc+zstd,False,True,288
GSE254560,Mus musculus,Mus musculus,10xv3,171540,10274,57180,52108720,0.029567,True,39484019,416910860,10.559,6.062,vocsc+zstd,False,True,11
GSE254562,Drosophila melanogaster,Drosophila melanogaster,10xv3,72834,73584,24278,107907739,0.020134,True,83774367,863556252,10.308,6.211,vocsc+zstd,False,True,72
GSE254587,Mus musculus,Mus musculus,10xv3,171540,27840,57180,58062982,0.012158,True,43148145,464615220,10.768,5.945,vocsc+zstd,False,True,28
GSE254628,Mus musculus,Mus musculus,10x_suspect,171540,18526,57180,44594280,0.014032,True,36256721,356828348,9.842,6.504,vocsc+zstd,False,True,19
GSE254640,Mus musculus,Mus musculus,10x_suspect,171540,129912,57180,145566712,0.006532,True,122425521,1165053348,9.516,6.728,vocsc+zstd,False,True,127
GSE254641,Homo sapiens,Homo sapiens,10xv3,115818,3990,38606,51487173,0.111417,True,38826084,411913348,10.609,6.033,vocsc+zstd,False,True,4
GSE254652,Mus musculus,Mus musculus,10xv2,171540,26890,57180,60665956,0.013152,True,47021030,485435212,10.324,6.201,vocsc+zstd,False,True,27
GSE254812,Mus musculus,Mus musculus,10xv3,171540,301660,57180,482338355,0.009321,True,366060010,3859913484,10.544,6.071,vocsc+zstd,False,True,295
GSE254817,Homo sapiens,Homo sapiens,10xv3,115818,15016,38606,77964319,0.04483,True,54749948,623774620,11.393,5.618,vocsc+zstd,False,True,15
GSE254840,Unknown,Equus caballus,10xv3,116547,14709,38849,64882069,0.037848,True,48395258,519115392,10.727,5.967,vocsc+zstd,False,True,15
GSE254863,Mus musculus,,,171540,21487,57180,86167751,0.023378,True,67791665,689427960,10.17,6.294,vocsc+zstd,False,True,21
GSE254890,Homo sapiens,Homo sapiens; Mus musculus,10xv3,115818,89073,38606,111321481,0.010791,True,90101852,890928144,9.888,6.475,vocsc+zstd,False,True,87
GSE254914,Mus musculus,Mus musculus,10xv3,171540,21404,57180,116339107,0.031686,True,83711059,930798476,11.119,5.756,vocsc+zstd,False,True,21
GSE254964,Mus musculus,Mus musculus,10xv3,171540,67438,57180,15057741,0.001302,True,16234028,120731684,7.437,8.625,vocsc+zstd,False,True,66
GSE254975,Homo sapiens,Homo sapiens,10xv3_5prime,115818,17969,38606,6476247,0.003112,True,7376039,51881856,7.034,9.111,vocsc+zstd,False,True,18
GSE254999,Mus musculus,Mus musculus,10xv3,171540,10324,57180,35328125,0.019948,True,28114090,282666300,10.054,6.366,vocsc+zstd,False,True,11
GSE255019,Mus musculus,,,171540,25619,57180,187629525,0.042695,True,133268157,1501138680,11.264,5.682,vocsc+zstd,False,True,26
GSE255027,Macaca mulatta,Macaca mulatta,10xv3,106296,236191,35432,292670182,0.011657,True,239340590,2342306224,9.786,6.542,vocsc+zstd,False,True,231
GSE255060,Mus musculus,Mus musculus,10xv3,171540,58333,57180,186113095,0.018599,True,147463313,1489138096,10.098,6.339,vocsc+zstd,False,True,57
GSE255107,Homo sapiens,Homo sapiens,10x_suspect,115818,59706,38606,25294402,0.003658,True,25950319,202594044,7.807,8.207,vocsc+zstd,False,True,59
GSE255151,Mus musculus,Mus musculus,10xv3,171540,4465,57180,13703420,0.017891,True,13238280,109645224,8.282,7.728,vocsc+zstd,False,True,5
GSE255181,Mus musculus,Mus musculus,10xv3,171540,54814,57180,148844835,0.01583,True,116049137,1190977940,10.263,6.237,vocsc+zstd,False,True,54
GSE255198,Mus musculus,,,171540,9686,57180,13967470,0.008406,True,13062569,111778508,8.557,7.482,vocsc+zstd,False,True,10
GSE255202,Homo sapiens,Homo sapiens,10x_suspect,115818,2688,38606,4807984,0.015444,True,5157140,38474628,7.46,8.581,vocsc+zstd,False,True,3
GSE255254,Mus musculus,Mus musculus,10x_suspect,171540,4285,57180,12108853,0.016474,True,10613320,96887968,9.129,7.012,vocsc+zstd,False,True,5
GSE255282,Homo sapiens,Homo sapiens,10xv3,115818,94614,38606,153322303,0.013992,True,127934601,1226956884,9.591,6.675,vocsc+zstd,False,True,93
GSE255289,Mus musculus,Mus musculus,10xv3,171540,15983,57180,55530357,0.020254,True,45826789,444306792,9.695,6.602,vocsc+zstd,False,True,16
GSE255303,Danio rerio,Danio rerio,10x_suspect,97560,43806,32520,29456003,0.006892,True,27382964,235823252,8.612,7.437,vocsc+zstd,False,True,43
GSE255347,Homo sapiens,Homo sapiens,10xv3,115818,36889,38606,66201956,0.015495,True,53454835,529763208,9.91,6.46,vocsc+zstd,False,True,37
GSE255350,Mus musculus,Mus musculus,10xv3,171540,23629,57180,6600429,0.001628,True,8506994,52897952,6.218,10.311,vocsc+zstd,False,True,24
GSE255366,Mus musculus,,,171540,39156,57180,46558914,0.006932,True,36298109,372627940,10.266,6.237,vocsc+zstd,False,True,39
GSE255431,Homo sapiens,Homo sapiens,10xv3,115818,92722,38606,170094898,0.015839,True,126627511,1361130076,10.749,5.956,vocsc+zstd,False,True,91
GSE255447,Mus musculus,Mus musculus,10xv3,171540,30133,57180,149861584,0.028992,True,104343582,1199013208,11.491,5.57,vocsc+zstd,False,True,30
GSE255488,Mus musculus,Mus musculus,10xv2,171540,8927,57180,3480142,0.002273,True,4964539,27876848,5.615,11.412,vocsc+zstd,False,True,9
GSE255492,Mus musculus,Mus musculus,10x_suspect,171540,81251,57180,19607788,0.001407,True,21023502,157187312,7.477,8.578,vocsc+zstd,False,True,80
GSE255495,Mus musculus,Mus musculus; Homo sapiens,10xv3_5prime,171540,45368,57180,41614296,0.005347,True,39324738,333095844,8.47,7.56,vocsc+zstd,False,True,45
GSE255499,Mus musculus,Mus musculus,10x_suspect,171540,10659,57180,9575995,0.005237,True,10119647,76650600,7.574,8.454,vocsc+zstd,False,True,11
GSE255516,Homo sapiens,Homo sapiens,10xv2,115818,8067,38606,3506251,0.003753,True,4264340,28082280,6.585,9.73,vocsc+zstd,False,True,8
GSE255536,Homo sapiens,Homo sapiens,10xv3,115818,293688,38606,193280489,0.005682,True,158187053,1547418668,9.782,6.547,vocsc+zstd,False,True,287
GSE255566,Homo sapiens,Homo sapiens,10x_suspect,115818,22744,38606,70690619,0.026836,True,60265821,565615932,9.385,6.82,vocsc+zstd,False,True,23
GSE255614,Mus musculus,Mus musculus,10x_suspect,171540,20066,57180,53289478,0.015482,True,42288641,426396092,10.083,6.349,vocsc+zstd,False,True,20
GSE255661,Mus musculus,Mus musculus,10x_suspect,171540,57223,57180,29079635,0.002962,True,25752759,232865976,9.042,7.085,vocsc+zstd,False,True,56
GSE255696,Mus musculus,Mus musculus,10xv3,171540,12329,57180,60470675,0.028592,True,47725253,483814720,10.137,6.314,vocsc+zstd,False,True,13
GSE255738,Mus musculus,Mus musculus,10xv3,171540,3428,57180,12599209,0.021426,True,10881029,100807388,9.265,6.909,vocsc+zstd,False,True,4
GSE255755,Mus musculus,Mus musculus,10x_suspect,171540,6788,57180,28710954,0.024657,True,24336338,229714788,9.439,6.781,vocsc+zstd,False,True,7
GSE255757,Homo sapiens,Homo sapiens,10xv3,115818,12302,38606,39192305,0.027507,True,30917071,313587652,10.143,6.311,vocsc+zstd,False,True,13
GSE255895,Homo sapiens,Homo sapiens,10x_suspect,115818,41462,38606,73218729,0.015247,True,64596000,585915684,9.07,7.058,vocsc+zstd,False,True,41
GSE255989,Mus musculus,Mus musculus,10x_suspect,171540,13917,57180,41522299,0.017393,True,31139290,332234064,10.669,6.0,vocsc+zstd,False,True,14
GSE256025,Mus musculus,Mus musculus,10xv3,171540,165603,57180,168218658,0.005922,True,137081077,1346411680,9.822,6.519,vocsc+zstd,False,True,162
GSE256066,Homo sapiens,Homo sapiens,10xv3,115818,7744,38606,32292539,0.036005,True,22857821,258371292,11.303,5.663,vocsc+zstd,False,True,8
GSE256162,Homo sapiens,Homo sapiens,10x_atac,115818,43948,38606,324680665,0.063788,True,245268712,2597621116,10.591,6.043,vocsc+zstd,False,True,43
GSE256189,Mus musculus,Mus musculus,10xv3,171540,45509,57180,79084836,0.01013,True,66118596,632860728,9.572,6.688,vocsc+zstd,False,True,45
GSE256210,Mus musculus,Homo sapiens; Mus musculus,10xv2,171540,47517,57180,296139660,0.036331,True,219771808,2369307352,10.781,5.937,vocsc+zstd,False,True,47
GSE256266,Unknown,Caenorhabditis elegans,10xv3,140778,171565,46926,19004757,0.000787,True,24155022,152724320,6.323,10.168,vocsc+zstd,False,True,168
GSE256274,Unknown,Arabidopsis thaliana,10xv3,98499,1074040,98499,102267004,0.000967,True,121972608,822432196,6.743,9.542,vocsc+zstd,False,True,1049
GSE256291,Homo sapiens,Homo sapiens,10xv3,115818,87890,38606,97149343,0.009544,True,77050190,777546308,10.091,6.345,vocsc+zstd,False,True,86
GSE256301,Homo sapiens,Homo sapiens,10xv3_5prime,115818,27845,38606,17107800,0.005305,True,16361043,136973784,8.372,7.651,vocsc+zstd,False,True,28
GSE256339,Mus musculus,Mus musculus,10xv3,171540,17643,57180,79484468,0.026263,True,57299353,635946320,11.099,5.767,vocsc+zstd,False,True,18
GSE256350,Mus musculus,Mus musculus,10xv3,171540,161128,57180,94083417,0.003404,True,84303938,753311852,8.936,7.168,vocsc+zstd,False,True,158
GSE256416,Mus musculus,Mus musculus,10x_suspect,171540,134989,57180,212392719,0.009172,True,171572867,1699681712,9.906,6.462,vocsc+zstd,False,True,132
GSE256423,Mus musculus,Mus musculus,10x_suspect,171540,906795,57180,1142849540,0.007347,True,947321622,9146423504,9.655,6.631,vocsc+zstd,False,True,886
GSE256441,Mus musculus,,,171540,90378,57180,50164155,0.003236,True,43788557,401674756,9.173,6.983,vocsc+zstd,False,True,89
GSE256483,Mus musculus,,,171540,71006,57180,151890301,0.01247,True,125000024,1215406436,9.723,6.584,vocsc+zstd,False,True,70
GSE256486,Mus musculus,Mus musculus,10xv3,171540,89384,57180,241897957,0.015776,True,190245940,1935541196,10.174,6.292,vocsc+zstd,False,True,88
GSE256526,Homo sapiens,Homo sapiens,10x_suspect,115818,22487,38606,26852549,0.01031,True,22341592,214910344,9.619,6.656,vocsc+zstd,False,True,22
GSE257543,Mus musculus,Mus musculus,10x_suspect,171540,34571,57180,54136541,0.009129,True,47702295,433230616,9.082,7.049,vocsc+zstd,False,True,34
GSE257548,Unknown,Sus scrofa,10x_suspect,107010,68264,35670,178035936,0.024372,True,138589165,1424560548,10.279,6.227,vocsc+zstd,False,True,67
GSE257723,Mus musculus,Mus musculus,10xv3,171540,56451,57180,184060554,0.019007,True,137391483,1472710240,10.719,5.972,vocsc+zstd,False,True,56
GSE259337,Mus musculus,Mus musculus,10x_suspect,171540,23696,57180,157379871,0.038718,True,113176891,1259133756,11.125,5.753,vocsc+zstd,False,True,24
GSE259342,Mus musculus,Mus musculus,10xv3,171540,15577,57180,107544184,0.040247,True,75031398,860415784,11.467,5.581,vocsc+zstd,False,True,16
GSE259356,Mus musculus,Mus musculus,10x_suspect,171540,58496,57180,10049888,0.001002,True,11404570,80633092,7.07,9.078,vocsc+zstd,False,True,58
GSE259361,Mus musculus,Mus musculus,10x_suspect,171540,16847,57180,34113248,0.011804,True,28601845,272973376,9.544,6.708,vocsc+zstd,False,True,17
GSE260482,Mus musculus,Mus musculus,10xv3,171540,30051,57180,64571092,0.012526,True,53465839,516688944,9.664,6.624,vocsc+zstd,False,True,30
GSE260493,Mus musculus,,,171540,51800,57180,47786203,0.005378,True,44313281,382496828,8.632,7.419,vocsc+zstd,False,True,51
GSE260532,Homo sapiens,Homo sapiens,10xv3,115818,4447,38606,20425756,0.039658,True,16065189,163423840,10.173,6.292,vocsc+zstd,False,True,5
GSE260585,Mus musculus,Mus musculus,10x_suspect,171540,2362,57180,604252,0.001491,True,2155668,4843468,2.247,28.54,vocsc+zstd,False,True,3
GSE260641,Mus musculus,Mus musculus,10xv3,171540,20723,57180,42242996,0.011883,True,34855745,338026864,9.698,6.601,vocsc+zstd,False,True,21
GSE260658,Homo sapiens,Homo sapiens,10x_suspect,115818,25423,38606,84415899,0.02867,True,69167911,675428888,9.765,6.555,vocsc+zstd,False,True,25
GSE260659,Mus musculus,,,171540,236570,57180,233078920,0.005744,True,194993152,1865577644,9.567,6.693,vocsc+zstd,False,True,232
GSE260685,Homo sapiens,Homo sapiens,10xv2,115818,62954,38606,49601669,0.006803,True,43159367,397065172,9.2,6.961,vocsc+zstd,False,True,62
GSE260687,Mus musculus,Mus musculus,10xv3,171540,257425,57180,77668337,0.001759,True,78249310,622376400,7.954,8.06,vocsc+zstd,False,True,252
GSE260711,Homo sapiens,Homo sapiens,10xv3,115818,11885,38606,60048598,0.043624,True,43899217,480436328,10.944,5.848,vocsc+zstd,False,True,12
GSE260715,Homo sapiens,Homo sapiens,10xv3,115818,35787,38606,169072478,0.040792,True,134398298,1352722976,10.065,6.359,vocsc+zstd,False,True,35
GSE260723,Homo sapiens,Homo sapiens,10xv3,115818,8480,38606,13240557,0.013481,True,11229615,105958380,9.436,6.785,vocsc+zstd,False,True,9
GSE260749,Mus musculus,Mus musculus,10xv3,171540,36695,57180,230587619,0.036632,True,184149724,1844847736,10.018,6.389,vocsc+zstd,False,True,36
GSE260788,Mus musculus,Mus musculus,unknown_sc,171540,8722,57180,26696225,0.017843,True,21550273,213604692,9.912,6.458,vocsc+zstd,False,True,9
GSE260791,Mus musculus,Mus musculus,10xv3,171540,78442,57180,55899581,0.004154,True,51764737,447510420,8.645,7.408,vocsc+zstd,False,True,77
GSE260798,Mus musculus,Mus musculus,10xv3,171540,97006,57180,77026085,0.004629,True,64546749,616596708,9.553,6.704,vocsc+zstd,False,True,95
GSE260799,Mus musculus,Mus musculus,10xv3,171540,15547,57180,51510254,0.019314,True,40594091,412144224,10.153,6.305,vocsc+zstd,False,True,16
GSE260800,Mus musculus,Mus musculus,10xv3,171540,9386,57180,55638725,0.034557,True,41961385,445147348,10.608,6.033,vocsc+zstd,False,True,10
GSE260842,Homo sapiens,Homo sapiens,10xv3,115818,38331,38606,103216948,0.02325,True,88017136,825888912,9.383,6.822,vocsc+zstd,False,True,38
GSE260908,Mus musculus,Mus musculus,10x_suspect,171540,23463,57180,10319328,0.002564,True,11506189,82648480,7.183,8.92,vocsc+zstd,False,True,23
GSE260936,Mus musculus,Mus musculus,unknown,171540,113681,57180,60940168,0.003125,True,60362173,487976072,8.084,7.924,vocsc+zstd,False,True,112
GSE260946,Mus musculus,Mus musculus,10xv3,171540,9659,57180,61787580,0.037291,True,42182345,494339280,11.719,5.462,vocsc+zstd,False,True,10
GSE260952,Mus musculus,Mus musculus,10xv3,171540,27800,57180,55503601,0.011639,True,44039075,444140012,10.085,6.348,vocsc+zstd,False,True,28
GSE260953,Homo sapiens,Homo sapiens,10x_suspect,115818,68028,38606,145160457,0.018424,True,120095156,1161555772,9.672,6.619,vocsc+zstd,False,True,67
GSE260983,Mus musculus,Mus musculus,10x_suspect,171540,9027,57180,21553121,0.013919,True,17895891,172461080,9.637,6.643,vocsc+zstd,False,True,9
GSE261012,Homo sapiens,Homo sapiens,10xv3,115818,11827,38606,22205401,0.016211,True,19433925,177690520,9.143,7.002,vocsc+zstd,False,True,12
GSE261072,Mus musculus,Mus musculus,10x_suspect,171540,16593,57180,66257107,0.023278,True,54982632,530123232,9.642,6.639,vocsc+zstd,False,True,17
GSE261110,Homo sapiens,,,115818,162724,38606,265205653,0.014072,True,211905367,2122296124,10.015,6.392,vocsc+zstd,False,True,159
GSE261147,Homo sapiens,Homo sapiens,10x_suspect,115818,19997,38606,77913127,0.033641,True,62660739,623385008,9.949,6.434,vocsc+zstd,False,True,20
GSE261157,Homo sapiens,,,115818,30587,38606,16420272,0.004635,True,13281831,131484528,9.9,6.471,vocsc+zstd,False,True,30
GSE261163,Danio rerio,Danio rerio,10xv3,97560,84734,32520,45521456,0.005507,True,43057972,364510588,8.466,7.567,vocsc+zstd,False,True,83
GSE261171,Homo sapiens,Homo sapiens,10xv3,115818,154466,38606,333764812,0.018657,True,270988730,2670736364,9.856,6.495,vocsc+zstd,False,True,151
GSE261178,Homo sapiens,Homo sapiens,10x_suspect,115818,13648,38606,52119348,0.032973,True,41776095,417009380,9.982,6.412,vocsc+zstd,False,True,14
GSE261211,Mus musculus,Mus musculus; Homo sapiens,dnbelab,171540,19606,57180,34882521,0.010372,True,29714458,279138596,9.394,6.815,vocsc+zstd,False,True,20
GSE261450,Homo sapiens,Homo sapiens,10xv3,115818,18285,38606,109233732,0.051581,True,82622054,873943000,10.578,6.051,vocsc+zstd,False,True,18
GSE261494,Mus musculus,Mus musculus,10xv2,171540,44728,57180,72944320,0.009507,True,63946016,583733476,9.129,7.013,vocsc+zstd,False,True,44
GSE261503,Gallus gallus,Gallus gallus,10xv3,90324,5172,30108,17210748,0.036842,True,13532012,137706676,10.176,6.29,vocsc+zstd,False,True,6
GSE261508,Mus musculus,Mus musculus,10xv3,171540,6644,57180,43407335,0.038086,True,33779514,347285260,10.281,6.226,vocsc+zstd,False,True,7
GSE261529,Mus musculus,Mus musculus,10xv3,171540,79101,57180,37073515,0.002732,True,35446375,296904528,8.376,7.649,vocsc+zstd,False,True,78
GSE261553,Mus musculus,,,171540,8208,57180,6356172,0.004514,True,7456940,50882212,6.823,9.385,vocsc+zstd,False,True,9
GSE261619,Danio rerio,Danio rerio,10x_suspect,97560,4456,32520,8497232,0.019546,True,7740750,67995684,8.784,7.288,vocsc+zstd,False,True,5
GSE261686,Homo sapiens,Homo sapiens,10xv3,115818,26247,38606,73756337,0.024263,True,58882266,590155688,10.023,6.387,vocsc+zstd,False,True,26
GSE261693,Homo sapiens,Homo sapiens,10xv3_5prime,115818,13203,38606,10817399,0.007074,True,10745018,86592008,8.059,7.946,vocsc+zstd,False,True,13
GSE261706,Homo sapiens,Homo sapiens,10xv2,115818,60776,38606,57664749,0.008192,True,52217523,461561100,8.839,7.244,vocsc+zstd,False,True,60
GSE261714,Mus musculus,Mus musculus,10xv3,171540,10871,57180,56536786,0.030318,True,41690331,452337776,10.85,5.899,vocsc+zstd,False,True,11
GSE261727,Mus musculus,Mus musculus,10xv3,171540,12614,57180,70582611,0.03262,True,50564265,564711348,11.168,5.731,vocsc+zstd,False,True,13
GSE261774,Homo sapiens,Homo sapiens,10xv3,115818,60785,38606,190782238,0.0271,True,155478086,1526501048,9.818,6.52,vocsc+zstd,False,True,60
GSE261829,Mus musculus,,,171540,25939,57180,84807624,0.01906,True,66248979,678564752,10.243,6.249,vocsc+zstd,False,True,26
GSE261874,Mus musculus,Mus musculus,10xv3,171540,18597,57180,44851313,0.014059,True,34964737,358884896,10.264,6.237,vocsc+zstd,False,True,19
GSE261917,Homo sapiens,Homo sapiens,10xv3,115818,40179,38606,29023446,0.006237,True,28540244,232348288,8.141,7.867,vocsc+zstd,False,True,40
GSE261943,Mus musculus,Mus musculus,10x_suspect,171540,4385,57180,3181393,0.004229,True,4503959,25468688,5.655,11.326,vocsc+zstd,False,True,5
GSE261971,Mus musculus,Mus musculus,10x_suspect,171540,84444,57180,19330959,0.001335,True,21059760,154985452,7.359,8.715,vocsc+zstd,False,True,83
GSE262081,Homo sapiens,Homo sapiens,10x_suspect,115818,20568,38606,205568753,0.086296,True,143376629,1644632300,11.471,5.58,vocsc+zstd,False,True,21
GSE262091,Homo sapiens,Homo sapiens,10xv3,115818,8893,38606,36515395,0.035453,True,30720740,292158736,9.51,6.73,vocsc+zstd,False,True,9
GSE262101,Mus musculus,Mus musculus,10xv3,171540,18956,57180,53593496,0.016482,True,42461425,428823796,10.099,6.338,vocsc+zstd,False,True,19
GSE262196,Mus musculus,Mus musculus,10x_suspect,171540,7624,57180,35921350,0.027467,True,27965703,287401300,10.277,6.228,vocsc+zstd,False,True,8
GSE262225,Unknown,,,107010,255246,35670,135185105,0.004949,True,120341564,1082501828,8.995,7.122,vocsc+zstd,False,True,250
GSE262227,Unknown,,,107010,48760,35670,150254340,0.028796,True,113063590,1202229764,10.633,6.02,vocsc+zstd,False,True,48
GSE262247,Danio rerio,,,97560,12931,32520,38037323,0.030151,True,31100571,304350312,9.786,6.541,vocsc+zstd,False,True,13
GSE262292,Mus musculus,Mus musculus,10x_suspect,171540,13737,57180,56312875,0.023897,True,41315257,450557952,10.905,5.869,vocsc+zstd,False,True,14
GSE262349,Homo sapiens,Homo sapiens,10xv3,115818,30350,38606,23989562,0.006825,True,21957665,192037900,8.746,7.322,vocsc+zstd,False,True,30
GSE262355,Homo sapiens,Homo sapiens; Mus musculus,10x_suspect,115818,36207,38606,7015826,0.001673,True,6649166,56271440,8.463,7.582,vocsc+zstd,False,True,36
GSE262370,Mus musculus,Mus musculus,10xv3_5prime,171540,6725,57180,6744835,0.005847,True,7452901,53985584,7.244,8.84,vocsc+zstd,False,True,7
GSE262400,Mus musculus,Mus musculus,10x_suspect,171540,1018,57180,4808820,0.027538,True,5191093,38474636,7.412,8.636,vocsc+zstd,False,True,1
GSE262468,Mus musculus,Mus musculus,10xv3,171540,37214,57180,169620530,0.026571,True,122718766,1357113100,11.059,5.788,vocsc+zstd,False,True,37
GSE262474,Mus musculus,Mus musculus,10x_suspect,171540,58372,57180,230720882,0.023042,True,170287740,1846000548,10.84,5.905,vocsc+zstd,False,True,58
GSE262477,Mus musculus,Mus musculus,10x_multiome,171540,215348,57180,29643209,0.000802,True,36715599,238007068,6.482,9.909,vocsc+zstd,False,True,211
GSE262502,Mus musculus,Mus musculus,10x_suspect,171540,15570,57180,22516880,0.008431,True,19275326,180197324,9.349,6.848,vocsc+zstd,False,True,16
GSE262544,Mus musculus,Mus musculus,10xv3,171540,17411,57180,79482799,0.026612,True,64144906,635932040,9.914,6.456,vocsc+zstd,False,True,18
GSE262575,Homo sapiens,Homo sapiens,10xv3,115818,92531,38606,117971348,0.011008,True,97471262,944140912,9.686,6.61,vocsc+zstd,False,True,91
GSE262584,Mus musculus,Mus musculus,10xv2,171540,16541,57180,12523158,0.004414,True,12367336,100251432,8.106,7.9,vocsc+zstd,False,True,17
GSE262599,Mus musculus,Mus musculus,10xv3,171540,10545,57180,23805475,0.01316,True,20266250,190485984,9.399,6.811,vocsc+zstd,False,True,11
GSE262644,Mus musculus,Mus musculus,10x_suspect,171540,78942,57180,218460912,0.016132,True,164928662,1748003068,10.599,6.04,vocsc+zstd,False,True,78
GSE262727,Mus musculus,Mus musculus,10xv3,171540,29922,57180,78870476,0.015366,True,60834878,631083500,10.374,6.171,vocsc+zstd,False,True,30
GSE262740,Mus musculus,Mus musculus,10xv2,171540,16823,57180,14443015,0.005005,True,15200567,115611416,7.606,8.42,vocsc+zstd,False,True,17
GSE262758,Unknown,,,108225,35704,36075,85271185,0.022068,True,69125822,682312300,9.871,6.485,vocsc+zstd,False,True,35
GSE262774,Mus musculus,Mus musculus,10x_suspect,171540,23408,57180,140649937,0.035028,True,108737792,1125293132,10.349,6.185,vocsc+zstd,False,True,23
GSE262775,Homo sapiens,Homo sapiens,10x_suspect,115818,250475,38606,431492333,0.014874,True,343665302,3452940568,10.047,6.372,vocsc+zstd,False,True,245
GSE262811,Mus musculus,Mus musculus,10xv3,171540,158712,57180,534711711,0.01964,True,413115049,4278328540,10.356,6.181,vocsc+zstd,False,True,155
GSE262858,Mus musculus,,,171540,288488,57180,56106668,0.001134,True,62835401,450007300,7.162,8.959,vocsc+zstd,False,True,282
GSE262873,Mus musculus,Mus musculus,10x_suspect,171540,7212,57180,8936611,0.007224,True,10743597,71521740,6.657,9.618,vocsc+zstd,False,True,8
GSE262898,Mus musculus,Mus musculus,10x_suspect,171540,223386,57180,196571293,0.00513,True,163875033,1573463892,9.602,6.669,vocsc+zstd,False,True,219
GSE262979,Mus musculus,Mus musculus,dropseq,171540,2811,57180,1184901,0.002457,True,2860727,9490456,3.317,19.315,vocsc+zstd,False,True,3
GSE262989,Homo sapiens,Homo sapiens; Mus musculus,unknown,115818,66341,38606,16451874,0.002141,True,17767851,131880360,7.422,8.64,vocsc+zstd,False,True,65
GSE263018,Homo sapiens,Homo sapiens,10xv3,115818,154285,38606,385034207,0.021548,True,293547516,3080890800,10.495,6.099,vocsc+zstd,False,True,151
GSE263035,Mus musculus,Mus musculus,10xv3,171540,38324,57180,60186104,0.009155,True,51117293,481642132,9.422,6.795,vocsc+zstd,False,True,38
GSE263041,Mus musculus,Mus musculus,10x_suspect,171540,134833,57180,262333723,0.011342,True,218354658,2099209120,9.614,6.659,vocsc+zstd,False,True,132
GSE263042,Mus musculus,Mus musculus,10x_suspect,171540,152675,57180,326035432,0.012449,True,268348126,2608894160,9.722,6.585,vocsc+zstd,False,True,150
GSE263061,Homo sapiens,Homo sapiens,10xv3,115818,299760,38606,142298921,0.004099,True,129333668,1139590412,8.811,7.271,vocsc+zstd,False,True,293
GSE263090,Homo sapiens,Homo sapiens,10x_suspect,115818,4189,38606,21720111,0.044769,True,16319908,173777648,10.648,6.011,vocsc+zstd,False,True,5
GSE263094,Mus musculus,Mus musculus,10xv3,171540,19194,57180,77575368,0.023561,True,62059357,620679724,10.001,6.4,vocsc+zstd,False,True,19
GSE263101,Mus musculus,Mus musculus,10x_suspect,171540,38369,57180,221307386,0.033624,True,154164747,1770612568,11.485,5.573,vocsc+zstd,False,True,38
GSE263189,Mus musculus,Mus musculus,10xv3,171540,36294,57180,91186256,0.014646,True,72011187,729635228,10.132,6.318,vocsc+zstd,False,True,36
GSE263194,Homo sapiens,Homo sapiens,10xv3,115818,28140,38606,192412661,0.059038,True,127336964,1539413852,12.089,5.294,vocsc+zstd,False,True,28
GSE263204,Homo sapiens,Homo sapiens,10xv3,115818,28482,38606,141809679,0.042989,True,106842552,1134591364,10.619,6.027,vocsc+zstd,False,True,28
GSE263230,Homo sapiens,Homo sapiens,10xv3,115818,31163,38606,60501782,0.016763,True,50437885,484138912,9.599,6.669,vocsc+zstd,False,True,31
GSE263235,Mus musculus,Mus musculus,10xv3,171540,34199,57180,73335498,0.012501,True,55304732,586820784,10.611,6.033,vocsc+zstd,False,True,34
GSE263280,Unknown,Canis lupus familiaris,10xv3,93363,89389,93363,17767522,0.002129,True,20441582,142497736,6.971,9.204,vocsc+zstd,False,True,88
GSE263294,Homo sapiens,Homo sapiens,10xv3,115818,33664,38606,34442341,0.008834,True,28136146,275673388,9.798,6.535,vocsc+zstd,False,True,33
GSE263468,Homo sapiens,Homo sapiens,10xv3,115818,908102,38606,309545411,0.002943,True,313371760,2479995700,7.914,8.099,vocsc+zstd,False,True,887
GSE263545,Mus musculus,Mus musculus,10xv3,171540,33781,57180,70969700,0.012247,True,57688467,567892728,9.844,6.503,vocsc+zstd,False,True,33
GSE263590,Homo sapiens,Homo sapiens,10xv3,115818,8370,38606,49923249,0.051499,True,34989934,399419476,11.415,5.607,vocsc+zstd,False,True,9
GSE263612,Homo sapiens,Homo sapiens,indrop,115818,2072,38606,206926,0.000862,True,1244094,1663700,1.337,48.098,vocsc+zstd,False,True,3
GSE263623,Mus musculus,Mus musculus,10xv3,171540,56081,57180,28126027,0.002924,True,26813852,225232544,8.4,7.627,vocsc+zstd,False,True,55
GSE263625,Mus musculus,,,171540,102128,57180,131682194,0.007517,True,105162042,1053866068,10.021,6.389,vocsc+zstd,False,True,100
GSE263666,Homo sapiens,Homo sapiens,10xv2,115818,65727,38606,9136697,0.0012,True,11677168,73356488,6.282,10.224,vocsc+zstd,False,True,65
GSE263694,Mus musculus,Mus musculus,10x_suspect,171540,7978,57180,21136864,0.015445,True,17146689,169126828,9.864,6.49,vocsc+zstd,False,True,8
GSE263770,Mus musculus,Mus musculus,10x_suspect,171540,68626,57180,97738699,0.008303,True,80975757,782184100,9.659,6.628,vocsc+zstd,False,True,68
GSE263784,Homo sapiens,Homo sapiens,10xv3,115818,228295,38606,477767242,0.018069,True,386561253,3823051120,9.89,6.473,vocsc+zstd,False,True,223
GSE263790,Mus musculus,Mus musculus,10xv3,171540,268678,57180,41147804,0.000893,True,47416113,330257148,6.965,9.219,vocsc+zstd,False,True,263
GSE263859,Homo sapiens,Homo sapiens,10xv3,115818,7845,38606,24743776,0.027233,True,20371960,197981592,9.718,6.587,vocsc+zstd,False,True,8
GSE263869,Mus musculus,Mus musculus,10x_suspect,171540,61423,57180,30603519,0.002905,True,30005460,245073848,8.168,7.844,vocsc+zstd,False,True,60
GSE263930,Mus musculus,Mus musculus,10x_suspect,171540,70980,57180,310935500,0.025537,True,247894549,2487767924,10.036,6.378,vocsc+zstd,False,True,70
GSE263989,Macaca mulatta,Macaca mulatta,10x_suspect,106296,121969,35432,372092291,0.0287,True,271785288,2977226208,10.954,5.843,vocsc+zstd,False,True,120
GSE263998,Mus musculus,Mus musculus,10xv3,171540,10363,57180,10828205,0.006091,True,10532489,86667096,8.229,7.782,vocsc+zstd,False,True,11
GSE264000,Mus musculus,Mus musculus,10xv3,171540,9705,57180,15950483,0.009581,True,14482674,127642688,8.813,7.264,vocsc+zstd,False,True,10
GSE264004,Mus musculus,Mus musculus,10x_suspect,171540,59990,57180,13313975,0.001294,True,11543484,106751764,9.248,6.936,vocsc+zstd,False,True,59
GSE264080,Homo sapiens,Homo sapiens,10xv3,115818,459575,38606,557724934,0.010478,True,472512668,4463637776,9.447,6.778,vocsc+zstd,False,True,449
GSE264124,Mus musculus,Mus musculus,10xv3,171540,24856,57180,47411640,0.01112,True,37544872,379392548,10.105,6.335,vocsc+zstd,False,True,25
GSE264194,Mus musculus,Mus musculus,10xv3,171540,39908,57180,118126957,0.017255,True,90952729,945175292,10.392,6.16,vocsc+zstd,False,True,39
GSE264196,Homo sapiens,Homo sapiens,10x_suspect,115818,126813,38606,436520130,0.029721,True,338967687,3492668296,10.304,6.212,vocsc+zstd,False,True,124
GSE264241,Mus musculus,Mus musculus,10x_suspect,171540,10862,57180,15292076,0.008207,True,14366158,122380060,8.519,7.516,vocsc+zstd,False,True,11
GSE264253,Mus musculus,Mus musculus,10x_suspect,171540,5964,57180,1993992,0.001949,True,3645174,15975796,4.383,14.625,vocsc+zstd,False,True,6
GSE264303,Homo sapiens,Homo sapiens,10xv3,115818,7497,38606,4224495,0.004865,True,4768750,33825952,7.093,9.031,vocsc+zstd,False,True,8
GSE264310,Danio rerio,,,97560,149223,32520,23922899,0.001643,True,27517762,191980088,6.977,9.202,vocsc+zstd,False,True,146
GSE264385,Unknown,Monodelphis domestica,10xv3,104955,308358,34985,54964547,0.001698,True,54773008,440949812,8.05,7.972,vocsc+zstd,False,True,302
GSE264452,Mus musculus,Mus musculus,10xv3,171540,109394,57180,73862821,0.003936,True,64906266,591340148,9.111,7.03,vocsc+zstd,False,True,107
GSE264489,Homo sapiens,Homo sapiens,10xv3,115818,35378,38606,90449730,0.022075,True,71988398,723739356,10.054,6.367,vocsc+zstd,False,True,35
GSE264508,Homo sapiens,Homo sapiens,10xv2,115818,5714,38606,14688252,0.022195,True,12610733,117528876,9.32,6.868,vocsc+zstd,False,True,6
GSE264567,Mus musculus,,,171540,90560,57180,89630499,0.00577,True,75494935,717406236,9.503,6.738,vocsc+zstd,False,True,89
GSE264573,Homo sapiens,Homo sapiens,10xv3,115818,5995,38606,26271315,0.037837,True,21588834,210194504,9.736,6.574,vocsc+zstd,False,True,6
GSE264579,Mus musculus,Mus musculus,10xv2,171540,466572,57180,169079723,0.002113,True,166611335,1354504076,8.13,7.883,vocsc+zstd,False,True,456
GSE264620,Mus musculus,Mus musculus,10xv3,171540,74974,57180,235784838,0.018333,True,178784885,1886578604,10.552,6.066,vocsc+zstd,False,True,74
GSE264624,Homo sapiens,Homo sapiens,10xv3,115818,430377,38606,363872170,0.0073,True,299527473,2912698872,9.724,6.585,vocsc+zstd,False,True,421
GSE264681,Homo sapiens,Homo sapiens,10xv3_5prime,115818,13742,38606,10464018,0.006575,True,9771761,83767116,8.572,7.471,vocsc+zstd,False,True,14
GSE264736,Mus musculus,,,171540,20178,57180,94704136,0.027361,True,71324611,757713804,10.623,6.025,vocsc+zstd,False,True,20
GSE264737,Mus musculus,,,171540,29869,57180,110050209,0.021479,True,83498503,880521152,10.545,6.07,vocsc+zstd,False,True,30
GSE264739,Mus musculus,Mus musculus,10xv3,171540,51566,57180,145096830,0.016403,True,108935997,1160980908,10.657,6.006,vocsc+zstd,False,True,51
GSE265817,Mus musculus,Mus musculus,10x_suspect,171540,43376,57180,158409679,0.02129,True,130119271,1267450940,9.741,6.571,vocsc+zstd,False,True,43
GSE265836,Rattus norvegicus,Rattus norvegicus,10xv3,91686,64679,30562,247325074,0.041706,True,187124777,1978859312,10.575,6.053,vocsc+zstd,False,True,64
GSE265843,Mus musculus,Mus musculus,10x_suspect,171540,35286,57180,124312074,0.020537,True,95678516,994637740,10.396,6.157,vocsc+zstd,False,True,35
GSE265891,Mus musculus,Mus musculus,10x_suspect,171540,21106,57180,6546884,0.001808,True,7862935,52459500,6.672,9.608,vocsc+zstd,False,True,21
GSE265908,Mus musculus,Mus musculus,10x_suspect,171540,39438,57180,136098337,0.020117,True,99592327,1088944452,10.934,5.854,vocsc+zstd,False,True,39
GSE265943,Mus musculus,Mus musculus,10xv3,171540,121953,57180,28917834,0.001382,True,34715660,231830488,6.678,9.604,vocsc+zstd,False,True,120
GSE265996,Mus musculus,Mus musculus,10xv3,171540,233542,57180,39606990,0.000989,True,52543966,317790092,6.048,10.613,vocsc+zstd,False,True,229
GSE266033,Mus musculus,Mus musculus,10xv3,171540,94644,57180,103066225,0.006348,True,88670725,824908380,9.303,6.883,vocsc+zstd,False,True,93
GSE266035,Homo sapiens,Homo sapiens,10xv2,115818,25504,38606,27552103,0.009328,True,23342633,220518844,9.447,6.778,vocsc+zstd,False,True,25
GSE266079,Homo sapiens,Homo sapiens,10xv3_5prime,115818,24983,38606,15586112,0.005387,True,15442030,124788832,8.081,7.926,vocsc+zstd,False,True,25
GSE266115,Mus musculus,Mus musculus,10xv3,171540,9843,57180,15896656,0.009415,True,14060941,127212624,9.047,7.076,vocsc+zstd,False,True,10
GSE266155,Homo sapiens,Homo sapiens,10xv3,115818,7754,38606,55177797,0.061442,True,40125030,441453396,11.002,5.818,vocsc+zstd,False,True,8
GSE266165,Mus musculus,Mus musculus,10xv2,171540,54165,57180,16525000,0.001779,True,13450374,132416664,9.845,6.512,vocsc+zstd,False,True,53
GSE266190,Mus musculus,Mus musculus,10x_suspect,171540,12256,57180,66858952,0.031801,True,48984902,534920644,10.92,5.861,vocsc+zstd,False,True,12
GSE266216,Homo sapiens,,,115818,378660,38606,134171136,0.003059,True,132911864,1074883732,8.087,7.925,vocsc+zstd,False,True,370
GSE266232,Mus musculus,Mus musculus,10xv3,171540,211198,57180,416377331,0.011493,True,302842925,3331863444,11.002,5.819,vocsc+zstd,False,True,207
GSE266233,Mus musculus,Mus musculus,10x_suspect,171540,42093,57180,155368862,0.021517,True,123712151,1243119272,10.048,6.37,vocsc+zstd,False,True,42
GSE266254,Mus musculus,,,171540,35529,57180,39371570,0.00646,True,35616996,315114680,8.847,7.237,vocsc+zstd,False,True,35
GSE266307,Homo sapiens,Homo sapiens,10x_suspect,115818,4728,38606,51092007,0.093304,True,37581548,408754972,10.876,5.885,vocsc+zstd,False,True,5
GSE266326,Mus musculus,Mus musculus,10x_suspect,171540,42737,57180,152928904,0.02086,True,120231661,1223602184,10.177,6.29,vocsc+zstd,False,True,42
GSE266383,Homo sapiens,Homo sapiens,10xv3,115818,29271,38606,45653852,0.013467,True,38169842,365347904,9.572,6.689,vocsc+zstd,False,True,29
GSE266410,Mus musculus,Mus musculus,10xv3,171540,20678,57180,66948081,0.018874,True,53851173,535667364,9.947,6.435,vocsc+zstd,False,True,21
GSE266427,Homo sapiens,Homo sapiens,10xv3,115818,1005325,38606,427826618,0.003674,True,403717802,3426634248,8.488,7.549,vocsc+zstd,False,True,982
GSE266432,Mus musculus,Mus musculus,10x_suspect,171540,47479,57180,136057613,0.016705,True,108874709,1088650824,9.999,6.402,vocsc+zstd,False,True,47
GSE266447,Mus musculus,Mus musculus,10xv3,171540,131144,57180,229941112,0.010221,True,178065814,1840053476,10.334,6.195,vocsc+zstd,False,True,129
GSE266455,Homo sapiens,Homo sapiens,10xv2,115818,41536,38606,25925443,0.005389,True,28804541,207569692,7.206,8.888,vocsc+zstd,False,True,41
GSE266467,Mus musculus,Mus musculus,10x_suspect,171540,57525,57180,103681361,0.010507,True,83179128,829680992,9.975,6.418,vocsc+zstd,False,True,57
GSE266488,Homo sapiens,Homo sapiens,10xv3,115818,18579,38606,31198629,0.014499,True,25706676,249663352,9.712,6.592,vocsc+zstd,False,True,19
GSE266497,Mus musculus,Mus musculus,10xv3,171540,45342,57180,127080052,0.016338,True,92175314,1016821788,11.031,5.803,vocsc+zstd,False,True,45
GSE266518,Mus musculus,,,171540,6810,57180,16204307,0.013871,True,13449185,129661700,9.641,6.64,vocsc+zstd,False,True,7
GSE266526,Homo sapiens,,,115818,286579,38606,405237573,0.012209,True,324194644,3243046904,10.003,6.4,vocsc+zstd,False,True,280
GSE266528,Mus musculus,Mus musculus,10x_suspect,171540,63012,57180,28355408,0.002623,True,28573376,227095316,7.948,8.061,vocsc+zstd,False,True,62
GSE266576,Macaca mulatta,Macaca mulatta,10xv3,106296,23383,35432,12203942,0.00491,True,13318428,97725072,7.338,8.731,vocsc+zstd,False,True,23
GSE266597,Mus musculus,Mus musculus,10xv3_5prime,171540,134836,57180,386180460,0.016696,True,298638418,3089983028,10.347,6.187,vocsc+zstd,False,True,132
GSE266600,Mus musculus,Mus musculus,10xv3,171540,25915,57180,160389044,0.036079,True,119269020,1283216016,10.759,5.949,vocsc+zstd,False,True,26
GSE266608,Mus musculus,,,171540,283161,57180,169245166,0.003484,True,137789164,1355093976,9.835,6.513,vocsc+zstd,False,True,277
GSE266610,Mus musculus,Mus musculus,10xv3,171540,2803,57180,12358165,0.025702,True,11438022,98876536,8.645,7.404,vocsc+zstd,False,True,3
GSE266615,Homo sapiens,Homo sapiens,10x_suspect,115818,45236,38606,11707012,0.002235,True,10009067,93837044,9.375,6.84,vocsc+zstd,False,True,45
GSE266616,Homo sapiens,Homo sapiens,10xv3,115818,390387,38606,791399309,0.017503,True,646278923,6332756024,9.799,6.533,vocsc+zstd,False,True,382
GSE266667,Homo sapiens,Homo sapiens,10xv3,115818,2169,38606,18668265,0.074314,True,14165179,149354800,10.544,6.07,vocsc+zstd,False,True,3
GSE266671,Mus musculus,Mus musculus,10xv3,171540,14607,57180,88411061,0.035284,True,65289715,707346920,10.834,5.908,vocsc+zstd,False,True,15
GSE266696,Homo sapiens,Homo sapiens,10xv2,115818,100579,38606,50316565,0.004319,True,49792016,402934840,8.092,7.917,vocsc+zstd,False,True,99
GSE266789,Homo sapiens,Homo sapiens,10xv3,115818,2109,38606,13423608,0.054956,True,10473859,107397304,10.254,6.242,vocsc+zstd,False,True,3
GSE266897,Homo sapiens,Homo sapiens,10xv3,115818,1802,38606,1811318,0.008679,True,2558929,14497756,5.666,11.302,vocsc+zstd,False,True,2
GSE266985,Homo sapiens,Homo sapiens,10xv3_5prime,115818,49125,38606,11274455,0.001982,True,12876583,90392144,7.02,9.137,vocsc+zstd,False,True,48
GSE267005,Mus musculus,Mus musculus,10xv3,171540,7195,57180,9697222,0.007857,True,8998727,77606560,8.624,7.424,vocsc+zstd,False,True,8
GSE267033,Homo sapiens,Homo sapiens,10xv3,115818,21845,38606,82667312,0.032674,True,65667193,661425880,10.072,6.355,vocsc+zstd,False,True,22
GSE267097,Homo sapiens,Homo sapiens,10xv3,115818,226620,38606,537250494,0.020469,True,421319455,4298910436,10.203,6.274,vocsc+zstd,False,True,222
GSE267144,Mus musculus,Mus musculus,10x_suspect,171540,876,57180,224235,0.001492,True,1780524,1797388,1.009,63.523,vocsc+zstd,False,True,1
GSE267190,Mus musculus,Mus musculus,10xv3,171540,8801,57180,43412515,0.028755,True,31285727,347335328,11.102,5.765,vocsc+zstd,False,True,9
GSE267191,Mus musculus,Mus musculus,10xv2,171540,12674,57180,11362997,0.005227,True,11022087,90954676,8.252,7.76,vocsc+zstd,False,True,13
GSE267204,Mus musculus,Mus musculus,10xv3,171540,21065,57180,42628737,0.011797,True,34450927,341114160,9.901,6.465,vocsc+zstd,False,True,21
GSE267240,Mus musculus,Mus musculus,10xv3,171540,22695,57180,82495607,0.02119,True,63749686,660055640,10.354,6.182,vocsc+zstd,False,True,23
GSE267265,Mus musculus,Mus musculus,10xv3,171540,88488,57180,56448947,0.003719,True,52274319,451945532,8.646,7.408,vocsc+zstd,False,True,87
GSE267351,Mus musculus,Mus musculus,10xv3,171540,138711,57180,89715237,0.00377,True,76389820,718276744,9.403,6.812,vocsc+zstd,False,True,136
GSE267355,Unknown,Felis catus,10xv2,88650,47507,88650,16209687,0.003849,True,20734071,129867528,6.263,10.233,vocsc+zstd,False,True,47
GSE267377,Mus musculus,Mus musculus,10xv2,171540,5573,57180,1952579,0.002042,True,3457347,15642928,4.525,14.165,vocsc+zstd,False,True,6
GSE267467,Mus musculus,Mus musculus,10x_suspect,171540,12884,57180,20426509,0.009242,True,17283294,163463612,9.458,6.769,vocsc+zstd,False,True,13
GSE267591,Mus musculus,Mus musculus,10xv3,171540,14868,57180,45485899,0.017834,True,35656950,363946668,10.207,6.271,vocsc+zstd,False,True,15
GSE267644,Homo sapiens,,,115818,107051,38606,146599378,0.011824,True,121239045,1173223232,9.677,6.616,vocsc+zstd,False,True,105
GSE267718,Homo sapiens,Homo sapiens,10x_suspect,115818,239424,38606,142611547,0.005143,True,134811189,1141850076,8.47,7.562,vocsc+zstd,False,True,234
GSE267719,Mus musculus,Mus musculus,10xv3,171540,92833,57180,256529583,0.016109,True,194027780,2052608000,10.579,6.051,vocsc+zstd,False,True,91
GSE267731,Mus musculus,Mus musculus,10x_suspect,171540,320391,57180,296274353,0.005391,True,253787733,2371476392,9.344,6.853,vocsc+zstd,False,True,313
GSE267750,Homo sapiens,Homo sapiens,10xv3,115818,361718,38606,104178011,0.002487,True,109698969,834870964,7.611,8.424,vocsc+zstd,False,True,354
GSE267767,Mus musculus,Mus musculus,10x_suspect,171540,25577,57180,130468641,0.029737,True,100134807,1043851440,10.424,6.14,vocsc+zstd,False,True,25
GSE267777,Homo sapiens,Homo sapiens,10x_suspect,115818,9458,38606,35245565,0.032176,True,28693272,282002356,9.828,6.513,vocsc+zstd,False,True,10
GSE267926,Mus musculus,Mus musculus,10xv3,171540,57526,57180,284682252,0.028849,True,213017101,2277688124,10.693,5.986,vocsc+zstd,False,True,57
GSE267932,Homo sapiens,Homo sapiens,10xv3,115818,182091,38606,95206820,0.004514,True,89679616,762382928,8.501,7.536,vocsc+zstd,False,True,178
GSE268022,Mus musculus,,,171540,13673,57180,19565508,0.008342,True,16905327,156578760,9.262,6.912,vocsc+zstd,False,True,14
GSE268094,Homo sapiens,Homo sapiens,10xv3,115818,7031,38606,51251696,0.062938,True,36084582,410041696,11.363,5.633,vocsc+zstd,False,True,7
GSE268112,Mus musculus,Mus musculus; Plasmodium berghei ANKA,10xv3,171540,73482,57180,193857442,0.015379,True,142003124,1551153468,10.923,5.86,vocsc+zstd,False,True,72
GSE268117,Rattus norvegicus,Rattus norvegicus,10xv3,91686,11400,30562,4665372,0.004464,True,5257918,37368580,7.107,9.016,vocsc+zstd,False,True,12
GSE268138,Mus musculus,Mus musculus,10xv3,171540,66912,57180,42124530,0.00367,True,39310064,337263892,8.58,7.465,vocsc+zstd,False,True,66
GSE268210,Homo sapiens,Homo sapiens,10xv2,115818,25625,38606,7516651,0.002533,True,8647496,60235712,6.966,9.204,vocsc+zstd,False,True,26
GSE268222,Homo sapiens,,,115818,2375,38606,9850708,0.035812,True,8032584,78815168,9.812,6.523,vocsc+zstd,False,True,3
GSE268235,Mus musculus,Mus musculus,10xv3,171540,14120,57180,66212772,0.027336,True,53608009,529758660,9.882,6.477,vocsc+zstd,False,True,14
GSE268238,Homo sapiens,Homo sapiens,10xv3,115818,49475,38606,74211250,0.012951,True,65659127,593887904,9.045,7.078,vocsc+zstd,False,True,49
GSE268298,Mus musculus,Mus musculus,10x_suspect,171540,4841,57180,7822973,0.00942,True,7730675,62603152,8.098,7.906,vocsc+zstd,False,True,5
GSE268314,Mus musculus,,,171540,14753,57180,45528713,0.01799,True,34840721,364288720,10.456,6.122,vocsc+zstd,False,True,15
GSE268343,Mus musculus,Mus musculus,10xv3,171540,27001,57180,122955190,0.026546,True,98523633,983749528,9.985,6.41,vocsc+zstd,False,True,27
GSE268419,Mus musculus,Mus musculus,10x_suspect,171540,17193,57180,26749023,0.00907,True,21848189,214060960,9.798,6.534,vocsc+zstd,False,True,17
GSE268426,Homo sapiens,Homo sapiens,10xv3,115818,37441,38606,35555431,0.008199,True,32083697,284593216,8.87,7.219,vocsc+zstd,False,True,37
GSE268451,Homo sapiens,Homo sapiens,10x_suspect,115818,18160,38606,152917858,0.072705,True,102612106,1223415508,11.923,5.368,vocsc+zstd,False,True,18
GSE268466,Mus musculus,Mus musculus,10xv3,171540,42232,57180,83909808,0.011583,True,66332827,671447396,10.122,6.324,vocsc+zstd,False,True,42
GSE268519,Mus musculus,Mus musculus,10x_suspect,171540,4523,57180,7273092,0.009374,True,6938775,58202832,8.388,7.632,vocsc+zstd,False,True,5
GSE268654,Mus musculus,Mus musculus,10xv3,171540,9177,57180,28375406,0.018025,True,23178193,227039960,9.795,6.535,vocsc+zstd,False,True,9
GSE268690,Mus musculus,Mus musculus,10xv3,171540,5074,57180,39686578,0.045596,True,29118108,317512924,10.904,5.87,vocsc+zstd,False,True,5
GSE268741,Mus musculus,Mus musculus,10xv3,171540,7312,57180,34878976,0.027808,True,27403499,279061060,10.183,6.285,vocsc+zstd,False,True,8
GSE268749,Mus musculus,Mus musculus,10xv3,171540,11413,57180,42843009,0.021883,True,31405696,342789728,10.915,5.864,vocsc+zstd,False,True,12
GSE268764,Mus musculus,Mus musculus,10xv3,171540,186052,57180,177018605,0.005547,True,150688521,1416893052,9.403,6.81,vocsc+zstd,False,True,182
GSE268818,Mus musculus,Mus musculus,10x_suspect,171540,233942,57180,52376167,0.001305,True,56986022,419945108,7.369,8.704,vocsc+zstd,False,True,229
GSE268876,Mus musculus,Mus musculus,10x_suspect,171540,593129,57180,200844692,0.001974,True,205051971,1609130056,7.847,8.168,vocsc+zstd,False,True,580
GSE268903,Homo sapiens,Homo sapiens,10xv2,115818,45415,38606,24448678,0.004648,True,23657167,195771088,8.275,7.741,vocsc+zstd,False,True,45
GSE268904,Homo sapiens,Homo sapiens,10xv3,115818,85030,38606,251088341,0.025496,True,203725662,2009046852,9.862,6.491,vocsc+zstd,False,True,84
GSE269056,Mus musculus,Mus musculus,10xv3,171540,273063,57180,62282236,0.00133,True,66612011,499350144,7.496,8.556,vocsc+zstd,False,True,267
GSE269137,Mus musculus,Mus musculus,10xv3,171540,14072,57180,85970084,0.035614,True,58774572,687816964,11.703,5.469,vocsc+zstd,False,True,14
GSE269174,Mus musculus,Mus musculus,10x_suspect,171540,25000,57180,72329209,0.016866,True,55965620,578733676,10.341,6.19,vocsc+zstd,False,True,25
GSE269194,Homo sapiens,Homo sapiens,10xv2,115818,15925,38606,11278323,0.006115,True,11647868,90290288,7.752,8.262,vocsc+zstd,False,True,16
GSE269201,Mus musculus,,,171540,8438,57180,69130236,0.04776,True,48755055,553075644,11.344,5.642,vocsc+zstd,False,True,9
GSE269232,Danio rerio,Danio rerio,10xv3,97560,369140,32520,147635153,0.004099,True,144602486,1182557788,8.178,7.836,vocsc+zstd,False,True,361
GSE269300,Mus musculus,Mus musculus,10x_suspect,171540,28254,57180,10041154,0.002072,True,11461006,80442252,7.019,9.131,vocsc+zstd,False,True,28
GSE269335,Homo sapiens,Homo sapiens,10xv3,115818,119850,38606,309047596,0.022264,True,230824279,2472860172,10.713,5.975,vocsc+zstd,False,True,118
GSE269338,Homo sapiens,Homo sapiens,10xv3,115818,35917,38606,30273177,0.007277,True,27768738,242329088,8.727,7.338,vocsc+zstd,False,True,36
GSE269347,Mus musculus,Mus musculus,10x_suspect,171540,100339,57180,113459746,0.006592,True,97928199,908079328,9.273,6.905,vocsc+zstd,False,True,98
GSE269378,Danio rerio,Danio rerio,10xv3,97560,7072,32520,18105969,0.026243,True,15502771,144876044,9.345,6.85,vocsc+zstd,False,True,7
GSE269395,Mus musculus,Mus musculus,10xv3,171540,2552686,57180,665678905,0.00152,True,602098929,5335641988,8.862,7.236,vocsc+zstd,False,True,2493
GSE269400,Mus musculus,Mus musculus,10xv3_5prime,171540,12896,57180,15048123,0.006802,True,13922730,120436572,8.65,7.402,vocsc+zstd,False,True,13
GSE269422,Mus musculus,Mus musculus,dnbelab,171540,305594,57180,457895852,0.008735,True,348690876,3664389196,10.509,6.092,vocsc+zstd,False,True,299
GSE269430,Mus musculus,Mus musculus,10xv3,171540,81856,57180,78048541,0.005558,True,66063962,624715756,9.456,6.772,vocsc+zstd,False,True,80
GSE269455,Mus musculus,Mus musculus,10xv3,171540,25590,57180,114864203,0.026167,True,86628687,919015988,10.609,6.033,vocsc+zstd,False,True,25
GSE269490,Rattus norvegicus,Rattus norvegicus,10xv3,91686,5104,30562,19304739,0.041252,True,15402634,154458332,10.028,6.383,vocsc+zstd,False,True,5
GSE269516,Mus musculus,Mus musculus; synthetic construct; Mus,10xv2,171540,49711,57180,24881366,0.002918,True,25703763,199249776,7.752,8.264,vocsc+zstd,False,True,49
GSE269575,Mus musculus,Mus musculus,10xv3,171540,85238,57180,32340322,0.002212,True,32343840,259063532,8.01,8.001,vocsc+zstd,False,True,84
GSE269596,Homo sapiens,,,115818,44609,38606,281757466,0.054535,True,193868761,2254238168,11.628,5.505,vocsc+zstd,False,True,44
GSE269597,Mus musculus,Mus musculus,10x_suspect,171540,3936,57180,6222488,0.009216,True,6308341,49795652,7.894,8.11,vocsc+zstd,False,True,4
GSE269612,Mus musculus,Mus musculus,10xv3,171540,514632,57180,604211784,0.006844,True,513911121,4835752804,9.41,6.804,vocsc+zstd,False,True,503
GSE269624,Unknown,Arabidopsis thaliana,10xv3,98499,27225,98499,76776889,0.028631,True,56439853,614324016,10.885,5.881,vocsc+zstd,False,True,27
GSE269631,Homo sapiens,Homo sapiens,10xv3,115818,60473,38606,173931312,0.024834,True,138725327,1391692392,10.032,6.381,vocsc+zstd,False,True,60
GSE269634,Mus musculus,Mus musculus,10xv3,171540,117908,57180,651697055,0.032221,True,491597399,5214048076,10.606,6.035,vocsc+zstd,False,True,116
GSE269660,Mus musculus,Mus musculus,10x_suspect,171540,13368,57180,46020246,0.020069,True,37232086,368215444,9.89,6.472,vocsc+zstd,False,True,14
GSE269697,Mus musculus,Mus musculus,10xv3,171540,11363,57180,34390533,0.017643,True,29030284,275169720,9.479,6.753,vocsc+zstd,False,True,12
GSE269828,Mus musculus,Mus musculus,10xv3,171540,5029,57180,17939750,0.020795,True,16890796,143538120,8.498,7.532,vocsc+zstd,False,True,5
GSE269942,Homo sapiens,Homo sapiens,10xv3,115818,16645,38606,137498121,0.071324,True,106865812,1100051552,10.294,6.218,vocsc+zstd,False,True,17
GSE269953,Mus musculus,Mus musculus,10xv3,171540,62030,57180,211204837,0.019849,True,154236418,1689886820,10.956,5.842,vocsc+zstd,False,True,61
GSE270050,Mus musculus,,,171540,40811,57180,68179153,0.009739,True,57856503,545596472,9.43,6.789,vocsc+zstd,False,True,40
GSE270060,Mus musculus,Mus musculus,10x_suspect,171540,14448,57180,25014565,0.010093,True,20534157,200174316,9.748,6.567,vocsc+zstd,False,True,15
GSE270083,Homo sapiens,Homo sapiens,10xv3,115818,72893,38606,124904042,0.014795,True,101975357,999523912,9.802,6.531,vocsc+zstd,False,True,72
GSE270099,Mus musculus,Mus musculus,10xv3,171540,20368,57180,45184447,0.012932,True,36433879,361557052,9.924,6.451,vocsc+zstd,False,True,20
GSE270109,Homo sapiens,Homo sapiens,10xv3,115818,81281,38606,41638582,0.004423,True,38887798,333433784,8.574,7.471,vocsc+zstd,False,True,80
GSE270140,Unknown,Arabidopsis thaliana,10xv3,98499,11503,98499,44295077,0.039094,True,35978574,354406632,9.85,6.498,vocsc+zstd,False,True,12
GSE270170,Homo sapiens,,,115818,123314,38606,153496078,0.010748,True,123684426,1228461884,9.932,6.446,vocsc+zstd,False,True,121
GSE270205,Mus musculus,Mus musculus,10xv3,171540,17149,57180,84627509,0.028768,True,66585356,677088672,10.169,6.294,vocsc+zstd,False,True,17
GSE270226,Mus musculus,Mus musculus,10xv3,171540,17888,57180,58435197,0.019044,True,44878430,467553132,10.418,6.144,vocsc+zstd,False,True,18
GSE270228,Mus musculus,Mus musculus,10x_suspect,171540,19610,57180,21980161,0.006534,True,19865049,175919732,8.856,7.23,vocsc+zstd,False,True,20
GSE270235,Homo sapiens,Homo sapiens,10x_suspect,115818,53027,38606,29746752,0.004844,True,28746650,238186128,8.286,7.731,vocsc+zstd,False,True,52
GSE270237,Mus musculus,Mus musculus,10xv3,171540,158229,57180,93063925,0.003429,True,85569169,745144320,8.708,7.356,vocsc+zstd,False,True,155
GSE270250,Homo sapiens,Homo sapiens,10xv3,115818,717138,38606,675359021,0.008131,True,598200383,5405740724,9.037,7.086,vocsc+zstd,False,True,701
GSE270283,Mus musculus,Mus musculus,10xv3,171540,11091,57180,52610175,0.027652,True,39010683,420925768,10.79,5.932,vocsc+zstd,False,True,11
GSE270292,Homo sapiens,Homo sapiens; Mus musculus,10xv3,115818,148225,38606,136392163,0.007945,True,115348044,1091730208,9.465,6.766,vocsc+zstd,False,True,145
GSE270296,Homo sapiens,Homo sapiens,10xv3,115818,311490,38606,46108858,0.001278,True,57989878,370116828,6.382,10.061,vocsc+zstd,False,True,305
GSE270321,Homo sapiens,Homo sapiens,10xv3,115818,106153,38606,38978152,0.00317,True,39522261,312249832,7.901,8.112,vocsc+zstd,False,True,104
GSE270486,Danio rerio,Mus musculus; Danio rerio,10xv3,97560,16810,32520,30286644,0.018468,True,26042008,242360396,9.307,6.879,vocsc+zstd,False,True,17
GSE270533,Homo sapiens,Homo sapiens,10x_suspect,115818,12259,38606,23219379,0.016354,True,19400622,185804072,9.577,6.684,vocsc+zstd,False,True,12
GSE270667,Homo sapiens,Homo sapiens,10xv2,115818,58942,38606,33701727,0.004937,True,35474848,269849588,7.607,8.421,vocsc+zstd,False,True,58
GSE270694,Mus musculus,Mus musculus,10x_suspect,171540,23220,57180,20522589,0.005152,True,20047998,164273596,8.194,7.815,vocsc+zstd,False,True,23
GSE270772,Mus musculus,Mus musculus,10xv3,171540,8539,57180,18768982,0.012814,True,15614345,150186016,9.618,6.655,vocsc+zstd,False,True,9
GSE270797,Danio rerio,Danio rerio,10x_suspect,97560,4600,32520,9698847,0.021612,True,8926292,77609180,8.694,7.363,vocsc+zstd,False,True,5
GSE270846,Mus musculus,Mus musculus,10xv3,171540,139147,57180,61025072,0.002557,True,52847663,488757168,9.248,6.928,vocsc+zstd,False,True,136
GSE270866,Unknown,Zea mays,10xv3,132909,74402,44303,132088561,0.013358,True,103384772,1057006100,10.224,6.262,vocsc+zstd,False,True,73
GSE270945,Homo sapiens,Homo sapiens,10xv3,115818,18992,38606,58628125,0.026654,True,44576117,469100972,10.524,6.083,vocsc+zstd,False,True,19
GSE270981,Mus musculus,,,171540,3130,57180,13810322,0.025721,True,12202474,110495100,9.055,7.069,vocsc+zstd,False,True,4
GSE271031,Mus musculus,Mus musculus,10xv2,171540,22113,57180,104802164,0.027628,True,77477059,838505768,10.823,5.914,vocsc+zstd,False,True,22
GSE271065,Homo sapiens,Homo sapiens,10x_suspect,115818,10806,38606,1236043,0.000988,True,2295070,9931572,4.327,14.854,vocsc+zstd,False,True,11
GSE271177,Mus musculus,Mus musculus,10xv3,171540,32999,57180,65185361,0.011516,True,52189499,521614888,9.995,6.405,vocsc+zstd,False,True,33
GSE271209,Mus musculus,Mus musculus,10x_suspect,171540,146372,57180,12460276,0.000496,True,19615400,100267700,5.112,12.594,vocsc+zstd,False,True,143
GSE271441,Mus musculus,Mus musculus,10x_suspect,171540,16518,57180,110903369,0.03914,True,78691742,887293028,11.276,5.676,vocsc+zstd,False,True,17
GSE271451,Mus musculus,Mus musculus,10xv3,171540,66957,57180,164936630,0.01436,True,132767908,1319760872,9.94,6.44,vocsc+zstd,False,True,66
GSE271480,Mus musculus,Mus musculus,10x_suspect,171540,13824,57180,76512179,0.032265,True,56604260,612152732,10.815,5.918,vocsc+zstd,False,True,14
GSE271508,Mus musculus,Mus musculus,10xv2,171540,22124,57180,28036207,0.007387,True,23764688,224378156,9.442,6.781,vocsc+zstd,False,True,22
GSE271543,Homo sapiens,Homo sapiens,10xv3,115818,11137,38606,12206547,0.009463,True,11066465,97696928,8.828,7.253,vocsc+zstd,False,True,11
GSE271592,Mus musculus,,,171540,43673,57180,74467752,0.00994,True,61185515,595916712,9.74,6.573,vocsc+zstd,False,True,43
GSE271609,Homo sapiens,Homo sapiens,10xv3,115818,24915,38606,141172309,0.048923,True,97999330,1129478136,11.525,5.553,vocsc+zstd,False,True,25
GSE271630,Mus musculus,Mus musculus,10xv3,171540,9311,57180,57963480,0.03629,True,42840576,463745088,10.825,5.913,vocsc+zstd,False,True,10
GSE271634,Mus musculus,Mus musculus,10xv3,171540,6512,57180,36192173,0.032399,True,27993052,289563436,10.344,6.188,vocsc+zstd,False,True,7
GSE271665,Mus musculus,Mus musculus,10xv3_5prime,171540,17163,57180,42635101,0.014481,True,34361325,341149464,9.928,6.448,vocsc+zstd,False,True,17
GSE271670,Mus musculus,Mus musculus,10xv2,171540,17029,57180,15385063,0.005267,True,15245470,123148624,8.078,7.927,vocsc+zstd,False,True,17
GSE271852,Homo sapiens,Homo sapiens,10x_suspect,115818,453485,38606,315660135,0.00601,True,271967032,2527095024,9.292,6.893,vocsc+zstd,False,True,443
GSE271913,Homo sapiens,Homo sapiens,10xv3,115818,6168,38606,2610742,0.003655,True,3621912,20910612,5.773,11.098,vocsc+zstd,False,True,7
GSE271915,Homo sapiens,Homo sapiens,10xv3,115818,105589,38606,378458090,0.030947,True,294175775,3028087080,10.293,6.218,vocsc+zstd,False,True,104
GSE271925,Mus musculus,,,171540,20838,57180,107443882,0.030058,True,80395915,859634412,10.693,5.986,vocsc+zstd,False,True,21
GSE271944,Homo sapiens,Homo sapiens,10x_suspect,115818,29073,38606,169311285,0.050283,True,126058469,1354606576,10.746,5.956,vocsc+zstd,False,True,29
GSE271946,Mus musculus,Mus musculus,10xv3,171540,18483,57180,31065333,0.009798,True,28092493,248596600,8.849,7.234,vocsc+zstd,False,True,19
GSE271959,Homo sapiens,Homo sapiens,10xv3,115818,165542,38606,55464395,0.002893,True,53767233,444377332,8.265,7.755,vocsc+zstd,False,True,162
GSE271966,Homo sapiens,Homo sapiens,10xv3_5prime,115818,14663,38606,5031117,0.002963,True,5906218,40307592,6.825,9.392,vocsc+zstd,False,True,15
GSE271974,Rattus norvegicus,Rattus norvegicus,10xv3,91686,27169,30562,83783633,0.033634,True,63203455,670377744,10.607,6.035,vocsc+zstd,False,True,27
GSE271984,Homo sapiens,Homo sapiens,10xv3,115818,275120,38606,181444586,0.005694,True,165690637,1452657172,8.767,7.305,vocsc+zstd,False,True,269
GSE272189,Homo sapiens,Homo sapiens,10x_suspect,115818,97656,38606,606776397,0.053648,True,440288468,4854601804,11.026,5.805,vocsc+zstd,False,True,96
GSE272271,Homo sapiens,Homo sapiens,10xv2,115818,49466,38606,83043943,0.014495,True,66892544,664549412,9.935,6.444,vocsc+zstd,False,True,49
GSE272284,Mus musculus,Mus musculus,10xv3,171540,10728,57180,42628313,0.023164,True,35115602,341069420,9.713,6.59,vocsc+zstd,False,True,11
GSE272380,Mus musculus,Mus musculus,10x_suspect,171540,36548,57180,128725305,0.020532,True,95289658,1029948636,10.809,5.922,vocsc+zstd,False,True,36
GSE272390,Mus musculus,Mus musculus,10xv3_5prime,171540,6450,57180,2204169,0.001992,True,3782942,17659156,4.668,13.73,vocsc+zstd,False,True,7
GSE272412,Mus musculus,Mus musculus,10xv3,171540,22425,57180,66346812,0.017247,True,54351214,530864200,9.767,6.554,vocsc+zstd,False,True,22
GSE272479,Mus musculus,Mus musculus,10xv3,171540,4179,57180,19895676,0.027754,True,14871015,159182128,10.704,5.98,vocsc+zstd,False,True,5
GSE272612,Mus musculus,Mus musculus,10x_suspect,171540,47439,57180,55041611,0.006764,True,48970054,440522648,8.996,7.118,vocsc+zstd,False,True,47
GSE272642,Mus musculus,Mus musculus,10x_multiome,171540,40827,57180,165979393,0.0237,True,123376609,1327998456,10.764,5.947,vocsc+zstd,False,True,40
GSE272704,Mus musculus,Mus musculus,10xv3,171540,10382,57180,27110515,0.015223,True,22908670,216925652,9.469,6.76,vocsc+zstd,False,True,11
GSE272714,Mus musculus,Mus musculus,10xv3,171540,8264,57180,42383875,0.029898,True,31999224,339104060,10.597,6.04,vocsc+zstd,False,True,9
GSE272759,Mus musculus,Mus musculus,10xv3,171540,53418,57180,10947683,0.001195,True,12731120,87795140,6.896,9.303,vocsc+zstd,False,True,53
GSE272760,Homo sapiens,Homo sapiens,10xv3,115818,69032,38606,162849145,0.020368,True,130347487,1303069292,9.997,6.403,vocsc+zstd,False,True,68
GSE272763,Homo sapiens,Saguinus oedipus; Homo sapiens,10xv2,115818,155784,38606,285801613,0.01584,True,214348144,2287036044,10.67,6.0,vocsc+zstd,False,True,153
GSE272806,Danio rerio,Danio rerio,10xv3,97560,7260,32520,15531969,0.021929,True,13561915,124284796,9.164,6.985,vocsc+zstd,False,True,8
GSE272808,Mus musculus,Mus musculus,10xv3,171540,34887,57180,47943335,0.008011,True,40568087,383686232,9.458,6.769,vocsc+zstd,False,True,35
GSE272895,Rattus norvegicus,Rattus norvegicus,10xv3,91686,89269,30562,352011921,0.043008,True,258884411,2816452448,10.879,5.884,vocsc+zstd,False,True,88
GSE272898,Mus musculus,Mus musculus,10xv3,171540,172144,57180,89361877,0.003026,True,82892543,715583596,8.633,7.421,vocsc+zstd,False,True,169
GSE272904,Mus musculus,Mus musculus,parse,171540,197030,57180,584939656,0.017307,True,474928998,4680305372,9.855,6.495,vocsc+zstd,False,True,193
GSE272922,Mus musculus,Mus musculus,10xv3,171540,24271,57180,102162460,0.024538,True,78856662,817396768,10.366,6.175,vocsc+zstd,False,True,24
GSE272944,Mus musculus,Mus musculus,10xv3,171540,167382,57180,46202887,0.001609,True,47188930,370292628,7.847,8.171,vocsc+zstd,False,True,164
GSE273062,Rattus norvegicus,Rattus norvegicus,10x_suspect,91686,44475,30562,200207144,0.049098,True,148416169,1601835056,10.793,5.931,vocsc+zstd,False,True,44
GSE273138,Homo sapiens,Homo sapiens,10xv3,115818,58910,38606,10659182,0.001562,True,12497163,85509100,6.842,9.379,vocsc+zstd,False,True,58
GSE273146,Homo sapiens,Homo sapiens,10x_suspect,115818,100314,38606,148301323,0.012765,True,114709634,1186811844,10.346,6.188,vocsc+zstd,False,True,98
GSE273180,Homo sapiens,Homo sapiens,10xv3,115818,40893,38606,90256519,0.019057,True,71385102,722215728,10.117,6.327,vocsc+zstd,False,True,40
GSE273210,Homo sapiens,Homo sapiens,10xv3,115818,5851,38606,6733647,0.009937,True,6566127,53892584,8.208,7.801,vocsc+zstd,False,True,6
GSE273224,Homo sapiens,Homo sapiens,10x_suspect,115818,11856,38606,8155321,0.005939,True,9946622,65289996,6.564,9.757,vocsc+zstd,False,True,12
GSE273228,Macaca mulatta,Macaca mulatta,10xv3,106296,4531,35432,9308459,0.019327,True,8182412,74485800,9.103,7.032,vocsc+zstd,False,True,5
GSE273274,Homo sapiens,Homo sapiens,10x_suspect,115818,115590,38606,135575805,0.010127,True,115089196,1085068804,9.428,6.791,vocsc+zstd,False,True,113
GSE273335,Mus musculus,Mus musculus,10xv3,171540,29202,57180,114870333,0.022931,True,90433616,919079476,10.163,6.298,vocsc+zstd,False,True,29
GSE273343,Mus musculus,Mus musculus,10xv3,171540,33716,57180,128539489,0.022225,True,100804757,1028450780,10.202,6.274,vocsc+zstd,False,True,33
GSE273357,Homo sapiens,Homo sapiens,10xv3,115818,7545,38606,40116139,0.045908,True,28123903,320959296,11.412,5.608,vocsc+zstd,False,True,8
GSE273373,Homo sapiens,Homo sapiens,10xv3,115818,257232,38606,1495893959,0.050211,True,1081488929,11968180604,11.066,5.784,vocsc+zstd,False,True,252
GSE273386,Mus musculus,Mus musculus,10x_suspect,171540,98201,57180,114716163,0.00681,True,96640355,918122112,9.5,6.739,vocsc+zstd,False,True,96
GSE273467,Mus musculus,,,171540,123714,57180,69036612,0.003253,True,64026520,552787756,8.634,7.419,vocsc+zstd,False,True,121
GSE273502,Mus musculus,Mus musculus,10xv3_5prime,171540,11080,57180,14753707,0.007762,True,14197737,118073980,8.316,7.699,vocsc+zstd,False,True,11
GSE273518,Mus musculus,Mus musculus,10x_suspect,171540,74407,57180,19859507,0.001556,True,23560991,159173688,6.756,9.491,vocsc+zstd,False,True,73
GSE273559,Homo sapiens,Homo sapiens,10x_suspect,115818,10460,38606,32758360,0.02704,True,26069288,262108724,10.054,6.366,vocsc+zstd,False,True,11
GSE273561,Mus musculus,Homo sapiens; Mus musculus,10xv3,171540,17692,57180,74851566,0.024664,True,54487108,598883300,10.991,5.823,vocsc+zstd,False,True,18
GSE273607,Mus musculus,Mus musculus,10x_suspect,171540,13001,57180,89442477,0.040105,True,66184757,715591824,10.812,5.92,vocsc+zstd,False,True,13
GSE273629,Mus musculus,Mus musculus,10xv3,171540,9188,57180,46699811,0.02963,True,37228261,373635244,10.036,6.377,vocsc+zstd,False,True,9
GSE273688,Mus musculus,Mus musculus,10x_suspect,171540,125356,57180,402179735,0.018703,True,304183070,3217939308,10.579,6.051,vocsc+zstd,False,True,123
GSE273690,Mus musculus,,,171540,77673,57180,27270774,0.002047,True,27655756,218476888,7.9,8.113,vocsc+zstd,False,True,76
GSE273752,Mus musculus,,,171540,11270,57180,6452522,0.003338,True,7562636,51665260,6.832,9.376,vocsc+zstd,False,True,12
GSE273753,Mus musculus,,,171540,4774,57180,17108260,0.020891,True,14793305,136885180,9.253,6.918,vocsc+zstd,False,True,5
GSE273781,Homo sapiens,Homo sapiens,10xv2,115818,77494,38606,233434110,0.026009,True,183620955,1867782860,10.172,6.293,vocsc+zstd,False,True,76
GSE273785,Homo sapiens,Homo sapiens,10xv2,115818,105362,38606,253686436,0.020789,True,201428680,2029912940,10.078,6.352,vocsc+zstd,False,True,103
GSE273804,Mus musculus,Mus musculus,10xv3,171540,599851,57180,452654611,0.004399,True,357159082,3623636296,10.146,6.312,vocsc+zstd,False,True,586
GSE273805,Mus musculus,Mus musculus,10xv3,171540,163913,57180,88084338,0.003133,True,79303728,705330360,8.894,7.203,vocsc+zstd,False,True,161
GSE273907,Homo sapiens,Homo sapiens,10xv3,115818,272291,38606,424460581,0.013459,True,336190908,3396773816,10.104,6.336,vocsc+zstd,False,True,266
GSE273924,Mus musculus,Mus musculus,10x_suspect,171540,34274,57180,100535313,0.0171,True,82305541,804419604,9.774,6.549,vocsc+zstd,False,True,34
GSE273932,Mus musculus,Mus musculus,10xv3,171540,28891,57180,47362972,0.009557,True,41635233,379019344,9.103,7.033,vocsc+zstd,False,True,29
GSE273980,Homo sapiens,Homo sapiens,10xv3,115818,21065,38606,17934106,0.007351,True,16516822,143557112,8.692,7.368,vocsc+zstd,False,True,21
GSE273983,Mus musculus,Mus musculus,10xv3,171540,16778,57180,11680729,0.004058,True,11899619,93512948,7.858,8.15,vocsc+zstd,False,True,17
GSE274015,Mus musculus,Mus musculus,10x_suspect,171540,29824,57180,75516871,0.014761,True,58324633,604254268,10.36,6.179,vocsc+zstd,False,True,30
GSE274118,Mus musculus,Mus musculus,10x_suspect,171540,25597,57180,23438547,0.005338,True,24650382,187610768,7.611,8.414,vocsc+zstd,False,True,25
GSE274127,Mus musculus,Mus musculus,10xv2,171540,18961,57180,15111995,0.004646,True,18589808,120971808,6.507,9.841,vocsc+zstd,False,True,19
GSE274183,Mus musculus,,,171540,123859,57180,245918264,0.011574,True,195781836,1967841552,10.051,6.369,vocsc+zstd,False,True,121
GSE274218,Unknown,Sus scrofa,10xv3,107010,39436,35670,13271810,0.003145,True,13556312,106332228,7.844,8.171,vocsc+zstd,False,True,39
GSE274264,Homo sapiens,Homo sapiens,10x_suspect,115818,18210,38606,91164390,0.043225,True,67194750,729387964,10.855,5.897,vocsc+zstd,False,True,18
GSE274321,Homo sapiens,Homo sapiens,10xv3,115818,16424,38606,154434846,0.081188,True,106079547,1235544468,11.647,5.495,vocsc+zstd,False,True,17
GSE274339,Mus musculus,Mus musculus,10x_suspect,171540,119155,57180,132853950,0.0065,True,110440198,1063308224,9.628,6.65,vocsc+zstd,False,True,117
GSE274340,Homo sapiens,Homo sapiens,10xv2,115818,8821,38606,3935916,0.003853,True,4546184,31522616,6.934,9.24,vocsc+zstd,False,True,9
GSE274389,Mus musculus,Mus musculus,10xv3_5prime,171540,8640,57180,14922795,0.010069,True,14499547,119416924,8.236,7.773,vocsc+zstd,False,True,9
GSE274419,Drosophila melanogaster,Drosophila melanogaster,10xv2,72834,170054,24278,24658383,0.001991,True,27199516,197947284,7.278,8.824,vocsc+zstd,False,True,167
GSE274445,Unknown,Ciona robusta,10x_suspect,51459,3211,51459,11233661,0.067986,True,9105854,89882136,9.871,6.485,vocsc+zstd,False,True,4
GSE274474,Mus musculus,Mus musculus,10xv3,171540,127179,57180,86891526,0.003983,True,78935520,695640928,8.813,7.267,vocsc+zstd,False,True,125
GSE274507,Mus musculus,,,171540,31051,57180,102070999,0.019163,True,72622543,816692200,11.246,5.692,vocsc+zstd,False,True,31
GSE274585,Mus musculus,Mus musculus,10xv3,171540,12569,57180,45650861,0.021173,True,36461204,365257168,10.018,6.39,vocsc+zstd,False,True,13
GSE274591,Mus musculus,Mus musculus,10x_suspect,171540,23170,57180,89973278,0.022637,True,65917418,719878908,10.921,5.861,vocsc+zstd,False,True,23
GSE274608,Homo sapiens,Homo sapiens,10xv2,115818,5557,38606,17002894,0.026418,True,13155729,136045384,10.341,6.19,vocsc+zstd,False,True,6
GSE274661,Unknown,Saccharomyces cerevisiae,10xv3,21381,66807,21381,66635956,0.046651,True,47264949,533354880,11.284,5.674,vocsc+zstd,False,True,66
GSE274686,Mus musculus,Mus musculus,10xv3,171540,13619,57180,38107843,0.016312,True,33371435,304917224,9.137,7.006,vocsc+zstd,False,True,14
GSE274687,Mus musculus,Mus musculus,10xv3,171540,9626,57180,84492133,0.051169,True,61172029,675975572,11.05,5.792,vocsc+zstd,False,True,10
GSE274691,Mus musculus,Mus musculus,10xv3_5prime,171540,10825,57180,12080742,0.006506,True,11966188,96689240,8.08,7.924,vocsc+zstd,False,True,11
GSE274755,Homo sapiens,Homo sapiens,10xv2,115818,13111,38606,56936644,0.037496,True,43244136,455545600,10.534,6.076,vocsc+zstd,False,True,13
GSE274763,Mus musculus,Mus musculus,10xv3,171540,11393,57180,39308108,0.020113,True,30172981,314510440,10.424,6.141,vocsc+zstd,False,True,12
GSE274764,Mus musculus,,,171540,13745,57180,34005886,0.014423,True,26512833,272102072,10.263,6.237,vocsc+zstd,False,True,14
GSE274805,Mus musculus,,,171540,17119,57180,79520468,0.027079,True,61889460,636232224,10.28,6.226,vocsc+zstd,False,True,17
GSE274823,Mus musculus,Mus musculus,10x_suspect,171540,25809,57180,92617143,0.02092,True,70054017,741040384,10.578,6.051,vocsc+zstd,False,True,26
GSE274826,Homo sapiens,Homo sapiens,10x_suspect,115818,40897,38606,11937494,0.00252,True,9802377,95663544,9.759,6.569,vocsc+zstd,False,True,40
GSE274828,Mus musculus,Mus musculus,10xv3,171540,10995,57180,24347498,0.012909,True,21661251,194823968,8.994,7.117,vocsc+zstd,False,True,11
GSE274829,Homo sapiens,Homo sapiens,10xv3,115818,7811,38606,18217460,0.020137,True,14895304,145770928,9.786,6.541,vocsc+zstd,False,True,8
GSE274925,Mus musculus,Mus musculus,10xv3,171540,48690,57180,77391617,0.009266,True,60718181,619327700,10.2,6.276,vocsc+zstd,False,True,48
GSE274959,Mus musculus,Mus musculus,10xv3,171540,326322,57180,177662659,0.003174,True,160937428,1422606564,8.84,7.247,vocsc+zstd,False,True,319
GSE274973,Mus musculus,Mus musculus,10xv3,171540,409655,57180,263500865,0.00375,True,222583752,2109645544,9.478,6.758,vocsc+zstd,False,True,401
GSE275009,Mus musculus,Mus musculus,10xv3,171540,23948,57180,88894716,0.021639,True,70363796,711253524,10.108,6.332,vocsc+zstd,False,True,24
GSE275070,Homo sapiens,Homo sapiens,10x_suspect,115818,38234,38606,269756850,0.060918,True,195672827,2158207740,11.03,5.803,vocsc+zstd,False,True,38
GSE275071,Homo sapiens,,,115818,23605,38606,67727083,0.024773,True,54423307,541911088,9.957,6.429,vocsc+zstd,False,True,24
GSE275090,Homo sapiens,Homo sapiens,10x_suspect,115818,444453,38606,341766436,0.006639,True,305634067,2735909304,8.952,7.154,vocsc+zstd,False,True,435
GSE275095,Mus musculus,Mus musculus,10xv3,171540,18050,57180,45457775,0.014681,True,36902109,363734404,9.857,6.494,vocsc+zstd,False,True,18
GSE275122,Mus musculus,,,171540,71286,57180,6380290,0.000522,True,8811447,51327468,5.825,11.048,vocsc+zstd,False,True,70
GSE275213,Mus musculus,Mus musculus,10xv3,171540,66435,57180,480414237,0.042155,True,333155846,3843579640,11.537,5.548,vocsc+zstd,False,True,65
GSE275255,Mus musculus,Mus musculus,10x_suspect,171540,130488,57180,183122387,0.008181,True,151328763,1465501052,9.684,6.611,vocsc+zstd,False,True,128
GSE275259,Homo sapiens,Homo sapiens,10x_suspect,115818,76235,38606,51847341,0.005872,True,48323668,415083672,8.59,7.456,vocsc+zstd,False,True,75
GSE275373,Unknown,Ciona robusta,10x_suspect,51459,255667,51459,83443634,0.006342,True,76200883,668571744,8.774,7.306,vocsc+zstd,False,True,250
GSE275378,Homo sapiens,Homo sapiens,10xv3,115818,31280,38606,22734257,0.006275,True,20902409,181999180,8.707,7.355,vocsc+zstd,False,True,31
GSE275381,Mus musculus,Mus musculus,10xv3,171540,15754,57180,38939732,0.014409,True,30792653,311580876,10.119,6.326,vocsc+zstd,False,True,16
GSE275466,Mus musculus,Mus musculus,10x_suspect,171540,69796,57180,25429567,0.002124,True,26746400,203715724,7.617,8.414,vocsc+zstd,False,True,69
GSE275537,Danio rerio,Danio rerio,10xv3,97560,27941,32520,57363554,0.021044,True,48497397,459020200,9.465,6.764,vocsc+zstd,False,True,28
GSE275550,Mus musculus,,,171540,16161,57180,28129865,0.010147,True,24268069,225103568,9.276,6.902,vocsc+zstd,False,True,16
GSE275552,Homo sapiens,Homo sapiens,10xv3,115818,192297,38606,169771187,0.007623,True,136187335,1358938688,9.978,6.417,vocsc+zstd,False,True,188
GSE275601,Mus musculus,,,171540,10580,57180,44092045,0.024295,True,33927431,352778684,10.398,6.156,vocsc+zstd,False,True,11
GSE275609,Mus musculus,Mus musculus,10xv2,171540,29335,57180,30771856,0.006115,True,28228098,246292192,8.725,7.339,vocsc+zstd,False,True,29
GSE275650,Homo sapiens,Homo sapiens,10xv3,115818,93313,38606,288163633,0.026664,True,217398872,2305682320,10.606,6.035,vocsc+zstd,False,True,92
GSE275779,Rattus norvegicus,Rattus norvegicus,10xv2,91686,8350,30562,29604283,0.038669,True,23682917,236867668,10.002,6.4,vocsc+zstd,False,True,9
GSE275786,Mus musculus,Mus musculus,10x_suspect,171540,24943,57180,84185355,0.019675,True,63882900,673582616,10.544,6.071,vocsc+zstd,False,True,25
GSE275790,Mus musculus,Mus musculus,10xv3,171540,2497,57180,1926899,0.004499,True,3245903,15425184,4.752,13.476,vocsc+zstd,False,True,3
GSE275806,Mus musculus,Mus musculus,10xv3,171540,15499,57180,81771761,0.030756,True,60582861,654236088,10.799,5.927,vocsc+zstd,False,True,16
GSE275820,Homo sapiens,Homo sapiens,10xv3,115818,58252,38606,75925164,0.011254,True,64463759,607634324,9.426,6.792,vocsc+zstd,False,True,57
GSE275840,Mus musculus,Mus musculus,10xv2,171540,24357,57180,23885502,0.005717,True,22294222,191181448,8.575,7.467,vocsc+zstd,False,True,24
GSE275846,Homo sapiens,Homo sapiens,10xv3,115818,33126,38606,71090661,0.01853,True,55817255,568857796,10.191,6.281,vocsc+zstd,False,True,33
GSE275858,Mus musculus,Mus musculus,10xv3,171540,16064,57180,80790098,0.029318,True,63759551,646385044,10.138,6.314,vocsc+zstd,False,True,16
GSE275865,Mus musculus,Mus musculus,10xv3,171540,40462,57180,57079720,0.008224,True,48739777,456799612,9.372,6.831,vocsc+zstd,False,True,40
GSE275907,Mus musculus,,,171540,3944,57180,22148404,0.032737,True,18795597,177203012,9.428,6.789,vocsc+zstd,False,True,4
GSE275929,Homo sapiens,Homo sapiens,10xv3,115818,213911,38606,69148875,0.002791,True,72274851,554046648,7.666,8.362,vocsc+zstd,False,True,209
GSE275976,Mus musculus,Mus musculus,10xv3,171540,1875,57180,5130015,0.01595,True,5825636,41047624,7.046,9.085,vocsc+zstd,False,True,2
GSE276009,Mus musculus,Mus musculus,10xv3,171540,58368,57180,134374037,0.013421,True,104857964,1075225772,10.254,6.243,vocsc+zstd,False,True,57
GSE276075,Mus musculus,Mus musculus,10xv3,171540,9276,57180,30346531,0.019071,True,24997103,242809356,9.713,6.59,vocsc+zstd,False,True,10
GSE276106,Mus musculus,,,171540,30200,57180,157598274,0.030421,True,117566969,1260906996,10.725,5.968,vocsc+zstd,False,True,30
GSE276126,Mus musculus,Mus musculus,10x_suspect,171540,56376,57180,165181604,0.017081,True,122724161,1321678340,10.77,5.944,vocsc+zstd,False,True,56
GSE276160,Homo sapiens,Homo sapiens,10xv3,115818,30442,38606,144734065,0.041051,True,102534644,1157994292,11.294,5.667,vocsc+zstd,False,True,30
GSE276162,Mus musculus,Mus musculus,10xv3_5prime,171540,8052,57180,17341186,0.012555,True,16802317,138761700,8.258,7.751,vocsc+zstd,False,True,8
GSE276281,Mus musculus,Mus musculus,10xv3,171540,21879,57180,164973746,0.043956,True,115999903,1319877488,11.378,5.625,vocsc+zstd,False,True,22
GSE276312,Mus musculus,Mus musculus,10xv3,171540,337923,57180,166136321,0.002866,True,150271991,1330442264,8.854,7.236,vocsc+zstd,False,True,331
GSE276360,Homo sapiens,Homo sapiens,10x_suspect,115818,77728,38606,189769496,0.02108,True,161835960,1518466884,9.383,6.822,vocsc+zstd,False,True,76
GSE276401,Homo sapiens,Homo sapiens,10xv3,115818,24764,38606,104392337,0.036398,True,77637139,835237756,10.758,5.95,vocsc+zstd,False,True,25
GSE276494,Homo sapiens,Homo sapiens,10xv3,115818,84333,38606,238747150,0.024444,True,182332630,1910314536,10.477,6.11,vocsc+zstd,False,True,83
GSE276518,Homo sapiens,Homo sapiens,10xv3,115818,3162,38606,20711874,0.056556,True,15867267,165707644,10.443,6.129,vocsc+zstd,False,True,4
GSE276558,Homo sapiens,Homo sapiens,10x_suspect,115818,21429,38606,125555352,0.050589,True,91590187,1004528536,10.968,5.836,vocsc+zstd,False,True,21
GSE276583,Homo sapiens,Homo sapiens,10x_suspect,115818,157931,38606,98366245,0.005378,True,90716775,787561688,8.682,7.378,vocsc+zstd,False,True,155
GSE276609,Homo sapiens,Homo sapiens,10x_suspect,115818,282913,38606,394877227,0.012051,True,316892615,3160149472,9.972,6.42,vocsc+zstd,False,True,277
GSE276735,Mus musculus,Mus musculus,10x_suspect,171540,55220,57180,110088571,0.011622,True,88865413,880929452,9.913,6.458,vocsc+zstd,False,True,54
GSE276765,Mus musculus,Mus musculus,10x_suspect,171540,8007,57180,573478,0.000418,True,2127082,4619856,2.172,29.673,vocsc+zstd,False,True,8
GSE276766,Homo sapiens,Homo sapiens,10xv3_5prime,115818,3201,38606,9969408,0.026891,True,8328520,79768072,9.578,6.683,vocsc+zstd,False,True,4
GSE276809,Mus musculus,Mus musculus,10xv2,171540,23822,57180,97999387,0.023982,True,82225606,784090388,9.536,6.712,vocsc+zstd,False,True,24
GSE276864,Mus musculus,Mus musculus,10x_suspect,171540,7909,57180,16012395,0.011802,True,14655993,128130800,8.743,7.322,vocsc+zstd,False,True,8
GSE276947,Homo sapiens,Homo sapiens,10xv3,115818,386811,38606,712330820,0.0159,True,543097290,5700193808,10.496,6.099,vocsc+zstd,False,True,378
GSE277004,Homo sapiens,Homo sapiens,scATAC,115818,34305,38606,62006344,0.015606,True,49828231,496187976,9.958,6.429,vocsc+zstd,False,True,34
GSE277034,Danio rerio,Danio rerio,10x_suspect,97560,22880,32520,53801890,0.024103,True,44689985,430506644,9.633,6.645,vocsc+zstd,False,True,23
GSE277105,Mus musculus,Mus musculus,10x_suspect,171540,472435,57180,133378886,0.001646,True,134518563,1068920832,7.946,8.068,vocsc+zstd,False,True,462
GSE277117,Homo sapiens,Homo sapiens,10xv3,115818,343599,38606,923352874,0.023203,True,750483619,7388197392,9.845,6.502,vocsc+zstd,False,True,336
GSE277148,Mus musculus,Mus musculus,10xv3,171540,20464,57180,55663916,0.015857,True,45644449,445393188,9.758,6.56,vocsc+zstd,False,True,20
GSE277205,Homo sapiens,,,115818,8269,38606,32064082,0.03348,True,24258233,256545736,10.576,6.052,vocsc+zstd,False,True,9
GSE277223,Mus musculus,Mus musculus,10xv2,171540,5292,57180,31856859,0.035093,True,24619283,254876044,10.353,6.182,vocsc+zstd,False,True,6
GSE277276,Homo sapiens,Homo sapiens,10xv3,115818,516080,38606,476206686,0.007967,True,427624471,3811717812,8.914,7.184,vocsc+zstd,False,True,504
GSE277390,Mus musculus,Mus musculus,10x_multiome,171540,83288,57180,164010536,0.01148,True,129131107,1312417444,10.163,6.299,vocsc+zstd,False,True,82
GSE277402,Homo sapiens,Homo sapiens,10xv3,115818,17170,38606,43685934,0.021968,True,34643096,349556156,10.09,6.344,vocsc+zstd,False,True,17
GSE277465,Macaca mulatta,Mus musculus; Macaca mulatta; Papio anubis,10xv3,106296,24803,35432,98244761,0.037264,True,74608922,786057304,10.536,6.075,vocsc+zstd,False,True,25
GSE277475,Unknown,Sus scrofa,10x_suspect,107010,64244,35670,21972017,0.003196,True,23767715,176033116,7.406,8.654,vocsc+zstd,False,True,63
GSE277495,Homo sapiens,Homo sapiens,10x_suspect,115818,32060,38606,187516867,0.050501,True,127425250,1500263180,11.774,5.436,vocsc+zstd,False,True,32
GSE277555,Mus musculus,Mus musculus,10xv3,171540,32709,57180,43296273,0.007716,True,35544450,346501024,9.748,6.568,vocsc+zstd,False,True,32
GSE277570,Mus musculus,Mus musculus,10xv3,171540,63598,57180,262834558,0.024092,True,189456661,2102930860,11.1,5.767,vocsc+zstd,False,True,63
GSE277598,Mus musculus,Mus musculus,10x_suspect,171540,940545,57180,343065681,0.002126,True,311445620,2748287632,8.824,7.263,vocsc+zstd,False,True,919
GSE277602,Homo sapiens,Homo sapiens,10xv3,115818,17399,38606,66518145,0.03301,True,50066209,532214760,10.63,6.021,vocsc+zstd,False,True,17
GSE277637,Homo sapiens,Homo sapiens,10xv3,115818,289868,38606,65662030,0.001956,True,66271133,526455716,7.944,8.074,vocsc+zstd,False,True,284
GSE277678,Homo sapiens,Homo sapiens,10xv2,115818,31187,38606,104552627,0.028946,True,81206626,836545768,10.301,6.214,vocsc+zstd,False,True,31
GSE277740,Mus musculus,Mus musculus,10xv3,171540,55191,57180,232594289,0.024568,True,188348439,1860975080,9.88,6.478,vocsc+zstd,False,True,54
GSE277742,Homo sapiens,Homo sapiens,10xv3,115818,397869,38606,411308347,0.008926,True,364700611,3292058256,9.027,7.093,vocsc+zstd,False,True,389
GSE277833,Mus musculus,Mus musculus,10xv3,171540,69637,57180,128598882,0.010765,True,108510273,1029069608,9.484,6.75,vocsc+zstd,False,True,69
GSE277905,Homo sapiens,Homo sapiens,10xv3,115818,192702,38606,97392344,0.004364,True,103420814,779909564,7.541,8.495,vocsc+zstd,False,True,189
GSE278043,Homo sapiens,Homo sapiens,10xv3,115818,82147,38606,271894299,0.028578,True,189501403,2175482984,11.48,5.576,vocsc+zstd,False,True,81
GSE278184,Mus musculus,Mus musculus,10x_suspect,171540,78144,57180,131732552,0.009827,True,103720743,1054172996,10.164,6.299,vocsc+zstd,False,True,77
GSE278220,Mus musculus,Mus musculus,10xv3,171540,491698,57180,571366222,0.006774,True,474577421,4572896572,9.636,6.645,vocsc+zstd,False,True,481
GSE278251,Mus musculus,Mus musculus,10x_suspect,171540,10976,57180,62320046,0.033099,True,50759869,498604276,9.823,6.516,vocsc+zstd,False,True,11
GSE278300,Homo sapiens,Homo sapiens,10xv3,115818,84653,38606,22329632,0.002278,True,24156271,178975672,7.409,8.654,vocsc+zstd,False,True,83
GSE278315,Mus musculus,Mus musculus,10xv3,171540,2799,57180,14801143,0.030827,True,13335090,118420344,8.88,7.208,vocsc+zstd,False,True,3
GSE278331,Mus musculus,Mus musculus,10x_suspect,171540,51603,57180,111496535,0.012596,True,93218256,892178696,9.571,6.689,vocsc+zstd,False,True,51
GSE278346,Mus musculus,Mus musculus,10x_suspect,171540,2407,57180,9261796,0.022431,True,8822780,74104000,8.399,7.621,vocsc+zstd,False,True,3
GSE278355,Mus musculus,Mus musculus,10x_suspect,171540,10325,57180,39202262,0.022134,True,32940882,313659400,9.522,6.722,vocsc+zstd,False,True,11
GSE278380,Mus musculus,,,171540,41328,57180,166182585,0.023441,True,126040403,1329625996,10.549,6.068,vocsc+zstd,False,True,41
GSE278420,Homo sapiens,Homo sapiens,10x_suspect,115818,91074,38606,117448420,0.011135,True,103988997,939951660,9.039,7.083,vocsc+zstd,False,True,89
GSE278437,Mus musculus,Mus musculus,10xv3,171540,146977,57180,18377134,0.000729,True,23907960,147604984,6.174,10.408,vocsc+zstd,False,True,144
GSE278452,Homo sapiens,Homo sapiens,10xv3,115818,5172,38606,3730527,0.006228,True,4310584,29864908,6.928,9.244,vocsc+zstd,False,True,6
GSE278497,Homo sapiens,Homo sapiens,dnbelab,115818,74831,38606,92836430,0.010712,True,74056525,742990768,10.033,6.382,vocsc+zstd,False,True,74
GSE278558,Homo sapiens,Homo sapiens,10xv3,115818,184518,38606,52586949,0.002461,True,49903960,421433668,8.445,7.592,vocsc+zstd,False,True,181
GSE278580,Mus musculus,Mus musculus,10xv3,171540,17399,57180,21666892,0.00726,True,18692606,173404736,9.277,6.902,vocsc+zstd,False,True,17
GSE278643,Mus musculus,Mus musculus,10xv3,171540,1020221,57180,486131154,0.002778,True,470670922,3893130120,8.271,7.746,vocsc+zstd,False,True,997
GSE278658,Unknown,Sus scrofa,10xv3,107010,39657,35670,172983677,0.040763,True,129356336,1384028048,10.699,5.982,vocsc+zstd,False,True,39
GSE278696,Gallus gallus,Gallus gallus,10xv3,90324,216111,30108,64107027,0.003284,True,64100807,513720664,8.014,7.999,vocsc+zstd,False,True,212
GSE278707,Mus musculus,Mus musculus,10x_suspect,171540,8409,57180,26687203,0.018501,True,21323225,213531264,10.014,6.392,vocsc+zstd,False,True,9
GSE278749,Homo sapiens,Homo sapiens,10x_suspect,115818,1695,38606,8600005,0.043808,True,8138531,68806824,8.454,7.571,vocsc+zstd,False,True,2
GSE278765,Mus musculus,Mus musculus,10xv3_5prime,171540,5657,57180,2772326,0.002857,True,4113263,22201240,5.397,11.869,vocsc+zstd,False,True,6
GSE278767,Mus musculus,Mus musculus,10xv3,171540,89697,57180,145681752,0.009468,True,113752629,1165812808,10.249,6.247,vocsc+zstd,False,True,88
GSE278793,Homo sapiens,Homo sapiens,10x_suspect,115818,37147,38606,6611560,0.001537,True,6496518,53041072,8.165,7.861,vocsc+zstd,False,True,37
GSE278800,Homo sapiens,Homo sapiens,10x_suspect,115818,6196,38606,60046300,0.083676,True,42238064,480395188,11.374,5.627,vocsc+zstd,False,True,7
GSE278812,Mus musculus,Mus musculus,10x_suspect,171540,25752,57180,22541531,0.005103,True,20772100,180435260,8.686,7.372,vocsc+zstd,False,True,26
GSE278891,Mus musculus,,,171540,43326,57180,62175947,0.008366,True,50306109,497580884,9.891,6.473,vocsc+zstd,False,True,43
GSE278924,Gallus gallus,Gallus gallus,10xv3,90324,50556,30108,88869308,0.019461,True,68087619,711156692,10.445,6.129,vocsc+zstd,False,True,50
GSE279004,Mus musculus,Mus musculus,10xv3_5prime,171540,51692,57180,30543405,0.003445,True,30462571,244554012,8.028,7.979,vocsc+zstd,False,True,51
GSE279129,Mus musculus,Mus musculus,10x_suspect,171540,6281,57180,13001392,0.012067,True,12204860,104036264,8.524,7.51,vocsc+zstd,False,True,7
GSE279180,Homo sapiens,,,115818,363359,38606,237524234,0.005644,True,218550191,1901647312,8.701,7.361,vocsc+zstd,False,True,355
GSE279235,Mus musculus,Mus musculus,10xv3,171540,20622,57180,56872039,0.016077,True,45758060,455058804,9.945,6.437,vocsc+zstd,False,True,21
GSE279374,Homo sapiens,Homo sapiens,10xv3,115818,103765,38606,174556689,0.014525,True,138157793,1396868576,10.111,6.332,vocsc+zstd,False,True,102
GSE279404,Homo sapiens,Homo sapiens,10xv3_5prime,115818,190680,38606,106015566,0.004801,True,118563670,848887252,7.16,8.947,vocsc+zstd,False,True,187
GSE279475,Homo sapiens,Homo sapiens,10xv3,115818,5733,38606,22939262,0.034548,True,18429113,183537032,9.959,6.427,vocsc+zstd,False,True,6
GSE279513,Mus musculus,Mus musculus,10xv3_5prime,171540,38512,57180,19966937,0.003022,True,20167310,159889548,7.928,8.08,vocsc+zstd,False,True,38
GSE279550,Mus musculus,Mus musculus,10xv3,171540,926716,57180,462152197,0.002907,True,432588366,3700924444,8.555,7.488,vocsc+zstd,False,True,905
GSE279591,Homo sapiens,,,115818,342132,38606,110200373,0.002781,True,113438175,882971516,7.784,8.235,vocsc+zstd,False,True,335
GSE279621,Mus musculus,Mus musculus,10x_suspect,171540,74844,57180,264579883,0.020608,True,207599991,2116938444,10.197,6.277,vocsc+zstd,False,True,74
GSE279627,Mus musculus,Mus musculus,10xv2,171540,120481,57180,60231750,0.002914,True,58845008,482335928,8.197,7.816,vocsc+zstd,False,True,118
GSE279628,Mus musculus,Mus musculus,10xv2,171540,6490,57180,2515321,0.002259,True,4002752,20148532,5.034,12.731,vocsc+zstd,False,True,7
GSE279684,Mus musculus,Mus musculus,10x_suspect,171540,28606,57180,3490100,0.000711,True,5467341,28035228,5.128,12.532,vocsc+zstd,False,True,28
GSE279768,Mus musculus,Mus musculus,10xv3,171540,48166,57180,127866790,0.015476,True,113021036,1023126988,9.053,7.071,vocsc+zstd,False,True,48
GSE279770,Mus musculus,Mus musculus,10x_suspect,171540,50625,57180,14716632,0.001695,True,15712115,117935560,7.506,8.541,vocsc+zstd,False,True,50
GSE279772,Homo sapiens,Homo sapiens,10x_suspect,115818,9197,38606,10919983,0.010252,True,10047477,87396656,8.698,7.361,vocsc+zstd,False,True,9
GSE279838,Homo sapiens,Homo sapiens,10x_suspect,115818,19283,38606,7571153,0.00339,True,8697560,60646360,6.973,9.19,vocsc+zstd,False,True,19
GSE279874,Mus musculus,Mus musculus,10x_suspect,171540,20674,57180,109253274,0.030807,True,84384957,874108892,10.359,6.179,vocsc+zstd,False,True,21
GSE279876,Mus musculus,Mus musculus,10x_suspect,171540,5462,57180,16583777,0.0177,True,15397876,132692068,8.618,7.428,vocsc+zstd,False,True,6
GSE279894,Homo sapiens,Homo sapiens,10xv3,115818,18343,38606,183709732,0.086474,True,128335105,1469751232,11.452,5.589,vocsc+zstd,False,True,18
GSE279902,Homo sapiens,Homo sapiens,10x_suspect,115818,29415,38606,150038093,0.044041,True,107469464,1200422408,11.17,5.73,vocsc+zstd,False,True,29
GSE279905,Rattus norvegicus,Rattus norvegicus,10x_suspect,91686,58997,30562,84485299,0.015619,True,75777234,676118384,8.922,7.175,vocsc+zstd,False,True,58
GSE279918,Mus musculus,Mus musculus,10x_suspect,171540,14516,57180,26676095,0.010713,True,23407002,213466828,9.12,7.02,vocsc+zstd,False,True,15
GSE280003,Mus musculus,Mus musculus,10x_suspect,171540,637761,57180,245545366,0.002244,True,230019603,1966913976,8.551,7.494,vocsc+zstd,False,True,623
GSE280067,Mus musculus,Mus musculus,10xv3_5prime,171540,1116013,57180,837531018,0.004375,True,752608520,6704712200,8.909,7.189,vocsc+zstd,False,True,1090
GSE280149,Mus musculus,Mus musculus,dnbelab,171540,55902,57180,90638046,0.009452,True,71528567,725327980,10.14,6.313,vocsc+zstd,False,True,55
GSE280192,Mus musculus,Mus musculus,10xv3,171540,880997,57180,85419071,0.000565,True,116245003,686876560,5.909,10.887,vocsc+zstd,False,True,861
GSE280269,Mus musculus,Mus musculus,10xv4,171540,13736,57180,36845633,0.015637,True,30730269,294820012,9.594,6.672,vocsc+zstd,False,True,14
GSE280281,Mus musculus,Mus musculus,10xv3,171540,646608,57180,244016027,0.0022,True,240226383,1954714652,8.137,7.876,vocsc+zstd,False,True,632
GSE280311,Homo sapiens,Homo sapiens,10x_suspect,115818,67015,38606,16297248,0.0021,True,14698133,130646048,8.889,7.215,vocsc+zstd,False,True,66
GSE280312,Homo sapiens,Homo sapiens,10xv2,115818,23465,38606,6792729,0.002499,True,7965528,54435696,6.834,9.381,vocsc+zstd,False,True,23
GSE280373,Mus musculus,Mus musculus,10xv3,171540,182542,57180,416820181,0.013311,True,333846647,3335291620,9.99,6.407,vocsc+zstd,False,True,179
GSE280401,Homo sapiens,Homo sapiens,10xv3,115818,7434,38606,26905828,0.03125,True,21962924,215276364,9.802,6.53,vocsc+zstd,False,True,8
GSE280441,Unknown,Macaca fascicularis; Macaca mulatta; Pongo abelii; Homo sapiens,10xv3,115650,72638,38550,138958771,0.016542,True,107535711,1111960724,10.34,6.191,vocsc+zstd,False,True,71
GSE280450,Mus musculus,Mus musculus,10xv3_5prime,171540,35851,57180,8202093,0.001334,True,10059884,65760152,6.537,9.812,vocsc+zstd,False,True,36
GSE280474,Mus musculus,Mus musculus,10xv3,171540,294692,57180,93368725,0.001847,True,97803694,748128572,7.649,8.38,vocsc+zstd,False,True,288
GSE280506,Homo sapiens,Homo sapiens,10xv2,115818,5389,38606,410473,0.000658,True,1501037,3305344,2.202,29.255,vocsc+zstd,False,True,6
GSE280513,Mus musculus,Mus musculus,10x_suspect,171540,112690,57180,76515615,0.003958,True,67419975,612575684,9.086,7.049,vocsc+zstd,False,True,111
GSE280537,Homo sapiens,Homo sapiens,10xv3,115818,30190,38606,165771015,0.04741,True,128374920,1326288884,10.331,6.195,vocsc+zstd,False,True,30
GSE280631,Mus musculus,Mus musculus,10xv3,171540,143903,57180,313030144,0.012681,True,261906166,2504816768,9.564,6.693,vocsc+zstd,False,True,141
GSE280632,Homo sapiens,Homo sapiens,10xv3,115818,6685,38606,22343244,0.028858,True,17179767,178772696,10.406,6.151,vocsc+zstd,False,True,7
GSE280652,Mus musculus,Mus musculus,10xv2,171540,69516,57180,119170769,0.009994,True,92455120,953644220,10.315,6.207,vocsc+zstd,False,True,68
GSE280688,Mus musculus,Mus musculus,10xv3,171540,429562,57180,104568751,0.001419,True,106859207,838268260,7.845,8.175,vocsc+zstd,False,True,420
GSE280780,Mus musculus,,,171540,42729,57180,18719880,0.002554,True,18877571,149929960,7.942,8.067,vocsc+zstd,False,True,42
GSE280801,Homo sapiens,Homo sapiens,dnbelab,115818,89432,38606,108442659,0.01047,True,87243063,867899004,9.948,6.436,vocsc+zstd,False,True,88
GSE280804,Mus musculus,Mus musculus,10xv3,171540,1787,57180,21537609,0.07026,True,17085527,172308024,10.085,6.346,vocsc+zstd,False,True,2
GSE280807,Homo sapiens,Homo sapiens,10xv3,115818,23526,38606,147483919,0.054128,True,105787568,1179965460,11.154,5.738,vocsc+zstd,False,True,23
GSE280808,Mus musculus,Mus musculus,10xv3,171540,19157,57180,3719413,0.001132,True,6315048,29831936,4.724,13.583,vocsc+zstd,False,True,19
GSE280836,Mus musculus,,,171540,28505,57180,19656394,0.00402,True,19793068,157365176,7.951,8.056,vocsc+zstd,False,True,28
GSE280854,Mus musculus,Mus musculus,10xv4,171540,41319,57180,54067354,0.007628,True,46021221,432704112,9.402,6.809,vocsc+zstd,False,True,41
GSE280857,Mus musculus,Mus musculus,10xv3,171540,32727,57180,52844965,0.009413,True,47678706,422890632,8.87,7.218,vocsc+zstd,False,True,32
GSE280858,Mus musculus,Mus musculus,10xv3_5prime,171540,14915,57180,9554140,0.003734,True,10376782,76492784,7.372,8.689,vocsc+zstd,False,True,15
GSE280890,Homo sapiens,Homo sapiens,10xv3,115818,7421,38606,52160247,0.060688,True,40482272,417311664,10.309,6.209,vocsc+zstd,False,True,8
GSE280892,Mus musculus,Mus musculus,10xv3,171540,7086,57180,21284274,0.01751,True,16237378,170302540,10.488,6.103,vocsc+zstd,False,True,7
GSE280914,Mus musculus,Mus musculus,10x_suspect,171540,28475,57180,152923185,0.031307,True,123004406,1223499384,9.947,6.435,vocsc+zstd,False,True,28
GSE280922,Mus musculus,Mus musculus,10xv3,171540,11515,57180,41027787,0.020771,True,34095723,328268360,9.628,6.648,vocsc+zstd,False,True,12
GSE280982,Homo sapiens,Homo sapiens,10x_suspect,115818,32839,38606,37711928,0.009915,True,35398922,301826784,8.526,7.509,vocsc+zstd,False,True,33
GSE280991,Mus musculus,Mus musculus,10xv3,171540,160079,57180,166587696,0.006067,True,141705818,1333341888,9.409,6.805,vocsc+zstd,False,True,157
GSE280999,Mus musculus,Mus musculus,10x_suspect,171540,35629,57180,177937959,0.029114,True,128278732,1423646192,11.098,5.767,vocsc+zstd,False,True,35
GSE281081,Homo sapiens,Homo sapiens,10x_suspect,115818,59437,38606,483844420,0.070287,True,353164886,3870993112,10.961,5.839,vocsc+zstd,False,True,59
GSE281084,Mus musculus,Mus musculus,10xv3,171540,9651,57180,59093410,0.035695,True,45514787,472785888,10.388,6.162,vocsc+zstd,False,True,10
GSE281207,Mus musculus,Mus musculus,10xv3,171540,224229,57180,76906961,0.001999,True,76698233,616152608,8.033,7.978,vocsc+zstd,False,True,219
GSE281229,Mus musculus,Mus musculus,10xv3,171540,9494,57180,26043726,0.015991,True,20750846,208387788,10.042,6.374,vocsc+zstd,False,True,10
GSE281274,Homo sapiens,Homo sapiens,10xv3,115818,106731,38606,299072705,0.024194,True,239397274,2393008568,9.996,6.404,vocsc+zstd,False,True,105
GSE281311,Mus musculus,Mus musculus,10xv3,171540,46167,57180,104662130,0.013216,True,84158608,837481712,9.951,6.433,vocsc+zstd,False,True,46
GSE281324,Mus musculus,Mus musculus,10x_suspect,171540,219004,57180,156079102,0.004155,True,142739139,1249508836,8.754,7.316,vocsc+zstd,False,True,214
GSE281346,Mus musculus,Mus musculus,10xv3,171540,17129,57180,70518496,0.024,True,49695739,564216488,11.353,5.638,vocsc+zstd,False,True,17
GSE281410,Mus musculus,Mus musculus,10x_suspect,171540,7149,57180,25401135,0.020713,True,19997283,203237680,10.163,6.298,vocsc+zstd,False,True,7
GSE281518,Mus musculus,Mus musculus,10x_suspect,171540,28206,57180,92558846,0.01913,True,73798220,740583596,10.035,6.378,vocsc+zstd,False,True,28
GSE281566,Homo sapiens,Homo sapiens,10xv3,115818,2928,38606,14336873,0.042277,True,11776595,114706700,9.74,6.571,vocsc+zstd,False,True,3
GSE281619,Mus musculus,Mus musculus,10xv3,171540,578193,57180,104098680,0.00105,True,111059080,835102216,7.519,8.535,vocsc+zstd,False,True,565
GSE281783,Mus musculus,,,171540,67048,57180,41324416,0.003593,True,39053891,330863524,8.472,7.56,vocsc+zstd,False,True,66
GSE281914,Homo sapiens,Homo sapiens,10xv3,115818,70346,38606,195294226,0.02397,True,141976365,1562635196,11.006,5.816,vocsc+zstd,False,True,69
GSE282033,Mus musculus,Mus musculus,10xv4,171540,22069,57180,81657438,0.02157,True,59451595,653347784,10.99,5.824,vocsc+zstd,False,True,22
GSE282050,Mus musculus,Mus musculus,10xv4,171540,364236,57180,383679584,0.006141,True,291166360,3070893620,10.547,6.071,vocsc+zstd,False,True,356
GSE282158,Mus musculus,Mus musculus,dnbelab,171540,42865,57180,58847802,0.008003,True,49701688,470953880,9.476,6.757,vocsc+zstd,False,True,42
GSE282230,Homo sapiens,Homo sapiens,10x_suspect,115818,67728,38606,450409275,0.05742,True,332429013,3603545116,10.84,5.904,vocsc+zstd,False,True,67
GSE282315,Mus musculus,,,171540,38553,57180,193826001,0.029308,True,143836905,1550762224,10.781,5.937,vocsc+zstd,False,True,38
GSE282337,Mus musculus,Mus musculus,10x_suspect,171540,147185,57180,39408236,0.001561,True,44779925,315854632,7.053,9.09,vocsc+zstd,False,True,144
GSE282446,Rattus norvegicus,Rattus norvegicus,10x_multiome,91686,6705,30562,18816099,0.030607,True,14457934,150555616,10.413,6.147,vocsc+zstd,False,True,7
GSE282520,Mus musculus,Mus musculus,dropseq,171540,1027693,57180,119897035,0.00068,True,154275152,963287056,6.244,10.294,vocsc+zstd,False,True,1004
GSE282616,Mus musculus,Mus musculus,10xv3,171540,10708,57180,44719987,0.024346,True,36639118,357802732,9.766,6.554,vocsc+zstd,False,True,11
GSE282713,Danio rerio,Danio rerio; Rattus norvegicus,10xv3,97560,92778,32520,51449562,0.005684,True,45160755,411967612,9.122,7.022,vocsc+zstd,False,True,91
GSE282731,Mus musculus,Mus musculus,10xv3,171540,99750,57180,128096574,0.007486,True,106554862,1025171596,9.621,6.655,vocsc+zstd,False,True,98
GSE282740,Rattus norvegicus,Rattus norvegicus,10xv3,91686,39674,30562,202873340,0.055772,True,154575184,1623145420,10.501,6.095,vocsc+zstd,False,True,39
GSE282755,Mus musculus,Mus musculus,10xv3,171540,36952,57180,168088398,0.026518,True,116359053,1344854996,11.558,5.538,vocsc+zstd,False,True,37
GSE282756,Mus musculus,Mus musculus,10xv3,171540,11332,57180,51823139,0.026659,True,37192916,414630444,11.148,5.742,vocsc+zstd,False,True,12
GSE282887,Mus musculus,Mus musculus,10xv3,171540,119180,57180,260442400,0.012739,True,201253954,2084015924,10.355,6.182,vocsc+zstd,False,True,117
GSE283049,Mus musculus,Mus musculus,10xv3,171540,10525,57180,1533479,0.000849,True,3330874,12309936,3.696,17.377,vocsc+zstd,False,True,11
GSE283074,Homo sapiens,Homo sapiens,10xv2,115818,33768,38606,71038477,0.018164,True,53201463,568442892,10.685,5.991,vocsc+zstd,False,True,33
GSE283137,Mus musculus,Mus musculus,10xv3,171540,4483,57180,29189843,0.037958,True,22049128,233536680,10.592,6.043,vocsc+zstd,False,True,5
GSE283141,Homo sapiens,Homo sapiens,10x_suspect,115818,28183,38606,36946139,0.011319,True,30444082,295681848,9.712,6.592,vocsc+zstd,False,True,28
GSE283190,Macaca mulatta,Macaca mulatta,10x_suspect,106296,82169,35432,19984006,0.002288,True,22595561,160200728,7.09,9.045,vocsc+zstd,False,True,81
GSE283198,Mus musculus,Mus musculus,10x_suspect,171540,102174,57180,399635200,0.022801,True,312232292,3197490300,10.241,6.25,vocsc+zstd,False,True,100
GSE283267,Mus musculus,Mus musculus,10xv3,171540,53860,57180,154366593,0.016708,True,122211106,1235148188,10.107,6.334,vocsc+zstd,False,True,53
GSE283268,Mus musculus,,,171540,37363,57180,12439450,0.001941,True,13594310,99665056,7.331,8.743,vocsc+zstd,False,True,37
GSE283288,Mus musculus,Mus musculus,10x_suspect,171540,28967,57180,5738943,0.001155,True,5990116,46027416,7.684,8.35,vocsc+zstd,False,True,29
GSE283395,Mus musculus,Mus musculus,10xv3,171540,6042,57180,13309819,0.012842,True,12736623,106502724,8.362,7.655,vocsc+zstd,False,True,6
GSE283518,Mus musculus,Mus musculus,10xv3,171540,126989,57180,343423216,0.015765,True,293316272,2747893688,9.368,6.833,vocsc+zstd,False,True,125
GSE283562,Unknown,Macaca fascicularis,10x_suspect,115650,450949,38550,1029661773,0.019743,True,770740199,8239097984,10.69,5.988,vocsc+zstd,False,True,441
GSE283588,Danio rerio,Danio rerio,10x_suspect,97560,118444,32520,446231096,0.038617,True,362907543,3570322548,9.838,6.506,vocsc+zstd,False,True,116
GSE283613,Mus musculus,Mus musculus,10x_suspect,171540,108302,57180,27783761,0.001496,True,31203946,222703300,7.137,8.985,vocsc+zstd,False,True,106
GSE283620,Homo sapiens,,,115818,4138,38606,27801812,0.05801,True,19905225,222431052,11.175,5.728,vocsc+zstd,False,True,5
GSE283775,Homo sapiens,Homo sapiens,10x_suspect,115818,2633,38606,10542762,0.034572,True,8567078,84352632,9.846,6.501,vocsc+zstd,False,True,3
GSE283776,Homo sapiens,Homo sapiens,10xv3,115818,5418,38606,10301414,0.016417,True,9030256,82432988,9.129,7.013,vocsc+zstd,False,True,6
GSE283847,Mus musculus,Mus musculus,10xv3,171540,2561,57180,15805277,0.035977,True,13603385,126452464,9.296,6.885,vocsc+zstd,False,True,3
GSE283925,Mus musculus,Mus musculus,10x_suspect,171540,17001,57180,68886032,0.023621,True,55492085,551156264,9.932,6.445,vocsc+zstd,False,True,17
GSE283964,Mus musculus,Mus musculus,10xv3,171540,95407,57180,22423967,0.00137,True,24456355,179773368,7.351,8.725,vocsc+zstd,False,True,94
GSE284013,Mus musculus,Mus musculus,10xv3_5prime,171540,26751,57180,12804094,0.00279,True,13312586,102539760,7.702,8.318,vocsc+zstd,False,True,27
GSE284016,Mus musculus,Mus musculus,10xv3,171540,4289,57180,24087839,0.03274,True,19460027,192719872,9.903,6.463,vocsc+zstd,False,True,5
GSE284047,Homo sapiens,Homo sapiens,10x_multiome,115818,9200,38606,36730737,0.034472,True,27525484,293882700,10.677,5.995,vocsc+zstd,False,True,9
GSE284141,Homo sapiens,Homo sapiens,10x_suspect,115818,668102,38606,637272538,0.008236,True,537696574,5100852716,9.486,6.75,vocsc+zstd,False,True,653
GSE284197,Macaca mulatta,Homo sapiens; Macaca mulatta,10xv3,106296,44765,35432,181426521,0.038128,True,131353143,1451591232,11.051,5.792,vocsc+zstd,False,True,44
GSE284205,Homo sapiens,Homo sapiens,10xv3,115818,9084,38606,30999615,0.029465,True,25586453,248033260,9.694,6.603,vocsc+zstd,False,True,9
GSE284230,Homo sapiens,Homo sapiens,10x_suspect,115818,123438,38606,14659944,0.001025,True,20110817,117773308,5.856,10.975,vocsc+zstd,False,True,121
GSE284242,Homo sapiens,Homo sapiens,10x_suspect,115818,23915,38606,117459104,0.042407,True,87855362,939768496,10.697,5.984,vocsc+zstd,False,True,24
GSE284249,Mus musculus,Mus musculus,10xv4,171540,511597,57180,93577432,0.001066,True,106310905,750665848,7.061,9.089,vocsc+zstd,False,True,500
GSE284297,Homo sapiens,Homo sapiens,10xv3,115818,6251,38606,10843737,0.014978,True,9894261,86774904,8.77,7.3,vocsc+zstd,False,True,7
GSE284391,Homo sapiens,Homo sapiens,10x_suspect,115818,16141,38606,79033197,0.042277,True,61104662,632330144,10.348,6.185,vocsc+zstd,False,True,16
GSE284640,Mus musculus,Mus musculus,10x_multiome,171540,1895,57180,2194518,0.006751,True,3385926,17563728,5.187,12.343,vocsc+zstd,False,True,2
GSE284662,Mus musculus,Mus musculus,10xv3,171540,46431,57180,30558100,0.003837,True,29483303,244650528,8.298,7.719,vocsc+zstd,False,True,46
GSE284677,Homo sapiens,Homo sapiens,10xv3,115818,22060,38606,35258827,0.0138,True,29303613,282158860,9.629,6.649,vocsc+zstd,False,True,22
GSE284681,Mus musculus,Mus musculus,10x_suspect,171540,32443,57180,187041983,0.033609,True,135376889,1496465640,11.054,5.79,vocsc+zstd,False,True,32
GSE284729,Danio rerio,Danio rerio,10x_suspect,97560,982993,32520,579641918,0.006044,True,535472636,4641067320,8.667,7.39,vocsc+zstd,False,True,960
GSE284735,Mus musculus,Mus musculus,dnbelab,171540,13011,57180,11884181,0.005325,True,11507811,95125496,8.266,7.747,vocsc+zstd,False,True,13
GSE284796,Homo sapiens,Homo sapiens,10xv3,115818,41981,38606,25490391,0.005243,True,24177754,204091056,8.441,7.588,vocsc+zstd,False,True,41
GSE284815,Homo sapiens,Homo sapiens,10xv3,115818,14794,38606,74744959,0.043623,True,52630644,598018852,11.363,5.633,vocsc+zstd,False,True,15
GSE284856,Mus musculus,Mus musculus,10xv3,171540,15730,57180,37398764,0.01386,True,29078829,299253036,10.291,6.22,vocsc+zstd,False,True,16
GSE285018,Mus musculus,Mus musculus,unknown,171540,44219,57180,3573684,0.000471,True,6655137,28766352,4.322,14.898,vocsc+zstd,False,True,44
GSE285025,Mus musculus,Mus musculus,10x_suspect,171540,79706,57180,76618192,0.005604,True,62069463,613264364,9.88,6.481,vocsc+zstd,False,True,78
GSE285060,Homo sapiens,Homo sapiens,10x_suspect,115818,927,38606,667226,0.006215,True,1523231,5341520,3.507,18.263,vocsc+zstd,False,True,1
GSE285072,Mus musculus,Mus musculus,10x_suspect,171540,3462,57180,22185049,0.037357,True,17240438,177494244,10.295,6.217,vocsc+zstd,False,True,4
GSE285073,Mus musculus,Mus musculus,10x_suspect,171540,40939,57180,96991714,0.013811,True,71430320,776097472,10.865,5.892,vocsc+zstd,False,True,40
GSE285118,Homo sapiens,Homo sapiens,10xv3,115818,34307,38606,140694807,0.035409,True,108592470,1125695688,10.366,6.175,vocsc+zstd,False,True,34
GSE285146,Mus musculus,Mus musculus,10x_suspect,171540,135062,57180,66542792,0.002872,True,65096520,532882588,8.186,7.826,vocsc+zstd,False,True,132
GSE285169,Homo sapiens,Homo sapiens,10xv3,115818,44223,38606,331722387,0.064767,True,236238740,2653955992,11.234,5.697,vocsc+zstd,False,True,44
GSE285315,Homo sapiens,Homo sapiens,10x_multiome,115818,21906,38606,59395656,0.023411,True,48497366,475252876,9.8,6.532,vocsc+zstd,False,True,22
GSE285366,Mus musculus,,,171540,13606,57180,7037692,0.003015,True,8268335,56355964,6.816,9.399,vocsc+zstd,False,True,14
GSE285379,Homo sapiens,Homo sapiens,10x_multiome,115818,86198,38606,42347408,0.004242,True,41271503,339124060,8.217,7.797,vocsc+zstd,False,True,85
GSE285427,Mus musculus,Mus musculus,10xv3,171540,92937,57180,59738177,0.003747,True,56074623,478277168,8.529,7.509,vocsc+zstd,False,True,91
GSE285475,Mus musculus,Mus musculus,10xv3,171540,103298,57180,15145448,0.000855,True,15589971,121576780,7.798,8.235,vocsc+zstd,False,True,101
GSE285504,Mus musculus,Mus musculus,10xv3,171540,16086,57180,58794149,0.021307,True,44176152,470417540,10.649,6.011,vocsc+zstd,False,True,16
GSE285506,Mus musculus,,,171540,79098,57180,24760053,0.001825,True,29655860,198396820,6.69,9.582,vocsc+zstd,False,True,78
GSE285508,Mus musculus,Mus musculus,10xv3,171540,23965,57180,75005531,0.018245,True,56515308,600140112,10.619,6.028,vocsc+zstd,False,True,24
GSE285677,Mus musculus,,,171540,88769,57180,5439944,0.000357,True,9499509,43874632,4.619,13.97,vocsc+zstd,False,True,87
GSE285723,Mus musculus,Mus musculus,10xv3,171540,7286,57180,17626551,0.014103,True,15706779,141041556,8.98,7.129,vocsc+zstd,False,True,8
GSE285843,Homo sapiens,Homo sapiens,10xv3,115818,32261,38606,81359403,0.021775,True,64952970,651004272,10.023,6.387,vocsc+zstd,False,True,32
GSE285887,Mus musculus,Mus musculus,10xv3,171540,189741,57180,275002987,0.008449,True,234453701,2200782864,9.387,6.82,vocsc+zstd,False,True,186
GSE285920,Mus musculus,Mus musculus,microwell,171540,25273,57180,132041232,0.030457,True,91877115,1056430952,11.498,5.567,vocsc+zstd,False,True,25
GSE285936,Mus musculus,Mus musculus,10xv3,171540,312857,57180,263743313,0.004914,True,224427488,2111197936,9.407,6.807,vocsc+zstd,False,True,306
GSE286044,Mus musculus,Mus musculus,10xv4,171540,139070,57180,33807171,0.001417,True,35392904,271013652,7.657,8.375,vocsc+zstd,False,True,136
GSE286054,Homo sapiens,Homo sapiens,10xv2,115818,27316,38606,28034480,0.008861,True,24885353,224385108,9.017,7.101,vocsc+zstd,False,True,27
GSE286072,Mus musculus,Mus musculus,10x_suspect,171540,20298,57180,41834059,0.012015,True,35740046,334753668,9.366,6.835,vocsc+zstd,False,True,20
GSE286271,Mus musculus,Mus musculus,10xv2,171540,10394,57180,45349152,0.025434,True,35482927,362834796,10.226,6.26,vocsc+zstd,False,True,11
GSE286398,Mus musculus,Mus musculus,10xv2,171540,25878,57180,61553426,0.013866,True,49111829,492530924,10.029,6.383,vocsc+zstd,False,True,26
GSE286425,Mus musculus,Mus musculus,10xv3,171540,217384,57180,101236124,0.002715,True,95927367,810758532,8.452,7.58,vocsc+zstd,False,True,213
GSE286541,Mus musculus,Mus musculus,10x_suspect,171540,126541,57180,39237873,0.001808,True,45532064,314409152,6.905,9.283,vocsc+zstd,False,True,124
GSE286951,Mus musculus,Mus musculus,10x_suspect,171540,4463,57180,3588508,0.004687,True,4848194,28725920,5.925,10.808,vocsc+zstd,False,True,5
GSE287090,Homo sapiens,Homo sapiens,10x_suspect,115818,28362,38606,37296654,0.011354,True,33129334,298486684,9.01,7.106,vocsc+zstd,False,True,28
GSE287111,Homo sapiens,Homo sapiens,10x_suspect,115818,20408,38606,29321410,0.012405,True,24774845,234652916,9.471,6.76,vocsc+zstd,False,True,20
GSE287112,Mus musculus,Mus musculus,10xv3,171540,22187,57180,58215678,0.015296,True,44939357,465814176,10.365,6.176,vocsc+zstd,False,True,22
GSE287113,Homo sapiens,Homo sapiens,10xv2,115818,36580,38606,128747401,0.030389,True,96781458,1030125532,10.644,6.014,vocsc+zstd,False,True,36
GSE287188,Homo sapiens,Homo sapiens,10xv3,115818,19321,38606,79851656,0.035684,True,57691078,638890536,11.074,5.78,vocsc+zstd,False,True,19
GSE287277,Mus musculus,Mus musculus,10xv2,171540,7374,57180,1950390,0.001542,True,3499037,15632620,4.468,14.352,vocsc+zstd,False,True,8
GSE287310,Mus musculus,Mus musculus,10xv3,171540,74586,57180,76949194,0.006014,True,69347648,615891900,8.881,7.21,vocsc+zstd,False,True,73
GSE287386,Homo sapiens,Homo sapiens,10xv3,115818,14442,38606,58143930,0.034762,True,48271741,465209212,9.637,6.642,vocsc+zstd,False,True,15
GSE287413,Mus musculus,Mus musculus,10xv3,171540,146875,57180,400836281,0.015909,True,328010137,3207277752,9.778,6.547,vocsc+zstd,False,True,144
GSE287481,Mus musculus,Mus musculus,10xv3,171540,19894,57180,39146259,0.011471,True,33023978,313249652,9.486,6.749,vocsc+zstd,False,True,20
GSE287495,Mus musculus,Mus musculus,10xv3,171540,5173,57180,27961592,0.03151,True,22893300,223713432,9.772,6.55,vocsc+zstd,False,True,6
GSE287546,Mus musculus,Mus musculus,10x_suspect,171540,24653,57180,105167983,0.024868,True,78747474,841442480,10.685,5.99,vocsc+zstd,False,True,25
GSE287555,Mus musculus,Mus musculus,10xv3_5prime,171540,17658,57180,10744414,0.003547,True,11209415,86025948,7.674,8.346,vocsc+zstd,False,True,18
GSE287621,Mus musculus,Mus musculus,10x_suspect,171540,6569,57180,21360860,0.018956,True,16443202,170913160,10.394,6.158,vocsc+zstd,False,True,7
GSE287630,Homo sapiens,Homo sapiens,10xv3,115818,6343,38606,33342804,0.045387,True,25951366,266767808,10.28,6.227,vocsc+zstd,False,True,7
GSE287641,Mus musculus,Mus musculus,10xv3,171540,93155,57180,263925416,0.016516,True,190470462,2111775952,11.087,5.773,vocsc+zstd,False,True,91
GSE287661,Mus musculus,Mus musculus,10x_suspect,171540,26081,57180,56851567,0.012707,True,48320898,454916864,9.414,6.8,vocsc+zstd,False,True,26
GSE287664,Homo sapiens,Homo sapiens,10xv3,115818,519088,38606,162633323,0.002705,True,160092829,1303142940,8.14,7.875,vocsc+zstd,False,True,507
GSE287737,Mus musculus,Mus musculus,10xv3,171540,182412,57180,162071401,0.005179,True,140565095,1297300860,9.229,6.938,vocsc+zstd,False,True,179
GSE287751,Mus musculus,,,171540,13177,57180,80368330,0.035555,True,55895869,642999352,11.504,5.564,vocsc+zstd,False,True,13
GSE287885,Mus musculus,Mus musculus,10x_suspect,171540,7127,57180,30951104,0.025317,True,27180085,247637344,9.111,7.025,vocsc+zstd,False,True,7
GSE287968,Mus musculus,Mus musculus,10xv3_5prime,171540,26202,57180,21520284,0.004788,True,20870468,172267084,8.254,7.758,vocsc+zstd,False,True,26
GSE288005,Mus musculus,Mus musculus,10x_suspect,171540,11570,57180,41332088,0.020825,True,34480520,330702988,9.591,6.674,vocsc+zstd,False,True,12
GSE288136,Homo sapiens,Homo sapiens,10xv3,115818,16560,38606,125090156,0.065221,True,89650467,1000787492,11.163,5.733,vocsc+zstd,False,True,17
GSE288147,Homo sapiens,Homo sapiens,10xv3,115818,271307,38606,350535551,0.011156,True,291236959,2805369640,9.633,6.647,vocsc+zstd,False,True,265
GSE288199,Homo sapiens,Homo sapiens,10x_suspect,115818,375501,38606,166341765,0.003825,True,184269564,1332236128,7.23,8.862,vocsc+zstd,False,True,367
GSE288211,Mus musculus,Mus musculus,10x_suspect,171540,47272,57180,293806230,0.036232,True,205035273,2350638932,11.465,5.583,vocsc+zstd,False,True,47
GSE288212,Homo sapiens,Homo sapiens,10xv3,115818,78370,38606,209789901,0.023113,True,168260707,1678632692,9.976,6.416,vocsc+zstd,False,True,77
GSE288231,Mus musculus,Mus musculus,10xv3,171540,148688,57180,372946205,0.014622,True,286180901,2984164396,10.428,6.139,vocsc+zstd,False,True,146
GSE288268,Mus musculus,,,171540,21664,57180,18684013,0.005028,True,17465965,149558764,8.563,7.478,vocsc+zstd,False,True,22
GSE288389,Homo sapiens,Homo sapiens,10x_suspect,115818,18631,38606,137330846,0.063644,True,94413977,1098721296,11.637,5.5,vocsc+zstd,False,True,19
GSE288450,Mus musculus,Mus musculus,seqwell,171540,19096,57180,24892055,0.007599,True,21561684,199212828,9.239,6.93,vocsc+zstd,False,True,19
GSE288490,Homo sapiens,Homo sapiens,10xv2,115818,7824,38606,17823046,0.019669,True,15947142,142615668,8.943,7.158,vocsc+zstd,False,True,8
GSE288514,Mus musculus,Mus musculus,10x_multiome,171540,258264,57180,498009917,0.011241,True,394537128,3985112396,10.101,6.338,vocsc+zstd,False,True,253
GSE288733,Mus musculus,Mus musculus,10xv2,171540,25507,57180,25318154,0.005786,True,24204236,202647264,8.372,7.648,vocsc+zstd,False,True,25
GSE288734,Mus musculus,Mus musculus,10xv3,171540,7932,57180,41173826,0.03026,True,33069958,329422340,9.961,6.425,vocsc+zstd,False,True,8
GSE288743,Mus musculus,Mus musculus,10x_suspect,171540,23711,57180,102759376,0.025264,True,76596110,822169856,10.734,5.963,vocsc+zstd,False,True,24
GSE288770,Homo sapiens,Homo sapiens,10xv3,115818,144038,38606,117048783,0.007016,True,100083491,936966420,9.362,6.84,vocsc+zstd,False,True,141
GSE288822,Homo sapiens,Homo sapiens,10xv3,115818,17259,38606,83843323,0.041945,True,58682552,670815624,11.431,5.599,vocsc+zstd,False,True,17
GSE288856,Homo sapiens,Homo sapiens,10xv2,115818,144589,38606,68954037,0.004118,True,80398165,552210656,6.868,9.328,vocsc+zstd,False,True,142
GSE288863,Mus musculus,Mus musculus,10xv3,171540,28822,57180,88792527,0.017959,True,70008164,710455508,10.148,6.308,vocsc+zstd,False,True,29
GSE288878,Homo sapiens,Homo sapiens,10xv3,115818,9303,38606,10440136,0.00969,True,8903904,83558304,9.384,6.823,vocsc+zstd,False,True,10
GSE288964,Homo sapiens,Homo sapiens,10xv3,115818,92473,38606,257710596,0.024063,True,197587416,2062054664,10.436,6.134,vocsc+zstd,False,True,91
GSE289142,Mus musculus,Mus musculus,10x_suspect,171540,38091,57180,28795255,0.004407,True,28386264,230514408,8.121,7.886,vocsc+zstd,False,True,38
GSE289268,Mus musculus,Mus musculus,10xv3,171540,44103,57180,137153015,0.018129,True,105976657,1097400536,10.355,6.182,vocsc+zstd,False,True,44
GSE289270,Mus musculus,Mus musculus,10xv4,171540,11608,57180,69349305,0.034827,True,53739784,554840876,10.325,6.199,vocsc+zstd,False,True,12
GSE289281,Mus musculus,Mus musculus,10x_suspect,171540,22770,57180,54138554,0.01386,True,43532512,433199516,9.951,6.433,vocsc+zstd,False,True,23
GSE289368,Homo sapiens,Homo sapiens,10xv3,115818,16748,38606,69948027,0.036061,True,50452087,559651212,11.093,5.77,vocsc+zstd,False,True,17
GSE289457,Mus musculus,Mus musculus,10xv3,171540,26151,57180,76423123,0.017036,True,55938321,611489592,10.931,5.856,vocsc+zstd,False,True,26
GSE289461,Mus musculus,Mus musculus,dropseq,171540,351628,57180,149089947,0.002472,True,153758158,1194126092,7.766,8.25,vocsc+zstd,False,True,344
GSE289548,Mus musculus,Mus musculus,10xv3,171540,14099,57180,34730346,0.01436,True,28567441,277899168,9.728,6.58,vocsc+zstd,False,True,14
GSE289606,Mus musculus,Mus musculus,10xv2,171540,8509,57180,7821701,0.005359,True,8261422,62607648,7.578,8.45,vocsc+zstd,False,True,9
GSE289723,Mus musculus,Mus musculus,10xv3,171540,44506,57180,141562107,0.018542,True,110943725,1132674884,10.209,6.27,vocsc+zstd,False,True,44
GSE289732,Mus musculus,Mus musculus,10xv3,171540,11944,57180,4955322,0.002419,True,6555064,39690356,6.055,10.583,vocsc+zstd,False,True,12
GSE289849,Homo sapiens,Homo sapiens,10xv3_5prime,115818,107541,38606,78736105,0.006322,True,71867252,630319008,8.771,7.302,vocsc+zstd,False,True,106
GSE289864,Homo sapiens,Homo sapiens,10x_suspect,115818,14001,38606,13716576,0.008459,True,15772645,109788616,6.961,9.199,vocsc+zstd,False,True,14
GSE289921,Mus musculus,Mus musculus,10x_suspect,171540,102554,57180,20422021,0.001161,True,18356886,163786388,8.922,7.191,vocsc+zstd,False,True,101
GSE290081,Mus musculus,,,171540,8606,57180,5868904,0.003975,True,6729566,46985660,6.982,9.173,vocsc+zstd,False,True,9
GSE290102,Mus musculus,Mus musculus,10xv3,171540,216649,57180,60040204,0.001616,True,62327097,481188232,7.72,8.305,vocsc+zstd,False,True,212
GSE290141,Homo sapiens,Homo sapiens,10xv3,115818,8393,38606,52850100,0.054369,True,41381471,422834376,10.218,6.264,vocsc+zstd,False,True,9
GSE290150,Mus musculus,Mus musculus,10xv3,171540,24884,57180,119941412,0.028099,True,95206699,959630836,10.079,6.35,vocsc+zstd,False,True,25
GSE290216,Homo sapiens,Homo sapiens,10xv2,115818,32759,38606,10955158,0.002887,True,12016265,87772304,7.304,8.775,vocsc+zstd,False,True,32
GSE290275,Mus musculus,Mus musculus,10x_suspect,171540,7089,57180,24307771,0.019989,True,19752426,194490528,9.846,6.501,vocsc+zstd,False,True,7
GSE290276,Mus musculus,Mus musculus,10x_suspect,171540,19406,57180,48066585,0.014439,True,36323508,384610308,10.588,6.046,vocsc+zstd,False,True,19
GSE290353,Homo sapiens,Homo sapiens,10xv3,115818,154725,38606,457936060,0.025555,True,339051443,3664107384,10.807,5.923,vocsc+zstd,False,True,152
GSE290363,Mus musculus,Mus musculus,10xv3,171540,19126,57180,51816514,0.015794,True,42462670,414608620,9.764,6.556,vocsc+zstd,False,True,19
GSE290398,Mus musculus,Mus musculus,10xv3,171540,145330,57180,98068782,0.003934,True,87860527,785131580,8.936,7.167,vocsc+zstd,False,True,142
GSE290550,Danio rerio,Danio rerio,10xv3,97560,47590,32520,74720557,0.016094,True,61184766,597954820,9.773,6.551,vocsc+zstd,False,True,47
GSE290757,Homo sapiens,Homo sapiens,10xv2,115818,167041,38606,131730003,0.006809,True,117382302,1054508192,8.984,7.129,vocsc+zstd,False,True,164
GSE290794,Mus musculus,Mus musculus,10xv3,171540,73118,57180,18590011,0.001482,True,20102916,149012564,7.412,8.651,vocsc+zstd,False,True,72
GSE290798,Homo sapiens,Homo sapiens,10x_suspect,115818,93106,38606,81254580,0.007535,True,73861984,650409068,8.806,7.272,vocsc+zstd,False,True,91
GSE290822,Homo sapiens,Homo sapiens,10xv3,115818,127947,38606,241489431,0.016296,True,198763790,1932427240,9.722,6.585,vocsc+zstd,False,True,125
GSE290832,Homo sapiens,Homo sapiens,10x_suspect,115818,498918,38606,635612034,0.011,True,489498030,5086891948,10.392,6.161,vocsc+zstd,False,True,488
GSE290903,Mus musculus,Mus musculus,10x_suspect,171540,20384,57180,97547090,0.027897,True,71368834,780458260,10.936,5.853,vocsc+zstd,False,True,20
GSE290925,Homo sapiens,Homo sapiens,10xv3,115818,9004,38606,34399409,0.032987,True,28725321,275231292,9.581,6.68,vocsc+zstd,False,True,9
GSE290931,Homo sapiens,Homo sapiens,10x_multiome,115818,15757,38606,63822716,0.034972,True,49716875,510644760,10.271,6.232,vocsc+zstd,False,True,16
GSE290932,Mus musculus,Mus musculus,10x_suspect,171540,17058,57180,32590922,0.011138,True,29871720,260795612,8.731,7.333,vocsc+zstd,False,True,17
GSE290943,Mus musculus,,,171540,14691,57180,51004855,0.020239,True,41403518,408097608,9.857,6.494,vocsc+zstd,False,True,15
GSE290975,Mus musculus,Mus musculus,10xv3,171540,344703,57180,199833521,0.00338,True,170163021,1600046984,9.403,6.812,vocsc+zstd,False,True,337
GSE290980,Homo sapiens,Homo sapiens,10xv3,115818,30833,38606,77573701,0.021723,True,60264320,620712944,10.3,6.215,vocsc+zstd,False,True,31
GSE291004,Homo sapiens,Homo sapiens,10x_suspect,115818,209575,38606,383394285,0.015795,True,339355870,3067992584,9.041,7.081,vocsc+zstd,False,True,205
GSE291080,Homo sapiens,Homo sapiens,10xv3,115818,405720,38606,1055019648,0.022452,True,839340288,8441780068,10.058,6.365,vocsc+zstd,False,True,397
GSE291120,Mus musculus,Mus musculus,10x_suspect,171540,18600,57180,7132969,0.002236,True,6510079,57138156,8.777,7.301,vocsc+zstd,False,True,19
GSE291126,Mus musculus,Mus musculus,10xv3,171540,35894,57180,85446657,0.013877,True,64783178,683716836,10.554,6.065,vocsc+zstd,False,True,36
GSE291154,Mus musculus,Mus musculus,10x_suspect,171540,1882,57180,4888280,0.015142,True,5603903,39113772,6.98,9.171,vocsc+zstd,False,True,2
GSE291364,Gallus gallus,Gallus gallus,10xv3,90324,330600,30108,114536031,0.003836,True,116113834,917610652,7.903,8.11,vocsc+zstd,False,True,323
GSE291435,Mus musculus,Mus musculus,10xv3,171540,16900,57180,61722784,0.021291,True,49370475,493849876,10.003,6.399,vocsc+zstd,False,True,17
GSE291457,Mus musculus,Mus musculus,10x_suspect,171540,78723,57180,90039816,0.006668,True,78276964,720633424,9.206,6.955,vocsc+zstd,False,True,77
GSE291561,Drosophila melanogaster,Drosophila melanogaster,10xv3,72834,2754,24278,8852351,0.044133,True,6636601,70829828,10.673,5.998,vocsc+zstd,False,True,3
GSE291562,Mus musculus,Mus musculus,10x_suspect,171540,18100,57180,62590768,0.020159,True,50524898,500798548,9.912,6.458,vocsc+zstd,False,True,18
GSE291575,Homo sapiens,Homo sapiens,10x_suspect,115818,94592,38606,23751746,0.002168,True,19905577,190392340,9.565,6.705,vocsc+zstd,False,True,93
GSE291641,Mus musculus,Mus musculus,10x_multiome,171540,56339,57180,131249504,0.013581,True,101531245,1050221392,10.344,6.189,vocsc+zstd,False,True,56
GSE291678,Homo sapiens,Homo sapiens,10xv3,115818,38844,38606,373407784,0.083001,True,255887123,2987417652,11.675,5.482,vocsc+zstd,False,True,38
GSE291698,Mus musculus,Mus musculus,10xv3,171540,78794,57180,320966369,0.023747,True,252774280,2568046132,10.159,6.3,vocsc+zstd,False,True,77
GSE291758,Homo sapiens,Homo sapiens,10x_suspect,115818,16116,38606,32339109,0.017326,True,26148051,258777340,9.897,6.468,vocsc+zstd,False,True,16
GSE291781,Mus musculus,Mus musculus,10xv3,171540,867199,57180,159255406,0.001071,True,175271102,1277512048,7.289,8.805,vocsc+zstd,False,True,847
GSE291815,Homo sapiens,Rousettus aegyptiacus; Homo sapiens,10xv3,115818,7615,38606,12923583,0.014653,True,10781616,103419128,9.592,6.674,vocsc+zstd,False,True,8
GSE291819,Mus musculus,Mus musculus,10x_suspect,171540,14244,57180,77451103,0.031698,True,58849417,619665804,10.53,6.079,vocsc+zstd,False,True,14
GSE291845,Mus musculus,Mus musculus,10xv3,171540,144524,57180,63466283,0.00256,True,59376075,508308364,8.561,7.484,vocsc+zstd,False,True,142
GSE291948,Mus musculus,Mus musculus,10x_suspect,171540,129883,57180,78104912,0.003506,True,72719278,625358832,8.6,7.448,vocsc+zstd,False,True,127
GSE292083,Homo sapiens,Homo sapiens,10x_suspect,115818,229458,38606,299749330,0.011279,True,259830931,2398912476,9.233,6.935,vocsc+zstd,False,True,225
GSE292092,Mus musculus,Mus musculus,10x_suspect,171540,156820,57180,253341586,0.009418,True,200847767,2027359972,10.094,6.342,vocsc+zstd,False,True,154
GSE292099,Unknown,Ovis aries,10x_suspect,92166,44063,92166,127701154,0.031445,True,105897111,1021785488,9.649,6.634,vocsc+zstd,False,True,44
GSE292260,Mus musculus,Mus musculus,10x_multiome,171540,115538,57180,380681831,0.019208,True,289533953,3045916804,10.52,6.085,vocsc+zstd,False,True,113
GSE292308,Mus musculus,Mus musculus,10x_suspect,171540,51561,57180,77482885,0.00876,True,60059479,620069328,10.324,6.201,vocsc+zstd,False,True,51
GSE292457,Homo sapiens,Homo sapiens,10xv3,115818,17481,38606,123920471,0.061207,True,90565991,991433696,10.947,5.847,vocsc+zstd,False,True,18
GSE292490,Mus musculus,Mus musculus,10xv2,171540,34685,57180,45808286,0.007699,True,38720016,366605032,9.468,6.762,vocsc+zstd,False,True,34
GSE292508,Mus musculus,Mus musculus,10xv3,171540,17011,57180,87535613,0.029998,True,62181431,700352952,11.263,5.683,vocsc+zstd,False,True,17
GSE292522,Mus musculus,Mus musculus,10xv3,171540,93969,57180,238588294,0.014801,True,177293215,1909082232,10.768,5.945,vocsc+zstd,False,True,92
GSE292575,Homo sapiens,Homo sapiens,10x_suspect,115818,36635,38606,62464310,0.014722,True,51677093,499861024,9.673,6.618,vocsc+zstd,False,True,36
GSE292642,Mus musculus,Mus musculus,10x_suspect,171540,119429,57180,194960013,0.009516,True,159904103,1560157824,9.757,6.562,vocsc+zstd,False,True,117
GSE292661,Homo sapiens,Homo sapiens,10xv3_5prime,115818,115983,38606,37401432,0.002784,True,38266486,299675392,7.831,8.185,vocsc+zstd,False,True,114
GSE292667,Mus musculus,Mus musculus,10xv4,171540,65141,57180,186738811,0.016711,True,146189341,1494171056,10.221,6.263,vocsc+zstd,False,True,64
GSE292830,Mus musculus,Mus musculus,citeseq,171540,24351,57180,54052290,0.01294,True,42311878,432515728,10.222,6.262,vocsc+zstd,False,True,24
GSE292904,Mus musculus,Mus musculus,10xv3,171540,67494,57180,123405866,0.010659,True,98639942,987516908,10.011,6.395,vocsc+zstd,False,True,66
GSE292909,Homo sapiens,Homo sapiens,10xv3,115818,1903836,38606,5627964853,0.025524,True,4301711490,45031334172,10.468,6.115,vocsc+zstd,False,True,1860
GSE292928,Mus musculus,Mus musculus,10xv3,171540,38073,57180,82453902,0.012625,True,68265932,659783512,9.665,6.623,vocsc+zstd,False,True,38
GSE292971,Homo sapiens,Homo sapiens,10xv3,115818,451173,38606,1437613565,0.027512,True,1167824173,11502713216,9.85,6.499,vocsc+zstd,False,True,441
GSE293027,Mus musculus,Mus musculus,10xv3,171540,9062,57180,28510696,0.018341,True,23909089,228121820,9.541,6.709,vocsc+zstd,False,True,9
GSE293132,Mus musculus,Mus musculus,10xv3,171540,5894,57180,6735655,0.006662,True,7107847,53908820,7.584,8.442,vocsc+zstd,False,True,6
GSE293148,Homo sapiens,Homo sapiens; Mus musculus,10xv3,115818,26396,38606,109848205,0.035932,True,85083774,878891228,10.33,6.196,vocsc+zstd,False,True,26
GSE293229,Mus musculus,Mus musculus,10xv3,171540,673293,57180,257947598,0.002233,True,254180283,2066273960,8.129,7.883,vocsc+zstd,False,True,658
GSE293260,Mus musculus,Mus musculus,10x_suspect,171540,518175,57180,243175302,0.002736,True,214153126,1947475120,9.094,7.045,vocsc+zstd,False,True,507
GSE293405,Mus musculus,Mus musculus,10x_suspect,171540,11600,57180,61316463,0.030814,True,44183365,490578108,11.103,5.765,vocsc+zstd,False,True,12
GSE293426,Homo sapiens,Homo sapiens,10xv3,115818,54294,38606,106430296,0.016925,True,85723377,851659548,9.935,6.444,vocsc+zstd,False,True,54
GSE293435,Homo sapiens,Homo sapiens,10x_suspect,115818,108119,38606,10484230,0.000837,True,11801643,84306320,7.144,9.005,vocsc+zstd,False,True,106
GSE293483,Homo sapiens,Homo sapiens,10xv3_5prime,115818,10158,38606,6926278,0.005887,True,8386770,55450860,6.612,9.687,vocsc+zstd,False,True,10
GSE293526,Mus musculus,Mus musculus,10x_suspect,171540,4111,57180,33375115,0.047327,True,26994769,267017368,9.891,6.471,vocsc+zstd,False,True,5
GSE293537,Mus musculus,Mus musculus,10xv3,171540,42328,57180,34744039,0.004785,True,33437898,278121628,8.318,7.699,vocsc+zstd,False,True,42
GSE293686,Mus musculus,Mus musculus,10xv3,171540,47288,57180,158066638,0.019486,True,123186575,1264722260,10.267,6.235,vocsc+zstd,False,True,47
GSE293717,Homo sapiens,Homo sapiens,10x_suspect,115818,42253,38606,51529877,0.01053,True,48079122,412408032,8.578,7.464,vocsc+zstd,False,True,42
GSE293737,Mus musculus,Mus musculus,10xv3,171540,83817,57180,87530115,0.006088,True,78223713,700576192,8.956,7.149,vocsc+zstd,False,True,82
GSE293769,Mus musculus,Mus musculus,10x_suspect,171540,236448,57180,197243717,0.004863,True,173522006,1578895532,9.099,7.038,vocsc+zstd,False,True,231
GSE293891,Mus musculus,Mus musculus,10xv3,171540,4818,57180,13346308,0.016148,True,11903942,106789740,8.971,7.135,vocsc+zstd,False,True,5
GSE293928,Homo sapiens,Homo sapiens,10xv2,115818,812,38606,9123980,0.097018,True,7650106,72995092,9.542,6.708,vocsc+zstd,False,True,1
GSE293929,Mus musculus,Mus musculus,10xv3,171540,49131,57180,159153196,0.018884,True,127922764,1273422096,9.955,6.43,vocsc+zstd,False,True,48
GSE293930,Homo sapiens,Homo sapiens,10xv2,115818,486,38606,6928185,0.123086,True,6210081,55427428,8.925,7.171,vocsc+zstd,False,True,1
GSE293954,Unknown,Sus scrofa domesticus,dnbelab,107010,11461,35670,9701516,0.00791,True,9983507,77657976,7.779,8.233,vocsc+zstd,False,True,12
GSE293992,Macaca mulatta,Macaca mulatta,10x_suspect,106296,116483,35432,219253689,0.017708,True,166656208,1754495448,10.528,6.081,vocsc+zstd,False,True,114
GSE294155,Mus musculus,Mus musculus,10xv3,171540,6813,57180,26004479,0.022251,True,19784505,208063088,10.516,6.086,vocsc+zstd,False,True,7
GSE294160,Mus musculus,Mus musculus,10x_suspect,171540,122945,57180,149540390,0.007091,True,126050781,1196814904,9.495,6.743,vocsc+zstd,False,True,121
GSE294205,Homo sapiens,Homo sapiens,10x_suspect,115818,23845,38606,2826897,0.001024,True,4362212,22710560,5.206,12.345,vocsc+zstd,False,True,24
GSE294268,Homo sapiens,Homo sapiens,10xv2,115818,90588,38606,75727442,0.007218,True,70578686,606181892,8.589,7.456,vocsc+zstd,False,True,89
GSE294372,Homo sapiens,Homo sapiens,10x_suspect,115818,16143,38606,83204804,0.044503,True,59060894,665703008,11.271,5.679,vocsc+zstd,False,True,16
GSE294399,Homo sapiens,Homo sapiens,10xv3_5prime,115818,5871,38606,2936574,0.004319,True,3815800,23516080,6.163,10.395,vocsc+zstd,False,True,6
GSE294410,Rattus norvegicus,Rattus norvegicus,10xv2,91686,202514,30562,47102396,0.002537,True,45821939,377629228,8.241,7.783,vocsc+zstd,False,True,198
GSE294482,Mus musculus,Mus musculus,10x_suspect,171540,15018,57180,67356292,0.026146,True,53307772,538910412,10.109,6.331,vocsc+zstd,False,True,15
GSE294637,Homo sapiens,Homo sapiens,10xv3,115818,4748,38606,39576745,0.07197,True,28160939,316632956,11.244,5.692,vocsc+zstd,False,True,5
GSE294647,Mus musculus,Mus musculus,10x_suspect,171540,8166,57180,40722797,0.029071,True,31307233,325815044,10.407,6.15,vocsc+zstd,False,True,8
GSE294684,Mus musculus,Mus musculus,10x_suspect,171540,30678,57180,112901563,0.021454,True,89858525,903335220,10.053,6.367,vocsc+zstd,False,True,30
GSE294749,Mus musculus,,,171540,58341,57180,273854469,0.027364,True,212162193,2191069120,10.327,6.198,vocsc+zstd,False,True,57
GSE294795,Mus musculus,Mus musculus,dropseq,171540,971595,57180,139827536,0.000839,True,173332154,1122506672,6.476,9.917,vocsc+zstd,False,True,949
GSE294820,Mus musculus,,,171540,18983,57180,88339563,0.027128,True,63187537,706792440,11.186,5.722,vocsc+zstd,False,True,19
GSE294903,Mus musculus,Mus musculus,10x_suspect,171540,30894,57180,8088484,0.001526,True,9916038,64831452,6.538,9.808,vocsc+zstd,False,True,31
GSE294956,Homo sapiens,Homo sapiens,10x_suspect,115818,15511,38606,64260803,0.035771,True,49494655,514148472,10.388,6.162,vocsc+zstd,False,True,16
GSE294999,Mus musculus,Mus musculus,10xv3_5prime,171540,111524,57180,27183229,0.001421,True,28512795,217911932,7.643,8.391,vocsc+zstd,False,True,109
GSE295033,Mus musculus,Mus musculus,10xv3,171540,158149,57180,137268962,0.00506,True,119476492,1098784296,9.197,6.963,vocsc+zstd,False,True,155
GSE295200,Mus musculus,Mus musculus,10xv3,171540,9465,57180,28431375,0.017511,True,26258610,227488864,8.663,7.389,vocsc+zstd,False,True,10
GSE295234,Homo sapiens,Homo sapiens,10x_suspect,115818,80148,38606,7923237,0.000854,True,10479837,63706492,6.079,10.581,vocsc+zstd,False,True,79
GSE295330,Homo sapiens,Homo sapiens,10xv3,115818,41648,38606,145607922,0.030187,True,108892942,1165029972,10.699,5.983,vocsc+zstd,False,True,41
GSE295345,Mus musculus,Mus musculus,10xv3,171540,16300,57180,53165465,0.019014,True,40388978,425388924,10.532,6.077,vocsc+zstd,False,True,16
GSE295457,Homo sapiens,Homo sapiens,10xv3,115818,72049,38606,212367098,0.02545,True,166833904,1699224984,10.185,6.285,vocsc+zstd,False,True,71
GSE295484,Mus musculus,Mus musculus,10xv3,171540,112557,57180,313734968,0.016249,True,250207031,2510329976,10.033,6.38,vocsc+zstd,False,True,110
GSE295527,Homo sapiens,Homo sapiens,10xv3,115818,667,38606,1555345,0.020134,True,2093353,12445432,5.945,10.767,vocsc+zstd,False,True,1
GSE295659,Homo sapiens,Homo sapiens,10x_suspect,115818,3086,38606,1535276,0.004296,True,2280344,12294556,5.392,11.882,vocsc+zstd,False,True,4
GSE295692,Rattus norvegicus,Rattus norvegicus,10x_suspect,91686,52743,30562,128261696,0.026523,True,97007440,1026304544,10.58,6.051,vocsc+zstd,False,True,52
GSE295860,Mus musculus,Mus musculus,10xv3,171540,42457,57180,173241640,0.023787,True,138778225,1386102952,9.988,6.409,vocsc+zstd,False,True,42
GSE295865,Mus musculus,Mus musculus,10x_suspect,171540,26302,57180,5976831,0.001325,True,6397901,47919860,7.49,8.564,vocsc+zstd,False,True,26
GSE295877,Mus musculus,Mus musculus,10x_suspect,171540,184701,57180,257482589,0.008127,True,218032685,2060599520,9.451,6.774,vocsc+zstd,False,True,181
GSE295990,Mus musculus,Mus musculus,10xv3,171540,161756,57180,192870435,0.006951,True,161921541,1543610508,9.533,6.716,vocsc+zstd,False,True,158
GSE296006,Unknown,Sus scrofa,10xv3,107010,10441,35670,41854111,0.03746,True,33352403,334874656,10.04,6.375,vocsc+zstd,False,True,11
GSE296058,Mus musculus,Mus musculus,10x_suspect,171540,26202,57180,3519967,0.000783,True,4670616,28264548,6.052,10.615,vocsc+zstd,False,True,26
GSE296163,Mus musculus,Mus musculus,10xv3,171540,86545,57180,33756524,0.002274,True,33027063,270398376,8.187,7.827,vocsc+zstd,False,True,85
GSE296265,Mus musculus,Mus musculus,10x_suspect,171540,134605,57180,595260160,0.02578,True,415522682,4762619704,11.462,5.584,vocsc+zstd,False,True,132
GSE296427,Mus musculus,Mus musculus,10xv3,171540,27847,57180,99859719,0.020905,True,78137349,798989144,10.225,6.26,vocsc+zstd,False,True,28
GSE296454,Mus musculus,Mus musculus,10xv3,171540,104235,57180,58647450,0.00328,True,55910953,469596544,8.399,7.627,vocsc+zstd,False,True,102
GSE296504,Mus musculus,Mus musculus,10xv3,171540,2581,57180,11406783,0.025764,True,10827391,91264592,8.429,7.594,vocsc+zstd,False,True,3
GSE296523,Mus musculus,Mus musculus,10xv2,171540,11325,57180,9608632,0.004946,True,10114064,76914360,7.605,8.421,vocsc+zstd,False,True,12
GSE296575,Mus musculus,Mus musculus,10xv3,171540,102668,57180,258173629,0.014659,True,200083367,2065799708,10.325,6.2,vocsc+zstd,False,True,101
GSE296692,Mus musculus,Mus musculus,10xv3,171540,83258,57180,43161947,0.003022,True,40797989,345628612,8.472,7.562,vocsc+zstd,False,True,82
GSE296703,Homo sapiens,Homo sapiens,10xv3,115818,21794,38606,87474345,0.034655,True,66809673,699881940,10.476,6.11,vocsc+zstd,False,True,22
GSE296723,Drosophila melanogaster,Drosophila melanogaster,10x_suspect,72834,84458,24278,52097290,0.008469,True,41214410,417116156,10.121,6.329,vocsc+zstd,False,True,83
GSE296731,Homo sapiens,Homo sapiens,10xv3,115818,170543,38606,240726633,0.012187,True,198943707,1926495240,9.684,6.611,vocsc+zstd,False,True,167
GSE296768,Mus musculus,Mus musculus,10x_suspect,171540,70742,57180,217519330,0.017925,True,157591695,1740437612,11.044,5.796,vocsc+zstd,False,True,70
GSE296841,Mus musculus,Mus musculus,10x_multiome,171540,218912,57180,171373756,0.004564,True,143755929,1371865700,9.543,6.711,vocsc+zstd,False,True,214
GSE296893,Homo sapiens,Homo sapiens,10xv3_5prime,115818,26897,38606,15212912,0.004884,True,15370063,121810888,7.925,8.083,vocsc+zstd,False,True,27
GSE297012,Homo sapiens,Homo sapiens,10x_suspect,115818,101445,38606,299710874,0.025509,True,237514089,2398092776,10.097,6.34,vocsc+zstd,False,True,100
GSE297041,Homo sapiens,Homo sapiens,10xv3,115818,94109,38606,119700104,0.010982,True,99818594,957977272,9.597,6.671,vocsc+zstd,False,True,92
GSE297075,Mus musculus,Mus musculus,10xv3,171540,2521,57180,10242582,0.023685,True,8628991,81950744,9.497,6.74,vocsc+zstd,False,True,3
GSE297213,Unknown,Zea mays,10xv3,132909,2679,44303,2942120,0.008263,True,3503819,23547680,6.721,9.527,vocsc+zstd,False,True,3
GSE297296,Mus musculus,Mus musculus,10xv3,171540,8752,57180,26321042,0.017532,True,20248374,210603348,10.401,6.154,vocsc+zstd,False,True,9
GSE297495,Mus musculus,Mus musculus,10xv3,171540,126410,57180,130710569,0.006028,True,109794883,1046190196,9.529,6.72,vocsc+zstd,False,True,124
GSE297503,Unknown,Oryctolagus cuniculus,10xv3,88761,24267,88761,15075586,0.006999,True,13625981,120701760,8.858,7.231,vocsc+zstd,False,True,24
GSE297627,Rattus norvegicus,,,91686,179566,30562,38372734,0.002331,True,42441387,307700140,7.25,8.848,vocsc+zstd,False,True,176
GSE297665,Homo sapiens,Homo sapiens,10xv3,115818,64618,38606,89866070,0.012008,True,73087886,719187036,9.84,6.506,vocsc+zstd,False,True,64
GSE297676,Homo sapiens,Homo sapiens,10xv3,115818,203300,38606,92239488,0.003917,True,87475508,738729108,8.445,7.587,vocsc+zstd,False,True,199
GSE297688,Mus musculus,Mus musculus,10x_suspect,171540,21001,57180,53906060,0.014963,True,44669326,431332488,9.656,6.629,vocsc+zstd,False,True,21
GSE297773,Rattus norvegicus,Rattus norvegicus,10xv3,91686,92959,30562,40324622,0.004731,True,36604228,322968816,8.823,7.262,vocsc+zstd,False,True,91
GSE297835,Mus musculus,Mus musculus,10xv4,171540,27307,57180,111213260,0.023742,True,81515405,889815312,10.916,5.864,vocsc+zstd,False,True,27
GSE298054,Homo sapiens,Homo sapiens,10xv2,115818,42155,38606,47157006,0.009659,True,38221337,377424672,9.875,6.484,vocsc+zstd,False,True,42
GSE298086,Mus musculus,Mus musculus,10x_suspect,171540,36262,57180,149213897,0.023988,True,111693646,1193856228,10.689,5.988,vocsc+zstd,False,True,36
GSE298274,Mus musculus,,,171540,8565,57180,67924868,0.046231,True,48965242,543433208,11.098,5.767,vocsc+zstd,False,True,9
GSE298368,Homo sapiens,Homo sapiens,10xv3,115818,2062,38606,10835167,0.04537,True,9485449,86689588,9.139,7.003,vocsc+zstd,False,True,3
GSE298371,Mus musculus,Mus musculus,10xv2,171540,30549,57180,8182418,0.001561,True,9919983,65581544,6.611,9.699,vocsc+zstd,False,True,30
GSE298374,Mus musculus,Mus musculus,10xv2,171540,74831,57180,46459459,0.003619,True,43099905,371975000,8.631,7.422,vocsc+zstd,False,True,74
GSE298386,Mus musculus,Mus musculus,10xv2,171540,61025,57180,30146182,0.00288,True,29392465,241413560,8.213,7.8,vocsc+zstd,False,True,60
GSE298408,Mus musculus,Mus musculus,10xv2,171540,27755,57180,6649923,0.001397,True,8687035,53310408,6.137,10.451,vocsc+zstd,False,True,28
GSE298412,Mus musculus,Mus musculus,10x_suspect,171540,16304,57180,74349688,0.026584,True,56591756,594862724,10.511,6.089,vocsc+zstd,False,True,16
GSE298501,Homo sapiens,Homo sapiens,10x_suspect,115818,138436,38606,26616739,0.00166,True,22886471,213487660,9.328,6.879,vocsc+zstd,False,True,136
GSE298629,Mus musculus,Mus musculus,10xv4,171540,21185,57180,91077853,0.025062,True,68095643,728707568,10.701,5.981,vocsc+zstd,False,True,21
GSE298632,Homo sapiens,Homo sapiens,10xv3,115818,6725,38606,24206208,0.031078,True,18613885,193676568,10.405,6.152,vocsc+zstd,False,True,7
GSE298748,Mus musculus,Mus musculus,10xv3,171540,50838,57180,165978266,0.019033,True,130574695,1328029484,10.171,6.294,vocsc+zstd,False,True,50
GSE298814,Mus musculus,Mus musculus,10xv3,171540,15814,57180,49573903,0.018275,True,40278099,396654484,9.848,6.5,vocsc+zstd,False,True,16
GSE298879,Mus musculus,Mus musculus,10x_suspect,171540,100315,57180,307933548,0.017895,True,221178249,2463869648,11.14,5.746,vocsc+zstd,False,True,98
GSE299023,Homo sapiens,Homo sapiens,10xv3,115818,5161,38606,7177429,0.012008,True,7133454,57440080,8.052,7.951,vocsc+zstd,False,True,6
GSE299078,Mus musculus,Mus musculus,10xv2,171540,25202,57180,106427437,0.024618,True,81288543,851520308,10.475,6.11,vocsc+zstd,False,True,25
GSE299095,Homo sapiens,Homo sapiens,10xv3,115818,23371,38606,44963405,0.016611,True,34764233,359800728,10.35,6.185,vocsc+zstd,False,True,23
GSE299104,Homo sapiens,Homo sapiens,10xv3,115818,33548,38606,6411361,0.00165,True,5926818,51425084,8.677,7.395,vocsc+zstd,False,True,33
GSE299111,Homo sapiens,Homo sapiens,10xv2,115818,59213,38606,146663562,0.021386,True,120042725,1173545352,9.776,6.548,vocsc+zstd,False,True,58
GSE299162,Mus musculus,Mus musculus,10xv3,171540,519701,57180,928232136,0.010412,True,738644980,7427935896,10.056,6.366,vocsc+zstd,False,True,508
GSE299310,Mus musculus,Mus musculus,10xv3,171540,87785,57180,18327773,0.001217,True,20333611,146973328,7.228,8.876,vocsc+zstd,False,True,86
GSE299485,Mus musculus,Mus musculus,10xv4,171540,30781,57180,82956865,0.015711,True,63704071,663778048,10.42,6.143,vocsc+zstd,False,True,31
GSE299631,Mus musculus,Homo sapiens; Mus musculus,10xv3,171540,55615,57180,140213322,0.014697,True,110218128,1121929040,10.179,6.289,vocsc+zstd,False,True,55
GSE299663,Homo sapiens,Homo sapiens,dropseq,115818,43,38606,406487,0.081621,True,1247243,3252072,2.607,24.547,vocsc+zstd,False,True,1
GSE300120,Mus musculus,Mus musculus,10xv3,171540,14790,57180,39701170,0.015648,True,34002417,317668524,9.343,6.852,vocsc+zstd,False,True,15
GSE300166,Homo sapiens,Homo sapiens,10xv3,115818,14907,38606,10093318,0.005846,True,9998227,80806176,8.082,7.925,vocsc+zstd,False,True,15
GSE300217,Homo sapiens,Homo sapiens; Mus musculus,10xv3,115818,36391,38606,74579013,0.017695,True,59504389,596777672,10.029,6.383,vocsc+zstd,False,True,36
GSE300288,Mus musculus,Mus musculus,10x_suspect,171540,172289,57180,66588755,0.002253,True,70133806,533399200,7.605,8.426,vocsc+zstd,False,True,169
GSE300309,Homo sapiens,Homo sapiens,10xv3,115818,19999,38606,14588483,0.006298,True,13954798,116787864,8.369,7.653,vocsc+zstd,False,True,20
GSE300482,Homo sapiens,Homo sapiens,10xv3,115818,27076,38606,7532192,0.002402,True,9218410,60365844,6.548,9.791,vocsc+zstd,False,True,27
GSE300487,Mus musculus,Mus musculus,10xv3,171540,102050,57180,79979585,0.004569,True,72913412,640244884,8.781,7.293,vocsc+zstd,False,True,100
GSE300530,Mus musculus,Mus musculus,10xv4,171540,81708,57180,160527281,0.011453,True,133118596,1284545084,9.65,6.634,vocsc+zstd,False,True,80
GSE300531,Mus musculus,Mus musculus,10xv3,171540,34555,57180,49819587,0.008405,True,43486041,398694920,9.168,6.983,vocsc+zstd,False,True,34
GSE300532,Mus musculus,Mus musculus,10xv4,171540,62342,57180,77223233,0.007221,True,68253857,618035236,9.055,7.071,vocsc+zstd,False,True,61
GSE300648,Mus musculus,Mus musculus,10xv3,171540,3124,57180,19367428,0.036141,True,15689593,154951924,9.876,6.481,vocsc+zstd,False,True,4
GSE300649,Mus musculus,Mus musculus,10xv3,171540,13192,57180,41944127,0.018535,True,32562419,335605788,10.307,6.211,vocsc+zstd,False,True,13
GSE300653,Mus musculus,Mus musculus,10xv3,171540,22282,57180,65160663,0.017048,True,49826210,521374436,10.464,6.117,vocsc+zstd,False,True,22
GSE300678,Mus musculus,Mus musculus,10xv3,171540,135937,57180,56127737,0.002407,True,52674164,449565648,8.535,7.508,vocsc+zstd,False,True,133
GSE300684,Danio rerio,Danio rerio,10x_suspect,97560,3939,32520,16044232,0.04175,True,14350155,128369616,8.946,7.155,vocsc+zstd,False,True,4
GSE300871,Mus musculus,Mus musculus,10xv3,171540,16012,57180,42873075,0.015609,True,35506655,343048652,9.662,6.625,vocsc+zstd,False,True,16
GSE300915,Mus musculus,Mus musculus,10x_suspect,171540,70356,57180,65377670,0.005417,True,52218525,523302788,10.021,6.39,vocsc+zstd,False,True,69
GSE301079,Danio rerio,Danio rerio,10xv4,97560,8182,32520,37786168,0.047337,True,30366882,302322076,9.956,6.429,vocsc+zstd,False,True,8
GSE301511,Mus musculus,Mus musculus,10xv3,171540,133091,57180,122914438,0.005384,True,107491122,983847872,9.153,6.996,vocsc+zstd,False,True,130
GSE301528,Homo sapiens,Homo sapiens,10xv2,115818,29253,38606,5165832,0.001525,True,6605823,41443672,6.274,10.23,vocsc+zstd,False,True,29
GSE301731,Rattus norvegicus,Rattus norvegicus,10xv3,91686,48548,30562,34207631,0.007685,True,32679311,273855244,8.38,7.643,vocsc+zstd,False,True,48
GSE301781,Mus musculus,Mus musculus,10xv3,171540,16746,57180,37673936,0.013115,True,31815125,301458476,9.475,6.756,vocsc+zstd,False,True,17
GSE301824,Mus musculus,Mus musculus,10x_suspect,171540,88193,57180,168322004,0.011126,True,135987081,1346928808,9.905,6.463,vocsc+zstd,False,True,87
GSE301845,Mus musculus,Mus musculus,10x_suspect,171540,10359,57180,29574088,0.016643,True,24508791,236634144,9.655,6.63,vocsc+zstd,False,True,11
GSE301852,Homo sapiens,Homo sapiens,10xv3,115818,68490,38606,17302474,0.002181,True,17736700,138693756,7.82,8.201,vocsc+zstd,False,True,67
GSE301908,Homo sapiens,Homo sapiens,10xv3,115818,382987,38606,655147287,0.01477,True,534366002,5242710248,9.811,6.525,vocsc+zstd,False,True,375
GSE301961,Mus musculus,Mus musculus,10xv3_5prime,171540,8143,57180,1988972,0.001424,True,3776465,15944352,4.222,15.19,vocsc+zstd,False,True,8
GSE301963,Mus musculus,Mus musculus,10xv3,171540,153853,57180,261189298,0.009897,True,214125095,2090129800,9.761,6.558,vocsc+zstd,False,True,151
GSE302065,Mus musculus,Mus musculus,10xv3,171540,160281,57180,18829082,0.000685,True,23308193,151273784,6.49,9.903,vocsc+zstd,False,True,157
GSE302126,Homo sapiens,Homo sapiens,10xv3,115818,81648,38606,157180668,0.016622,True,128375894,1257771940,9.798,6.534,vocsc+zstd,False,True,80
GSE302146,Homo sapiens,Homo sapiens,10x_suspect,115818,9284,38606,29194078,0.027151,True,21758599,233589764,10.736,5.962,vocsc+zstd,False,True,10
GSE302153,Mus musculus,Mus musculus,10xv3,171540,860324,57180,509071280,0.003449,True,462495654,4076011540,8.813,7.268,vocsc+zstd,False,True,841
GSE302157,Mus musculus,,,171540,2845,57180,6418131,0.013151,True,6739601,51356432,7.62,8.401,vocsc+zstd,False,True,3
GSE302169,Macaca mulatta,Macaca mulatta,10xv3_5prime,106296,65713,35432,29671734,0.004248,True,28713635,237636728,8.276,7.742,vocsc+zstd,False,True,65
GSE302281,Unknown,Bos taurus,10x_suspect,108225,379944,36075,56897793,0.001384,True,67167110,456702124,6.799,9.444,vocsc+zstd,False,True,372
GSE302428,Homo sapiens,Homo sapiens,10x_suspect,115818,15636,38606,50021157,0.027622,True,36552225,400231804,10.95,5.846,vocsc+zstd,False,True,16
GSE302528,Mus musculus,Mus musculus,10xv3,171540,83823,57180,18660199,0.001298,True,21771044,149616888,6.872,9.334,vocsc+zstd,False,True,82
GSE302587,Mus musculus,Mus musculus,10x_suspect,171540,2883,57180,3536261,0.00715,True,4557994,28301624,6.209,10.311,vocsc+zstd,False,True,3
GSE302605,Mus musculus,Mus musculus,10xv3,171540,221750,57180,254781781,0.006698,True,200932303,2039141252,10.148,6.309,vocsc+zstd,False,True,217
GSE302672,Mus musculus,Mus musculus,10xv3_5prime,171540,76204,57180,39085203,0.00299,True,38569805,312986444,8.115,7.895,vocsc+zstd,False,True,75
GSE302863,Mus musculus,Mus musculus,10xv3,171540,31625,57180,33118196,0.006105,True,31756700,265072072,8.347,7.671,vocsc+zstd,False,True,31
GSE302935,Unknown,Bos taurus,10xv3,108225,211298,36075,35653492,0.001559,True,42171813,286073132,6.784,9.463,vocsc+zstd,False,True,207
GSE302936,Unknown,Oryctolagus cuniculus,10x_suspect,88761,30562,88761,87266821,0.03217,True,65927432,698256820,10.591,6.044,vocsc+zstd,False,True,30
GSE303144,Homo sapiens,Homo sapiens,10x_suspect,115818,126741,38606,51104838,0.003482,True,51346190,409345672,7.972,8.038,vocsc+zstd,False,True,124
GSE303168,Mus musculus,Mus musculus,10xv3,171540,22762,57180,34016381,0.008712,True,28562018,272222100,9.531,6.717,vocsc+zstd,False,True,23
GSE303193,Mus musculus,Mus musculus,10xv3_5prime,171540,33829,57180,61774810,0.010645,True,51805778,494333800,9.542,6.709,vocsc+zstd,False,True,34
GSE303224,Mus musculus,Mus musculus,10x_suspect,171540,17509,57180,2245998,0.000748,True,3580855,18038024,5.037,12.755,vocsc+zstd,False,True,18
GSE303256,Mus musculus,Mus musculus,dropseq,171540,613348,57180,218493148,0.002077,True,221945055,1750398580,7.887,8.126,vocsc+zstd,False,True,599
GSE303350,Homo sapiens,Homo sapiens,10xv3,115818,19629,38606,111042134,0.048844,True,81079714,888415592,10.957,5.841,vocsc+zstd,False,True,20
GSE303411,Homo sapiens,Homo sapiens,10xv3,115818,54293,38606,280062807,0.044538,True,193619331,2240719632,11.573,5.531,vocsc+zstd,False,True,54
GSE303512,Mus musculus,Mus musculus,10xv3,171540,31583,57180,39546491,0.007299,True,31651478,316498264,9.999,6.403,vocsc+zstd,False,True,31
GSE303538,Mus musculus,Mus musculus,10xv3,171540,3685301,57180,1191022606,0.001884,True,1222332385,9542922056,7.807,8.21,vocsc+zstd,False,True,3599
GSE303581,Homo sapiens,Homo sapiens,10xv3,115818,330029,38606,1098009217,0.028726,True,839311012,8785393856,10.467,6.115,vocsc+zstd,False,True,323
GSE303609,Homo sapiens,Homo sapiens,10xv3,115818,78405,38606,104992185,0.011562,True,89335006,840251104,9.406,6.807,vocsc+zstd,False,True,77
GSE303698,Homo sapiens,Homo sapiens,10x_suspect,115818,12359,38606,80988871,0.05658,True,60213333,647960408,10.761,5.948,vocsc+zstd,False,True,13
GSE303763,Mus musculus,Mus musculus,10xv3,171540,25786,57180,93650745,0.021172,True,72656486,749309108,10.313,6.207,vocsc+zstd,False,True,26
GSE303777,Homo sapiens,Homo sapiens,10x_suspect,115818,26976,38606,38719950,0.012393,True,30562926,309867508,10.139,6.315,vocsc+zstd,False,True,27
GSE303901,Homo sapiens,Homo sapiens,10xv3,115818,255555,38606,116768483,0.003945,True,106473401,935170088,8.783,7.295,vocsc+zstd,False,True,250
GSE303934,Homo sapiens,Homo sapiens,10xv3,115818,18740,38606,121931677,0.056179,True,93793825,975528380,10.401,6.154,vocsc+zstd,False,True,19
GSE303960,Mus musculus,Mus musculus,10x_suspect,171540,27799,57180,43572981,0.009137,True,36764898,348695048,9.484,6.75,vocsc+zstd,False,True,28
GSE304010,Mus musculus,Mus musculus,10xv3,171540,2191839,57180,1269921797,0.003378,True,1222271104,10168141736,8.319,7.7,vocsc+zstd,False,True,2141
GSE304067,Mus musculus,Mus musculus,10x_suspect,171540,129502,57180,27308199,0.001229,True,23908605,218983604,9.159,7.004,vocsc+zstd,False,True,127
GSE304116,Mus musculus,Mus musculus,10xv3,171540,168410,57180,171353860,0.005931,True,148139864,1371504524,9.258,6.916,vocsc+zstd,False,True,165
GSE304122,Homo sapiens,Homo sapiens,10xv2,115818,42298,38606,25113703,0.005126,True,24386914,201078820,8.245,7.768,vocsc+zstd,False,True,42
GSE304213,Homo sapiens,Homo sapiens,10xv3,115818,8036,38606,34707526,0.037291,True,25874023,277692356,10.732,5.964,vocsc+zstd,False,True,8
GSE304371,Mus musculus,Mus musculus,10xv3,171540,11871,57180,64370712,0.031611,True,45317134,515013184,11.365,5.632,vocsc+zstd,False,True,12
GSE304565,Mus musculus,Mus musculus,10x_suspect,171540,147440,57180,22842323,0.000903,True,19863461,183328348,9.229,6.957,vocsc+zstd,False,True,144
GSE304596,Mus musculus,Mus musculus,10x_suspect,171540,57940,57180,14155626,0.001424,True,12089285,113476772,9.387,6.832,vocsc+zstd,False,True,57
GSE304603,Mus musculus,,,171540,67426,57180,56049842,0.004846,True,50909014,448668444,8.813,7.266,vocsc+zstd,False,True,66
GSE304620,Homo sapiens,Homo sapiens,10xv3,115818,4010,38606,13246730,0.028523,True,11813999,105989884,8.972,7.135,vocsc+zstd,False,True,4
GSE304628,Mus musculus,,,171540,50270,57180,154001979,0.017859,True,121485819,1232216916,10.143,6.311,vocsc+zstd,False,True,50
GSE304629,Mus musculus,Mus musculus,bd_rhapsody,171540,1152,57180,1355221,0.006858,True,2555195,10846380,4.245,15.084,vocsc+zstd,False,True,2
GSE304686,Mus musculus,Mus musculus,10xv3,171540,27215,57180,75831839,0.016243,True,62394385,606763576,9.725,6.582,vocsc+zstd,False,True,27
GSE304878,Homo sapiens,Homo sapiens,10x_suspect,115818,38745,38606,23602709,0.00526,True,21897284,188976656,8.63,7.422,vocsc+zstd,False,True,38
GSE304891,Homo sapiens,Homo sapiens,10xv3,115818,253619,38606,298058631,0.010147,True,246880490,2385483528,9.663,6.626,vocsc+zstd,False,True,248
GSE304926,Xenopus laevis,Xenopus laevis,10xv4,73842,172684,24614,28745574,0.002254,True,28760673,230655332,8.02,8.004,vocsc+zstd,False,True,169
GSE304988,Mus musculus,Mus musculus,10xv3,171540,27252,57180,51402996,0.010996,True,42268894,411332980,9.731,6.578,vocsc+zstd,False,True,27
GSE305068,Mus musculus,Mus musculus,10xv3,171540,43363,57180,136236396,0.018315,True,104020581,1090064624,10.479,6.108,vocsc+zstd,False,True,43
GSE305119,Mus musculus,Mus musculus,10xv3,171540,14092,57180,81772092,0.033827,True,62005001,654233108,10.551,6.066,vocsc+zstd,False,True,14
GSE305185,Mus musculus,Mus musculus,10xv3,171540,142657,57180,44577812,0.001822,True,46105829,357193128,7.747,8.274,vocsc+zstd,False,True,140
GSE305266,Mus musculus,Mus musculus,10xv3,171540,556830,57180,1304683287,0.013659,True,1008071210,10439693620,10.356,6.181,vocsc+zstd,False,True,544
GSE305273,Mus musculus,Mus musculus,10x_multiome,171540,27180,57180,66450093,0.014252,True,57236035,531709468,9.29,6.891,vocsc+zstd,False,True,27
GSE305330,Mus musculus,Mus musculus,10x_suspect,171540,21424,57180,73854592,0.020096,True,61742891,590922436,9.571,6.688,vocsc+zstd,False,True,21
GSE305331,Mus musculus,Mus musculus,10xv2,171540,640011,57180,1223405018,0.011143,True,929240477,9789800192,10.535,6.076,vocsc+zstd,False,True,626
GSE305339,Mus musculus,Mus musculus,10x_multiome,171540,21818,57180,79398052,0.021214,True,58519108,635271692,10.856,5.896,vocsc+zstd,False,True,22
GSE305376,Mus musculus,Mus musculus,10xv3,171540,235296,57180,45127625,0.001118,True,51123713,361962188,7.08,9.063,vocsc+zstd,False,True,230
GSE305423,Homo sapiens,Homo sapiens,10xv3,115818,56232,38606,341981247,0.05251,True,278686089,2736074908,9.818,6.519,vocsc+zstd,False,True,55
GSE305449,Mus musculus,Mus musculus,10x_suspect,171540,7429,57180,13912999,0.010918,True,12381675,111333712,8.992,7.119,vocsc+zstd,False,True,8
GSE305521,Mus musculus,Mus musculus,10x_suspect,171540,20887,57180,64716876,0.018062,True,49942932,517818560,10.368,6.174,vocsc+zstd,False,True,21
GSE305547,Homo sapiens,Homo sapiens,10x_suspect,115818,14190,38606,2877320,0.001751,True,3366138,23075324,6.855,9.359,vocsc+zstd,False,True,14
GSE305551,Drosophila melanogaster,Drosophila melanogaster,10x_suspect,72834,159753,24278,75051797,0.00645,True,64673619,601053392,9.294,6.894,vocsc+zstd,False,True,157
GSE305595,Mus musculus,Mus musculus,10x_suspect,171540,17252,57180,79167845,0.026751,True,60481682,633411772,10.473,6.112,vocsc+zstd,False,True,17
GSE305693,Mus musculus,Mus musculus,10x_suspect,171540,119397,57180,458292698,0.022376,True,388133395,3666819176,9.447,6.775,vocsc+zstd,False,True,117
GSE305700,Homo sapiens,Homo sapiens,10x_suspect,115818,183943,38606,142483444,0.006688,True,133001792,1140603328,8.576,7.468,vocsc+zstd,False,True,180
GSE305906,Homo sapiens,Homo sapiens,10xv3,115818,11130,38606,34044758,0.026411,True,28341693,272402588,9.611,6.66,vocsc+zstd,False,True,11
GSE305964,Rattus norvegicus,Rattus norvegicus,10x_suspect,91686,56197,30562,288734692,0.056038,True,212271295,2310102328,10.883,5.881,vocsc+zstd,False,True,55
GSE306010,Homo sapiens,Homo sapiens,10xv3,115818,169229,38606,70791770,0.003612,True,68026849,567011080,8.335,7.688,vocsc+zstd,False,True,166
GSE306022,Homo sapiens,Homo sapiens,10xv3_5prime,115818,38430,38606,22285217,0.005007,True,21035632,178435460,8.483,7.551,vocsc+zstd,False,True,38
GSE306035,Mus musculus,Mus musculus,10xv3,171540,69639,57180,151203807,0.012657,True,123240387,1209909016,9.817,6.52,vocsc+zstd,False,True,69
GSE306121,Drosophila melanogaster,Drosophila melanogaster,10xv3,72834,236743,24278,61544463,0.003569,True,54805333,493302680,9.001,7.124,vocsc+zstd,False,True,232
GSE306192,Homo sapiens,,,115818,87260,38606,6096398,0.000603,True,9528254,49120228,5.155,12.503,vocsc+zstd,False,True,86
GSE306201,Homo sapiens,Homo sapiens,10xv3,115818,5146,38606,5690529,0.009548,True,5688703,45544820,8.006,7.997,vocsc+zstd,False,True,6
GSE306246,Mus musculus,Mus musculus,10x_suspect,171540,9148,57180,3870458,0.002466,True,4578389,31000260,6.771,9.463,vocsc+zstd,False,True,9
GSE306419,Danio rerio,Danio rerio,10x_suspect,97560,19005,32520,47463571,0.025599,True,41510598,379784592,9.149,6.997,vocsc+zstd,False,True,19
GSE306581,Mus musculus,Mus musculus,dnbelab,171540,42193,57180,43365139,0.005991,True,36125189,347089888,9.608,6.664,vocsc+zstd,False,True,42
GSE306722,Homo sapiens,Homo sapiens,10xv3,115818,26641,38606,92959706,0.030128,True,75946990,743784216,9.793,6.536,vocsc+zstd,False,True,27
GSE306762,Mus musculus,Mus musculus,10xv3,171540,2207,57180,7455655,0.019693,True,7614601,59654072,7.834,8.171,vocsc+zstd,False,True,3
GSE306871,Mus musculus,Mus musculus,dnbelab,171540,91949,57180,117273728,0.007435,True,93867216,938557624,9.999,6.403,vocsc+zstd,False,True,90
GSE306891,Mus musculus,Mus musculus,10x_suspect,171540,108361,57180,112832799,0.00607,True,96868687,903095840,9.323,6.868,vocsc+zstd,False,True,106
GSE306893,Mus musculus,Mus musculus,10xv3,171540,13841,57180,45890565,0.019328,True,36387586,367179888,10.091,6.343,vocsc+zstd,False,True,14
GSE307209,Mus musculus,Mus musculus,10xv2,171540,6480,57180,5769168,0.00519,True,6822735,46179268,6.768,9.461,vocsc+zstd,False,True,7
GSE307239,Homo sapiens,Homo sapiens,10xv3,115818,28405,38606,94052080,0.028589,True,74408924,752530264,10.113,6.329,vocsc+zstd,False,True,28
GSE307567,Mus musculus,Mus musculus,10xv3,171540,204561,57180,148761867,0.004239,True,123039067,1190913184,9.679,6.617,vocsc+zstd,False,True,200
GSE307621,Mus musculus,Mus musculus,10xv3,171540,120823,57180,57746856,0.002786,True,60868817,462458144,7.598,8.433,vocsc+zstd,False,True,118
GSE307627,Mus musculus,Mus musculus,10xv3,171540,3291,57180,18417501,0.032624,True,15331482,147353176,9.611,6.66,vocsc+zstd,False,True,4
GSE307631,Homo sapiens,Homo sapiens,10xv3,115818,232387,38606,111333449,0.004137,True,108967740,891597144,8.182,7.83,vocsc+zstd,False,True,227
GSE307675,Rattus norvegicus,Rattus norvegicus,10xv3,91686,68188,30562,138774694,0.022197,True,111402709,1110470308,9.968,6.422,vocsc+zstd,False,True,67
GSE307686,Mus musculus,Mus musculus,10xv2,171540,69767,57180,29408549,0.002457,True,29947024,235547464,7.865,8.146,vocsc+zstd,False,True,69
GSE307699,Mus musculus,Mus musculus,10x_suspect,171540,7225,57180,15092214,0.012177,True,13569631,120766616,8.9,7.193,vocsc+zstd,False,True,8
GSE307734,Mus musculus,Mus musculus,unknown_sc,171540,3981,57180,2106017,0.003084,True,3590509,16864064,4.697,13.639,vocsc+zstd,False,True,4
GSE307736,Mus musculus,Mus musculus,10xv3,171540,35566,57180,155082299,0.025419,True,117573092,1240800660,10.553,6.065,vocsc+zstd,False,True,35
GSE307774,Mus musculus,Mus musculus,10xv3,171540,218838,57180,341357348,0.009093,True,292392598,2731734140,9.343,6.852,vocsc+zstd,False,True,214
GSE307914,Homo sapiens,Homo sapiens,10x_suspect,115818,201541,38606,110846267,0.004749,True,102785781,887576304,8.635,7.418,vocsc+zstd,False,True,197
GSE307976,Homo sapiens,Homo sapiens,10xv3,115818,170393,38606,123923192,0.006279,True,111443312,992067112,8.902,7.194,vocsc+zstd,False,True,167
GSE308007,Homo sapiens,Homo sapiens,10xv3,115818,58646,38606,236704503,0.034849,True,190915559,1893870612,9.92,6.452,vocsc+zstd,False,True,58
GSE308054,Homo sapiens,Homo sapiens,10xv3,115818,42004,38606,157729614,0.032423,True,116863882,1262004932,10.799,5.927,vocsc+zstd,False,True,42
GSE308102,Mus musculus,Mus musculus,10x_suspect,171540,41549,57180,13014874,0.001826,True,11317095,104285192,9.215,6.956,vocsc+zstd,False,True,41
GSE308130,Mus musculus,Mus musculus,10x_suspect,171540,6719,57180,3235645,0.002807,True,4081568,25912040,6.349,10.092,vocsc+zstd,False,True,7
GSE308133,Mus musculus,Mus musculus,10x_suspect,171540,36933,57180,10956420,0.001729,True,9612033,87799096,9.134,7.018,vocsc+zstd,False,True,37
GSE308145,Homo sapiens,Homo sapiens,10x_suspect,115818,20719,38606,9315758,0.003882,True,9539940,74608944,7.821,8.193,vocsc+zstd,False,True,21
GSE308383,Mus musculus,Mus musculus,10xv3,171540,495551,57180,142623391,0.001678,True,151354155,1142969336,7.552,8.49,vocsc+zstd,False,True,484
GSE308421,Homo sapiens,Homo sapiens,10xv3,115818,12079,38606,15179090,0.01085,True,12728236,121481040,9.544,6.708,vocsc+zstd,False,True,12
GSE308576,Mus musculus,Mus musculus,10xv3,171540,15642,57180,66992003,0.024967,True,49360955,535998596,10.859,5.895,vocsc+zstd,False,True,16
GSE308672,Unknown,Arabidopsis thaliana,10xv3,98499,339409,98499,230622425,0.006898,True,204673454,1846337040,9.021,7.1,vocsc+zstd,False,True,332
GSE308799,Mus musculus,Mus musculus,10xv3,171540,38812,57180,127980509,0.019223,True,104938248,1023999324,9.758,6.56,vocsc+zstd,False,True,38
GSE308840,Mus musculus,Mus musculus,10x_suspect,171540,257611,57180,64037526,0.001449,True,62941242,513330656,8.156,7.863,vocsc+zstd,False,True,252
GSE308860,Mus musculus,Mus musculus,dnbelab,171540,210931,57180,197580803,0.005461,True,188678111,1581490152,8.382,7.64,vocsc+zstd,False,True,206
GSE309253,Homo sapiens,Homo sapiens,10x_suspect,115818,106384,38606,36589798,0.00297,True,37801086,293143924,7.755,8.265,vocsc+zstd,False,True,104
GSE309389,Mus musculus,Mus musculus,10xv3,171540,326770,57180,190917582,0.003406,True,185860091,1528647740,8.225,7.788,vocsc+zstd,False,True,320
GSE309534,Homo sapiens,Homo sapiens,10xv3,115818,94806,38606,103886767,0.009461,True,87331556,831473364,9.521,6.725,vocsc+zstd,False,True,93
GSE309972,Mus musculus,Mus musculus,10xv3,171540,47299,57180,133202157,0.016417,True,103192314,1065806456,10.328,6.198,vocsc+zstd,False,True,47
GSE310290,Mus musculus,Mus musculus,10xv2,171540,25099,57180,33873198,0.007867,True,27657340,271085984,9.802,6.532,vocsc+zstd,False,True,25
GSE310345,Danio rerio,Danio rerio,10xv4,97560,653522,32520,242443720,0.003803,True,237035134,1942163852,8.194,7.822,vocsc+zstd,False,True,639
GSE310659,Mus musculus,Mus musculus,10x_suspect,171540,54687,57180,73914321,0.007879,True,62583765,591533320,9.452,6.774,vocsc+zstd,False,True,54
GSE310766,Mus musculus,Mus musculus,10xv3,171540,224561,57180,300094982,0.00779,True,238497591,2401658104,10.07,6.358,vocsc+zstd,False,True,220
GSE310783,Homo sapiens,Homo sapiens,10xv2,115818,6513,38606,6151946,0.008156,True,6127032,49241624,8.037,7.968,vocsc+zstd,False,True,7
GSE311151,Homo sapiens,Homo sapiens,10xv3,115818,234669,38606,371193976,0.013657,True,304909110,2970490488,9.742,6.571,vocsc+zstd,False,True,230
GSE311198,Mus musculus,Mus musculus,10x_suspect,171540,22412,57180,6672880,0.001736,True,6832712,53472692,7.826,8.192,vocsc+zstd,False,True,22
GSE311344,Mus musculus,Mus musculus,10xv3_5prime,171540,6184,57180,5470755,0.005157,True,6605884,43790780,6.629,9.66,vocsc+zstd,False,True,7
GSE311353,Mus musculus,Mus musculus,10x_suspect,171540,46495,57180,100192687,0.012562,True,81415129,801727480,9.847,6.501,vocsc+zstd,False,True,46
GSE311407,Mus musculus,Mus musculus; Escherichia coli; Homo sapiens,10xv3,171540,12972,57180,72973565,0.032794,True,53628328,583840412,10.887,5.879,vocsc+zstd,False,True,13
GSE311464,Homo sapiens,Homo sapiens; Mus musculus,10xv4,115818,157555,38606,53483650,0.002931,True,54664059,428499424,7.839,8.177,vocsc+zstd,False,True,154
GSE311546,Mus musculus,Mus musculus,10x_suspect,171540,7546,57180,48152773,0.0372,True,39049134,385252372,9.866,6.488,vocsc+zstd,False,True,8
GSE311598,Mus musculus,Mus musculus,10xv3,171540,18392,57180,86720804,0.027487,True,65438866,693840004,10.603,6.037,vocsc+zstd,False,True,18
GSE311755,Mus musculus,Mus musculus,10x_suspect,171540,1801,57180,8138555,0.026343,True,9094626,65115648,7.16,8.94,vocsc+zstd,False,True,2
GSE311766,Mus musculus,Mus musculus,microwell,171540,12887,57180,49878625,0.022563,True,38687462,399080552,10.316,6.205,vocsc+zstd,False,True,13
GSE311811,Homo sapiens,Homo sapiens,10xv3,115818,78888,38606,71611658,0.007838,True,59467913,573208820,9.639,6.643,vocsc+zstd,False,True,78
GSE311813,Homo sapiens,Homo sapiens,10x_suspect,115818,24509,38606,11280101,0.003974,True,11465434,90338848,7.879,8.131,vocsc+zstd,False,True,24
GSE311866,Mus musculus,Mus musculus,10xv3,171540,159501,57180,215546308,0.007878,True,173926767,1725008472,9.918,6.455,vocsc+zstd,False,True,156
GSE311868,Mus musculus,Mus musculus,10x_suspect,171540,64243,57180,14289382,0.001297,True,16665471,114572032,6.875,9.33,vocsc+zstd,False,True,63
GSE312004,Mus musculus,Mus musculus,10x_suspect,171540,50137,57180,32192051,0.003743,True,31461828,257736960,8.192,7.819,vocsc+zstd,False,True,49
GSE312067,Mus musculus,Mus musculus,10xv3,171540,166867,57180,101572923,0.003548,True,89571994,813250856,9.079,7.055,vocsc+zstd,False,True,163
GSE312319,Homo sapiens,Homo sapiens,10xv3,115818,21702,38606,13828399,0.005502,True,14846862,110714004,7.457,8.589,vocsc+zstd,False,True,22
GSE312591,Homo sapiens,Homo sapiens,10x_suspect,115818,19508,38606,3534961,0.001565,True,3772117,28357724,7.518,8.537,vocsc+zstd,False,True,20
GSE312833,Rattus norvegicus,Rattus norvegicus,10x_suspect,91686,72411,30562,187719562,0.028275,True,149830934,1502046144,10.025,6.385,vocsc+zstd,False,True,71
GSE313092,Mus musculus,Mus musculus,10x_suspect,171540,80350,57180,111649483,0.0081,True,88628208,893517268,10.082,6.35,vocsc+zstd,False,True,79
GSE313126,Mus musculus,Mus musculus,10xv3,171540,64804,57180,75045937,0.006751,True,61749236,600626716,9.727,6.583,vocsc+zstd,False,True,64
GSE313298,Mus musculus,Mus musculus,10x_multiome,171540,2012,57180,4405592,0.012765,True,4943946,35252788,7.13,8.978,vocsc+zstd,False,True,2
GSE313299,Mus musculus,Mus musculus,10x_multiome,171540,11564,57180,63752752,0.032138,True,49160900,510068276,10.375,6.169,vocsc+zstd,False,True,12
GSE313444,Mus musculus,Mus musculus,10xv3,171540,13191,57180,38459747,0.016997,True,33167041,307730744,9.278,6.899,vocsc+zstd,False,True,13
GSE313497,Mus musculus,Mus musculus,10xv3,171540,74026,57180,123909881,0.009758,True,105619927,991575156,9.388,6.819,vocsc+zstd,False,True,73
GSE313894,Homo sapiens,Homo sapiens,10xv3,115818,286167,38606,573217165,0.017295,True,462101817,4586881992,9.926,6.449,vocsc+zstd,False,True,280
GSE314058,Mus musculus,Mus musculus,10xv3,171540,506352,57180,294474029,0.00339,True,277812405,2357817644,8.487,7.547,vocsc+zstd,False,True,495
GSE314229,Rattus norvegicus,Rattus norvegicus,10x_suspect,91686,111048,30562,373900152,0.036723,True,297303181,2991645412,10.063,6.361,vocsc+zstd,False,True,109
GSE314765,Mus musculus,Mus musculus,10xv3,171540,368247,57180,597279605,0.009455,True,488103464,4779709832,9.792,6.538,vocsc+zstd,False,True,360
GSE315057,Homo sapiens,,,115818,144507,38606,25081730,0.001499,True,31634726,201231872,6.361,10.09,vocsc+zstd,False,True,142
GSE315686,Mus musculus,,,171540,119818,57180,37014542,0.001801,True,37308537,296595612,7.95,8.064,vocsc+zstd,False,True,118
GSE316280,Mus musculus,Mus musculus,10x_suspect,171540,20527,57180,34969909,0.009931,True,28696713,279841384,9.752,6.565,vocsc+zstd,False,True,21
GSE316515,Mus musculus,Mus musculus,10x_suspect,171540,30674,57180,37950927,0.007213,True,39014250,303730116,7.785,8.224,vocsc+zstd,False,True,30
GSE316957,Homo sapiens,Homo sapiens,10xv3,115818,45220,38606,92911007,0.01774,True,78253400,743468940,9.501,6.738,vocsc+zstd,False,True,45
GSE317984,Mus musculus,,,171540,11652,57180,15327197,0.007668,True,14019370,122664188,8.75,7.317,vocsc+zstd,False,True,12
GSE63269,Homo sapiens,,,115818,671,38606,3725100,0.047934,True,3601689,29803488,8.275,7.735,vocsc+zstd,False,True,1
GSE63472,Mus musculus,,,171540,56557,57180,63404484,0.006535,True,61668664,507462104,8.229,7.781,vocsc+zstd,False,True,56
GSE63473,Homo sapiens,,,115818,286,38606,2273256,0.068629,True,2585999,18187196,7.033,9.101,vocsc+zstd,False,True,1
GSE81747,Homo sapiens,Homo sapiens,dropseq,115818,1523,38606,1156224,0.006555,True,2010507,9255888,4.604,13.911,vocsc+zstd,False,True,2
GSE81748,Homo sapiens,Homo sapiens,dropseq,115818,680,38606,824792,0.010473,True,1660050,6601060,3.976,16.102,vocsc+zstd,False,True,1
GSE81749,Homo sapiens,Homo sapiens,dropseq,115818,4954,38606,10697827,0.018645,True,9036957,85602436,9.472,6.758,vocsc+zstd,False,True,5
GSE81750,Homo sapiens,Homo sapiens,dropseq,115818,15058,38606,60477502,0.034678,True,44341026,483880252,10.913,5.865,vocsc+zstd,False,True,15
GSE81848,Homo sapiens,Homo sapiens; Mus musculus,dropseq,115818,713,38606,2928037,0.035458,True,3043123,23427152,7.698,8.314,vocsc+zstd,False,True,1
GSE81904,Mus musculus,,,171540,66654,57180,59116692,0.00517,True,57165824,473200156,8.278,7.736,vocsc+zstd,False,True,66
GSE87544,Mus musculus,Mus musculus,dropseq,171540,27689,57180,19185653,0.004039,True,18782543,153595984,8.178,7.832,vocsc+zstd,False,True,28
GSE92495,Homo sapiens,Homo sapiens; Mus musculus,dropseq,115818,18915,38606,30792047,0.014056,True,26599256,246412040,9.264,6.911,vocsc+zstd,False,True,19
GSE93374,Mus musculus,,,171540,149566,57180,87714109,0.003419,True,83324631,702311140,8.429,7.6,vocsc+zstd,False,True,147
GSE94333,Mus musculus,,,171540,210075,57180,14418382,0.0004,True,22134678,116187360,5.249,12.281,vocsc+zstd,False,True,206
GSE95025,Drosophila melanogaster,Drosophila virilis; Drosophila melanogaster,dropseq,72834,174736,24278,34931023,0.002745,True,34317574,280147132,8.163,7.86,vocsc+zstd,False,True,171
GSE96827,Homo sapiens,Homo sapiens,dropseq,115818,8456,38606,29374409,0.029994,True,21545993,235029100,10.908,5.868,vocsc+zstd,False,True,9
GSE97037,Mus musculus,,,171540,2905,57180,2741676,0.005502,True,4059932,21945032,5.405,11.847,vocsc+zstd,False,True,3
GSE99915,Mus musculus,Mus musculus,10xv2,171540,18052,57180,35203905,0.011368,True,28182064,281703452,9.996,6.404,vocsc+zstd,False,True,18
