gse_id,species,value,count,frac
GSE209597,Homo sapiens,1,1347586,0.6442668925799533
GSE209597,Homo sapiens,2,380967,0.18213637219851428
GSE209597,Homo sapiens,3,150675,0.07203615505020419
GSE209597,Homo sapiens,4,73265,0.035027236766239984
GSE209597,Homo sapiens,5,41075,0.019637531565867842
GSE209597,Homo sapiens,6,25250,0.012071763165871285
GSE209597,Homo sapiens,7,16435,0.007857403074498795
GSE209597,Homo sapiens,8,11451,0.005474604356926419
GSE209597,Homo sapiens,9,8142,0.0038926057701593663
GSE209597,Homo sapiens,10,6072,0.002902960235373087
GSE209597,Homo sapiens,11,4795,0.0022924397774397153
GSE209597,Homo sapiens,12,3587,0.0017149075039992199
GSE209597,Homo sapiens,13,3012,0.0014400059665585865
GSE209597,Homo sapiens,14,2367,0.001131638154994746
GSE209597,Homo sapiens,15,2011,0.000961438246596719
GSE209597,Homo sapiens,16,1615,0.0007721147529854307
GSE209597,Homo sapiens,17,1330,0.0006358592083409429
GSE209597,Homo sapiens,18,1099,0.0005254205037343581
GSE209597,Homo sapiens,19,1008,0.00048191434737418834
GSE209597,Homo sapiens,20,826,0.0003949020346538488
GSE209597,Homo sapiens,21,739,0.00035330823681500515
GSE209597,Homo sapiens,22,622,0.0002973717500662154
GSE209597,Homo sapiens,23,543,0.00025960266927002406
GSE209597,Homo sapiens,24,521,0.0002490846974027303
GSE209597,Homo sapiens,25,384,0.00018358641804730984
GSE209597,Homo sapiens,26,427,0.0002041442721515659
GSE209597,Homo sapiens,27,318,0.00015203250244542847
GSE209597,Homo sapiens,28,315,0.00015059823355443385
GSE209597,Homo sapiens,29,320,0.00015298868170609154
GSE209597,Homo sapiens,30,252,0.00012047858684354709
GSE209597,Homo sapiens,31,226,0.00010804825645492714
GSE209597,Homo sapiens,32,210,0.00010039882236962256
GSE209597,Homo sapiens,33,193,9.227129865398645e-05
GSE209597,Homo sapiens,34,152,7.266962381039348e-05
GSE209597,Homo sapiens,35,160,7.649434085304577e-05
GSE209597,Homo sapiens,36,152,7.266962381039348e-05
GSE209597,Homo sapiens,37,132,6.310783120376275e-05
GSE209597,Homo sapiens,38,143,6.836681713740966e-05
GSE209597,Homo sapiens,39,130,6.215165194309968e-05
GSE209597,Homo sapiens,40,118,5.6414576379121256e-05
GSE209597,Homo sapiens,41,112,5.3546038597132033e-05
GSE209597,Homo sapiens,42,104,4.9721321554479746e-05
GSE209597,Homo sapiens,43,103,4.924323192414821e-05
GSE209597,Homo sapiens,44,87,4.1593797838843636e-05
GSE209597,Homo sapiens,45,80,3.8247170426522885e-05
GSE209597,Homo sapiens,46,68,3.251009486254445e-05
GSE209597,Homo sapiens,47,81,3.872526005685442e-05
GSE209597,Homo sapiens,48,76,3.633481190519674e-05
GSE209597,Homo sapiens,49,74,3.537863264453367e-05
GSE209597,Homo sapiens,50,78,3.729099116585981e-05
GSE209597,Homo sapiens,51,60,2.8685377819892164e-05
GSE209597,Homo sapiens,52,47,2.2470212625582194e-05
GSE209597,Homo sapiens,53,60,2.8685377819892164e-05
GSE209597,Homo sapiens,54,47,2.2470212625582194e-05
GSE209597,Homo sapiens,55,46,2.1992122995250658e-05
GSE209597,Homo sapiens,56,45,2.1514033364919122e-05
GSE209597,Homo sapiens,57,38,1.816740595259837e-05
GSE209597,Homo sapiens,58,42,2.0079764473924514e-05
GSE209597,Homo sapiens,59,38,1.816740595259837e-05
GSE209597,Homo sapiens,60,43,2.055785410425605e-05
GSE209597,Homo sapiens,61,31,1.4820778540277618e-05
GSE209597,Homo sapiens,62,42,2.0079764473924514e-05
GSE209597,Homo sapiens,63,37,1.7689316322266835e-05
GSE209597,Homo sapiens,64,27,1.2908420018951472e-05
GSE209597,Homo sapiens,65,36,1.72112266919353e-05
GSE209597,Homo sapiens,66,35,1.673313706160376e-05
GSE209597,Homo sapiens,67,23,1.0996061497625329e-05
GSE209597,Homo sapiens,68,21,1.0039882236962257e-05
GSE209597,Homo sapiens,69,26,1.2430330388619937e-05
GSE209597,Homo sapiens,70,23,1.0996061497625329e-05
GSE209597,Homo sapiens,71,25,1.19522407582884e-05
GSE209597,Homo sapiens,72,20,9.561792606630721e-06
GSE209597,Homo sapiens,73,40,1.9123585213261442e-05
GSE209597,Homo sapiens,74,28,1.3386509649283008e-05
GSE209597,Homo sapiens,75,25,1.19522407582884e-05
GSE209597,Homo sapiens,76,26,1.2430330388619937e-05
GSE209597,Homo sapiens,77,16,7.649434085304576e-06
GSE209597,Homo sapiens,78,16,7.649434085304576e-06
GSE209597,Homo sapiens,79,20,9.561792606630721e-06
GSE209597,Homo sapiens,80,21,1.0039882236962257e-05
GSE209597,Homo sapiens,81,26,1.2430330388619937e-05
GSE209597,Homo sapiens,82,19,9.083702976299185e-06
GSE209597,Homo sapiens,83,25,1.19522407582884e-05
GSE209597,Homo sapiens,84,18,8.60561334596765e-06
GSE209597,Homo sapiens,85,20,9.561792606630721e-06
GSE209597,Homo sapiens,86,11,5.2589859336468965e-06
GSE209597,Homo sapiens,87,15,7.171344454973041e-06
GSE209597,Homo sapiens,88,25,1.19522407582884e-05
GSE209597,Homo sapiens,89,18,8.60561334596765e-06
GSE209597,Homo sapiens,90,12,5.737075563978432e-06
GSE209597,Homo sapiens,91,19,9.083702976299185e-06
GSE209597,Homo sapiens,92,14,6.693254824641504e-06
GSE209597,Homo sapiens,93,12,5.737075563978432e-06
GSE209597,Homo sapiens,94,16,7.649434085304576e-06
GSE209597,Homo sapiens,95,10,4.780896303315361e-06
GSE209597,Homo sapiens,96,8,3.824717042652288e-06
GSE209597,Homo sapiens,97,14,6.693254824641504e-06
GSE209597,Homo sapiens,98,13,6.215165194309968e-06
GSE209597,Homo sapiens,99,12,5.737075563978432e-06
GSE209597,Homo sapiens,100,859,0.00041067899245478945
GSE216064,Homo sapiens,1,7643117,0.574393317149162
GSE216064,Homo sapiens,2,2551886,0.19177859825075375
GSE216064,Homo sapiens,3,1064338,0.07998682139602269
GSE216064,Homo sapiens,4,544547,0.04092363857227682
GSE216064,Homo sapiens,5,320360,0.024075602019687194
GSE216064,Homo sapiens,6,205252,0.015425038911676976
GSE216064,Homo sapiens,7,141228,0.010613525789850115
GSE216064,Homo sapiens,8,103226,0.007757610482220721
GSE216064,Homo sapiens,9,78073,0.005867319504566856
GSE216064,Homo sapiens,10,61598,0.004629195071821362
GSE216064,Homo sapiens,11,49112,0.003690850812807084
GSE216064,Homo sapiens,12,40917,0.0030749825441364117
GSE216064,Homo sapiens,13,34672,0.002605660111207998
GSE216064,Homo sapiens,14,30075,0.002260187697409453
GSE216064,Homo sapiens,15,25894,0.0019459783952359227
GSE216064,Homo sapiens,16,22986,0.0017274372207033643
GSE216064,Homo sapiens,17,20264,0.0015228742643492985
GSE216064,Homo sapiens,18,18699,0.0014052618372023063
GSE216064,Homo sapiens,19,16940,0.001273069978191725
GSE216064,Homo sapiens,20,15645,0.0011757485129167378
GSE216064,Homo sapiens,21,14223,0.0010688827803908446
GSE216064,Homo sapiens,22,13115,0.0009856146850049867
GSE216064,Homo sapiens,23,12262,0.0009215102758315781
GSE216064,Homo sapiens,24,11577,0.0008700313540451949
GSE216064,Homo sapiens,25,10883,0.0008178760668630782
GSE216064,Homo sapiens,26,10069,0.0007567025744045148
GSE216064,Homo sapiens,27,9565,0.0007188261122434386
GSE216064,Homo sapiens,28,8914,0.0006699023486187153
GSE216064,Homo sapiens,29,8622,0.000647958049112695
GSE216064,Homo sapiens,30,7879,0.0005921203281093626
GSE216064,Homo sapiens,31,7762,0.0005833275779648271
GSE216064,Homo sapiens,32,7228,0.0005431965644846393
GSE216064,Homo sapiens,33,6892,0.0005179455897105885
GSE216064,Homo sapiens,34,6721,0.0005050946471916519
GSE216064,Homo sapiens,35,6365,0.0004783406382048601
GSE216064,Homo sapiens,36,5958,0.0004477538919755784
GSE216064,Homo sapiens,37,5827,0.0004379090178821241
GSE216064,Homo sapiens,38,5572,0.00041874533166967484
GSE216064,Homo sapiens,39,5231,0.00039311859834243883
GSE216064,Homo sapiens,40,4955,0.00037237672620661145
GSE216064,Homo sapiens,41,4789,0.00035990154224086016
GSE216064,Homo sapiens,42,4600,0.0003456978689304566
GSE216064,Homo sapiens,43,4445,0.00033404935378171296
GSE216064,Homo sapiens,44,4291,0.0003224759903436064
GSE216064,Homo sapiens,45,4092,0.0003075207999268323
GSE216064,Homo sapiens,46,3967,0.00029812683609720033
GSE216064,Homo sapiens,47,3697,0.00027783587422519526
GSE216064,Homo sapiens,48,3713,0.00027903830159538816
GSE216064,Homo sapiens,49,3503,0.00026325644236160645
GSE216064,Homo sapiens,50,3432,0.00025792067090637546
GSE216064,Homo sapiens,51,3162,0.0002376297090343704
GSE216064,Homo sapiens,52,3183,0.00023920789495774858
GSE216064,Homo sapiens,53,3042,0.0002286115037579237
GSE216064,Homo sapiens,54,2896,0.00021763935400491357
GSE216064,Homo sapiens,55,2787,0.0002094478175454745
GSE216064,Homo sapiens,56,2681,0.00020148173621794657
GSE216064,Homo sapiens,57,2596,0.00019509384081379684
GSE216064,Homo sapiens,58,2564,0.00019268898607341104
GSE216064,Homo sapiens,59,2324,0.00017465257552051766
GSE216064,Homo sapiens,60,2328,0.00017495318236306588
GSE216064,Homo sapiens,61,2277,0.00017112044512057603
GSE216064,Homo sapiens,62,2209,0.00016601012879725624
GSE216064,Homo sapiens,63,2099,0.0001577434406271801
GSE216064,Homo sapiens,64,2078,0.00015616525470380193
GSE216064,Homo sapiens,65,1933,0.00014526825666142884
GSE216064,Homo sapiens,66,1875,0.0001409094574444796
GSE216064,Homo sapiens,67,1820,0.00013677611335944154
GSE216064,Homo sapiens,68,1788,0.00013437125861905574
GSE216064,Homo sapiens,69,1804,0.00013557368598924864
GSE216064,Homo sapiens,70,1702,0.00012790821150426894
GSE216064,Homo sapiens,71,1587,0.00011926576478100754
GSE216064,Homo sapiens,72,1602,0.00012039304044056337
GSE216064,Homo sapiens,73,1561,0.00011731182030444408
GSE216064,Homo sapiens,74,1514,0.00011377968990450247
GSE216064,Homo sapiens,75,1453,0.00010919543555564206
GSE216064,Homo sapiens,76,1391,0.0001045360294961446
GSE216064,Homo sapiens,77,1346,0.0001011542025174771
GSE216064,Homo sapiens,78,1348,0.00010130450593875121
GSE216064,Homo sapiens,79,1248,9.378933487504563e-05
GSE216064,Homo sapiens,80,1245,9.356387974313446e-05
GSE216064,Homo sapiens,81,1230,9.243660408357862e-05
GSE216064,Homo sapiens,82,1151,8.649961894325121e-05
GSE216064,Homo sapiens,83,1200,9.018205276446695e-05
GSE216064,Homo sapiens,84,1052,7.90595995901827e-05
GSE216064,Homo sapiens,85,1018,7.650444142852279e-05
GSE216064,Homo sapiens,86,1034,7.770686879871569e-05
GSE216064,Homo sapiens,87,916,6.88389669435431e-05
GSE216064,Homo sapiens,88,908,6.823775325844666e-05
GSE216064,Homo sapiens,89,944,7.094321484138066e-05
GSE216064,Homo sapiens,90,916,6.88389669435431e-05
GSE216064,Homo sapiens,91,855,6.42547125946827e-05
GSE216064,Homo sapiens,92,829,6.230076811811925e-05
GSE216064,Homo sapiens,93,815,6.124864416920046e-05
GSE216064,Homo sapiens,94,768,5.771651376925885e-05
GSE216064,Homo sapiens,95,752,5.6514086399065956e-05
GSE216064,Homo sapiens,96,776,5.8317727454355296e-05
GSE216064,Homo sapiens,97,738,5.546196245014717e-05
GSE216064,Homo sapiens,98,716,5.380862481613194e-05
GSE216064,Homo sapiens,99,757,5.688984495225124e-05
GSE216064,Homo sapiens,100,28621,0.0021509171101431737
GSE187438,Homo sapiens,1,2173117,0.842392996071241
GSE187438,Homo sapiens,2,259018,0.10040644339737838
GSE187438,Homo sapiens,3,71012,0.02752728520232043
GSE187438,Homo sapiens,4,29238,0.011333897999569716
GSE187438,Homo sapiens,5,14859,0.005759983253834271
GSE187438,Homo sapiens,6,8712,0.003377143421993685
GSE187438,Homo sapiens,7,5496,0.0021304844177315535
GSE187438,Homo sapiens,8,3866,0.0014986267756459581
GSE187438,Homo sapiens,9,2684,0.0010404330744526
GSE187438,Homo sapiens,10,1924,0.0007458246032961261
GSE187438,Homo sapiens,11,1391,0.0005392110307613885
GSE187438,Homo sapiens,12,1144,0.0004434632776355344
GSE187438,Homo sapiens,13,871,0.00033763681365432734
GSE187438,Homo sapiens,14,669,0.0002593329831627382
GSE187438,Homo sapiens,15,515,0.00019963600348103168
GSE187438,Homo sapiens,16,447,0.00017327629816703136
GSE187438,Homo sapiens,17,363,0.00014071430924973688
GSE187438,Homo sapiens,18,309,0.000119781602088619
GSE187438,Homo sapiens,19,265,0.00010272532217955998
GSE187438,Homo sapiens,20,227,8.799489862173629e-05
GSE187438,Homo sapiens,21,200,7.752854504117735e-05
GSE187438,Homo sapiens,22,203,7.869147321679501e-05
GSE187438,Homo sapiens,23,168,6.512397783458897e-05
GSE187438,Homo sapiens,24,172,6.667454873541252e-05
GSE187438,Homo sapiens,25,158,6.124755058253011e-05
GSE187438,Homo sapiens,26,152,5.8921694231294786e-05
GSE187438,Homo sapiens,27,149,5.775876605567712e-05
GSE187438,Homo sapiens,28,147,5.698348060526535e-05
GSE187438,Homo sapiens,29,133,5.1556482452382934e-05
GSE187438,Homo sapiens,30,142,5.504526697923592e-05
GSE187438,Homo sapiens,31,131,5.078119700197116e-05
GSE187438,Homo sapiens,32,107,4.1477771597029884e-05
GSE187438,Homo sapiens,33,126,4.884298337594173e-05
GSE187438,Homo sapiens,34,102,3.9539557971000447e-05
GSE187438,Homo sapiens,35,111,4.302834249785343e-05
GSE187438,Homo sapiens,36,86,3.333727436770626e-05
GSE187438,Homo sapiens,37,106,4.1090128871823994e-05
GSE187438,Homo sapiens,38,84,3.2561988917294484e-05
GSE187438,Homo sapiens,39,82,3.178670346688271e-05
GSE187438,Homo sapiens,40,70,2.7134990764412072e-05
GSE187438,Homo sapiens,41,59,2.2870920787147318e-05
GSE187438,Homo sapiens,42,57,2.2095635336735544e-05
GSE187438,Homo sapiens,43,68,2.63597053140003e-05
GSE187438,Homo sapiens,44,54,2.0932707161117884e-05
GSE187438,Homo sapiens,45,40,1.550570900823547e-05
GSE187438,Homo sapiens,46,46,1.783156535947079e-05
GSE187438,Homo sapiens,47,39,1.5118066283029583e-05
GSE187438,Homo sapiens,48,44,1.7056279909059016e-05
GSE187438,Homo sapiens,49,29,1.1241639030970715e-05
GSE187438,Homo sapiens,50,34,1.317985265700015e-05
GSE187438,Homo sapiens,51,34,1.317985265700015e-05
GSE187438,Homo sapiens,52,38,1.4730423557823697e-05
GSE187438,Homo sapiens,53,30,1.1629281756176602e-05
GSE187438,Homo sapiens,54,24,9.303425404941281e-06
GSE187438,Homo sapiens,55,18,6.9775690537059615e-06
GSE187438,Homo sapiens,56,16,6.202283603294188e-06
GSE187438,Homo sapiens,57,8,3.101141801647094e-06
GSE187438,Homo sapiens,58,19,7.365211778911848e-06
GSE187438,Homo sapiens,59,11,4.264069977264754e-06
GSE187438,Homo sapiens,60,14,5.426998152882414e-06
GSE187438,Homo sapiens,61,12,4.651712702470641e-06
GSE187438,Homo sapiens,62,14,5.426998152882414e-06
GSE187438,Homo sapiens,63,11,4.264069977264754e-06
GSE187438,Homo sapiens,64,12,4.651712702470641e-06
GSE187438,Homo sapiens,65,12,4.651712702470641e-06
GSE187438,Homo sapiens,66,6,2.3258563512353204e-06
GSE187438,Homo sapiens,67,10,3.876427252058867e-06
GSE187438,Homo sapiens,68,8,3.101141801647094e-06
GSE187438,Homo sapiens,69,11,4.264069977264754e-06
GSE187438,Homo sapiens,70,5,1.9382136260294336e-06
GSE187438,Homo sapiens,71,10,3.876427252058867e-06
GSE187438,Homo sapiens,72,6,2.3258563512353204e-06
GSE187438,Homo sapiens,73,5,1.9382136260294336e-06
GSE187438,Homo sapiens,74,12,4.651712702470641e-06
GSE187438,Homo sapiens,75,7,2.713499076441207e-06
GSE187438,Homo sapiens,76,6,2.3258563512353204e-06
GSE187438,Homo sapiens,77,6,2.3258563512353204e-06
GSE187438,Homo sapiens,78,2,7.752854504117735e-07
GSE187438,Homo sapiens,79,1,3.8764272520588674e-07
GSE187438,Homo sapiens,80,3,1.1629281756176602e-06
GSE187438,Homo sapiens,81,1,3.8764272520588674e-07
GSE187438,Homo sapiens,82,1,3.8764272520588674e-07
GSE187438,Homo sapiens,83,2,7.752854504117735e-07
GSE187438,Homo sapiens,85,5,1.9382136260294336e-06
GSE187438,Homo sapiens,86,1,3.8764272520588674e-07
GSE187438,Homo sapiens,87,4,1.550570900823547e-06
GSE187438,Homo sapiens,88,1,3.8764272520588674e-07
GSE187438,Homo sapiens,89,2,7.752854504117735e-07
GSE187438,Homo sapiens,90,6,2.3258563512353204e-06
GSE187438,Homo sapiens,91,1,3.8764272520588674e-07
GSE187438,Homo sapiens,92,1,3.8764272520588674e-07
GSE187438,Homo sapiens,93,3,1.1629281756176602e-06
GSE187438,Homo sapiens,94,2,7.752854504117735e-07
GSE187438,Homo sapiens,95,1,3.8764272520588674e-07
GSE187438,Homo sapiens,96,3,1.1629281756176602e-06
GSE187438,Homo sapiens,98,1,3.8764272520588674e-07
GSE187438,Homo sapiens,99,2,7.752854504117735e-07
GSE187438,Homo sapiens,100,61,2.364620623755909e-05
GSE204704,Homo sapiens,1,9995378,0.7712663939030668
GSE204704,Homo sapiens,2,1706170,0.13165200788660475
GSE204704,Homo sapiens,3,514332,0.039687042041726905
GSE204704,Homo sapiens,4,229108,0.0176785011006431
GSE204704,Homo sapiens,5,127037,0.009802467588745908
GSE204704,Homo sapiens,6,81088,0.006256936891112261
GSE204704,Homo sapiens,7,55482,0.004281118939826984
GSE204704,Homo sapiens,8,39927,0.003080859304107133
GSE204704,Homo sapiens,9,30506,0.002353913239940196
GSE204704,Homo sapiens,10,23826,0.0018384690505085922
GSE204704,Homo sapiens,11,19076,0.0014719481074247421
GSE204704,Homo sapiens,12,15692,0.0012108308713414265
GSE204704,Homo sapiens,13,13073,0.0010087427976705626
GSE204704,Homo sapiens,14,11037,0.0008516403471192535
GSE204704,Homo sapiens,15,9475,0.000731112828572522
GSE204704,Homo sapiens,16,7879,0.0006079617916963484
GSE204704,Homo sapiens,17,6868,0.0005299507025473437
GSE204704,Homo sapiens,18,6009,0.0004636682835770222
GSE204704,Homo sapiens,19,5321,0.0004105806185577193
GSE204704,Homo sapiens,20,4592,0.00035432929908232413
GSE204704,Homo sapiens,21,4172,0.0003219211314833311
GSE204704,Homo sapiens,22,3580,0.0002762410476295123
GSE204704,Homo sapiens,23,3260,0.00025154911041123186
GSE204704,Homo sapiens,24,2951,0.00022770595853482983
GSE204704,Homo sapiens,25,2683,0.00020702646111451996
GSE204704,Homo sapiens,26,2436,0.00018796737207415977
GSE204704,Homo sapiens,27,2106,0.00016250381181780809
GSE204704,Homo sapiens,28,2083,0.00016072907883024417
GSE204704,Homo sapiens,29,1879,0.00014498796885359039
GSE204704,Homo sapiens,30,1722,0.00013287348715587156
GSE204704,Homo sapiens,31,1626,0.00012546590599038743
GSE204704,Homo sapiens,32,1420,0.0001095704714061194
GSE204704,Homo sapiens,33,1363,0.0001051722200891132
GSE204704,Homo sapiens,34,1272,9.815045044266471e-05
GSE204704,Homo sapiens,35,1145,8.835083785915966e-05
GSE204704,Homo sapiens,36,1076,8.302663889646794e-05
GSE204704,Homo sapiens,37,1026,7.916852370611162e-05
GSE204704,Homo sapiens,38,899,6.936891112260658e-05
GSE204704,Homo sapiens,39,869,6.705404200839279e-05
GSE204704,Homo sapiens,40,845,6.520214671702175e-05
GSE204704,Homo sapiens,41,767,5.9183487020065903e-05
GSE204704,Homo sapiens,42,731,5.640564408300935e-05
GSE204704,Homo sapiens,43,690,5.324198962691717e-05
GSE204704,Homo sapiens,44,658,5.077279590508913e-05
GSE204704,Homo sapiens,45,572,4.4136837777676265e-05
GSE204704,Homo sapiens,46,588,4.5371434638590286e-05
GSE204704,Homo sapiens,47,567,4.3751026258640636e-05
GSE204704,Homo sapiens,48,540,4.1667644055848224e-05
GSE204704,Homo sapiens,49,484,3.734655504264915e-05
GSE204704,Homo sapiens,50,446,3.4414387497978345e-05
GSE204704,Homo sapiens,51,460,3.5494659751278114e-05
GSE204704,Homo sapiens,52,425,3.2793979118028695e-05
GSE204704,Homo sapiens,53,380,2.9321675446708008e-05
GSE204704,Homo sapiens,54,372,2.8704377016250998e-05
GSE204704,Homo sapiens,55,353,2.72382932439156e-05
GSE204704,Homo sapiens,56,344,2.654383250965146e-05
GSE204704,Homo sapiens,57,352,2.716113094010847e-05
GSE204704,Homo sapiens,58,301,2.3225853445945027e-05
GSE204704,Homo sapiens,59,273,2.106530893934549e-05
GSE204704,Homo sapiens,60,287,2.214558119264526e-05
GSE204704,Homo sapiens,61,294,2.2685717319295143e-05
GSE204704,Homo sapiens,62,245,1.8904764432745952e-05
GSE204704,Homo sapiens,63,278,2.1451120458381122e-05
GSE204704,Homo sapiens,64,217,1.6744219926146417e-05
GSE204704,Homo sapiens,65,222,1.7130031445182047e-05
GSE204704,Homo sapiens,66,218,1.6821382229953543e-05
GSE204704,Homo sapiens,67,205,1.58182722804609e-05
GSE204704,Homo sapiens,68,186,1.4352188508125499e-05
GSE204704,Homo sapiens,69,223,1.7207193748989173e-05
GSE204704,Homo sapiens,70,138,1.0648397925383435e-05
GSE204704,Homo sapiens,71,170,1.3117591647211478e-05
GSE204704,Homo sapiens,72,160,1.2345968609140214e-05
GSE204704,Homo sapiens,73,170,1.3117591647211478e-05
GSE204704,Homo sapiens,74,148,1.1420020963454699e-05
GSE204704,Homo sapiens,75,111,8.565015722591023e-06
GSE204704,Homo sapiens,76,125,9.645287975890792e-06
GSE204704,Homo sapiens,77,117,9.027989545433782e-06
GSE204704,Homo sapiens,78,128,9.876774887312172e-06
GSE204704,Homo sapiens,79,106,8.179204203555392e-06
GSE204704,Homo sapiens,80,121,9.336638760662287e-06
GSE204704,Homo sapiens,81,124,9.568125672083666e-06
GSE204704,Homo sapiens,82,107,8.256366507362518e-06
GSE204704,Homo sapiens,83,106,8.179204203555392e-06
GSE204704,Homo sapiens,84,105,8.102041899748267e-06
GSE204704,Homo sapiens,85,95,7.330418861677002e-06
GSE204704,Homo sapiens,86,84,6.481633519798612e-06
GSE204704,Homo sapiens,87,87,6.713120431219992e-06
GSE204704,Homo sapiens,88,88,6.7902827350271175e-06
GSE204704,Homo sapiens,89,87,6.713120431219992e-06
GSE204704,Homo sapiens,90,75,5.787172785534475e-06
GSE204704,Homo sapiens,91,84,6.481633519798612e-06
GSE204704,Homo sapiens,92,68,5.247036658884591e-06
GSE204704,Homo sapiens,93,78,6.018659696955855e-06
GSE204704,Homo sapiens,94,71,5.47852357030597e-06
GSE204704,Homo sapiens,95,69,5.324198962691718e-06
GSE204704,Homo sapiens,96,82,6.32730891218436e-06
GSE204704,Homo sapiens,97,57,4.398251317006201e-06
GSE204704,Homo sapiens,98,58,4.475413620813328e-06
GSE204704,Homo sapiens,99,73,5.632848177920223e-06
GSE204704,Homo sapiens,100,4637,0.00035780160275364483
GSE288147,Homo sapiens,1,21700933,0.7428402690294316
GSE288147,Homo sapiens,2,3761558,0.1287611346797767
GSE288147,Homo sapiens,3,1330735,0.04555212190217262
GSE288147,Homo sapiens,4,659934,0.022590067906373835
GSE288147,Homo sapiens,5,391756,0.013410120773788574
GSE288147,Homo sapiens,6,258971,0.008864784168994989
GSE288147,Homo sapiens,7,182720,0.006254651537657746
GSE288147,Homo sapiens,8,135519,0.004638923608427321
GSE288147,Homo sapiens,9,104994,0.003594028478244513
GSE288147,Homo sapiens,10,83389,0.0028544720724263456
GSE288147,Homo sapiens,11,68032,0.0023287896968582082
GSE288147,Homo sapiens,12,56650,0.0019391747461050314
GSE288147,Homo sapiens,13,48632,0.001664712202163811
GSE288147,Homo sapiens,14,41275,0.0014128762161603739
GSE288147,Homo sapiens,15,35995,0.0012321375990476718
GSE288147,Homo sapiens,16,31606,0.0010818986235727383
GSE288147,Homo sapiens,17,27582,0.0009441538896216942
GSE288147,Homo sapiens,18,24668,0.0008444053422227523
GSE288147,Homo sapiens,19,22109,0.0007568087283607439
GSE288147,Homo sapiens,20,19465,0.0006663024966096105
GSE288147,Homo sapiens,21,17570,0.0006014351330814723
GSE288147,Homo sapiens,22,15907,0.0005445093148507103
GSE288147,Homo sapiens,23,14399,0.0004928892704177643
GSE288147,Homo sapiens,24,13163,0.00045058000323001815
GSE288147,Homo sapiens,25,11851,0.0004056691953414074
GSE288147,Homo sapiens,26,10705,0.0003664407000362641
GSE288147,Homo sapiens,27,9810,0.0003358041352037133
GSE288147,Homo sapiens,28,8911,0.00030503064717638017
GSE288147,Homo sapiens,29,8249,0.00028236985843990123
GSE288147,Homo sapiens,30,7549,0.00025840829935299
GSE288147,Homo sapiens,31,6827,0.0002336936626947758
GSE288147,Homo sapiens,32,6331,0.0002167151865417644
GSE288147,Homo sapiens,33,5781,0.0001978882472591913
GSE288147,Homo sapiens,34,5295,0.00018125207909313576
GSE288147,Homo sapiens,35,5000,0.00017115399347793746
GSE288147,Homo sapiens,36,4502,0.0001541070557275349
GSE288147,Homo sapiens,37,4295,0.00014702128039754828
GSE288147,Homo sapiens,38,3970,0.00013589627082148233
GSE288147,Homo sapiens,39,3609,0.00012353895249237525
GSE288147,Homo sapiens,40,3281,0.00011231125052022256
GSE288147,Homo sapiens,41,3122,0.00010686855352762415
GSE288147,Homo sapiens,42,2830,9.68731603085126e-05
GSE288147,Homo sapiens,43,2728,9.338161884156268e-05
GSE288147,Homo sapiens,44,2578,8.824699903722455e-05
GSE288147,Homo sapiens,45,2329,7.972353016202327e-05
GSE288147,Homo sapiens,46,2180,7.462314115638074e-05
GSE288147,Homo sapiens,47,2023,6.92489057611735e-05
GSE288147,Homo sapiens,48,1898,6.497005592422506e-05
GSE288147,Homo sapiens,49,1660,5.6823125834675234e-05
GSE288147,Homo sapiens,50,1657,5.672043343858847e-05
GSE288147,Homo sapiens,51,1532,5.244158360164004e-05
GSE288147,Homo sapiens,52,1526,5.2236198809466515e-05
GSE288147,Homo sapiens,53,1400,4.792311817382249e-05
GSE288147,Homo sapiens,54,1298,4.443157670687257e-05
GSE288147,Homo sapiens,55,1225,4.193272840209468e-05
GSE288147,Homo sapiens,56,1192,4.080311204514029e-05
GSE288147,Homo sapiens,57,1120,3.833849453905799e-05
GSE288147,Homo sapiens,58,1039,3.5565799844715406e-05
GSE288147,Homo sapiens,59,900,3.080771882602874e-05
GSE288147,Homo sapiens,60,935,3.200579678037431e-05
GSE288147,Homo sapiens,61,900,3.080771882602874e-05
GSE288147,Homo sapiens,62,782,2.6768484579949418e-05
GSE288147,Homo sapiens,63,768,2.6289253398211196e-05
GSE288147,Homo sapiens,64,700,2.3961559086911244e-05
GSE288147,Homo sapiens,65,721,2.468040585951858e-05
GSE288147,Homo sapiens,66,647,2.2147326756045107e-05
GSE288147,Homo sapiens,67,632,2.1633864775611296e-05
GSE288147,Homo sapiens,68,650,2.225001915213187e-05
GSE288147,Homo sapiens,69,545,1.8655785289095185e-05
GSE288147,Homo sapiens,70,521,1.7834246120401084e-05
GSE288147,Homo sapiens,71,507,1.7355014938662858e-05
GSE288147,Homo sapiens,72,491,1.680732215953346e-05
GSE288147,Homo sapiens,73,481,1.6465014172577583e-05
GSE288147,Homo sapiens,74,456,1.5609244205187897e-05
GSE288147,Homo sapiens,75,426,1.4582320244320271e-05
GSE288147,Homo sapiens,76,398,1.3623857880843822e-05
GSE288147,Homo sapiens,77,395,1.352116548475706e-05
GSE288147,Homo sapiens,78,367,1.2562703121280609e-05
GSE288147,Homo sapiens,79,338,1.1570009959108573e-05
GSE288147,Homo sapiens,80,342,1.1706933153890923e-05
GSE288147,Homo sapiens,81,331,1.133039436823946e-05
GSE288147,Homo sapiens,82,304,1.0406162803458597e-05
GSE288147,Homo sapiens,83,303,1.0371932004763011e-05
GSE288147,Homo sapiens,84,311,1.064577839432771e-05
GSE288147,Homo sapiens,85,275,9.41346964128656e-06
GSE288147,Homo sapiens,86,277,9.481931238677735e-06
GSE288147,Homo sapiens,87,208,7.1200061286821984e-06
GSE288147,Homo sapiens,88,253,8.660392069983635e-06
GSE288147,Homo sapiens,89,216,7.393852518246899e-06
GSE288147,Homo sapiens,90,208,7.1200061286821984e-06
GSE288147,Homo sapiens,91,215,7.359621719551311e-06
GSE288147,Homo sapiens,92,215,7.359621719551311e-06
GSE288147,Homo sapiens,93,211,7.222698524768961e-06
GSE288147,Homo sapiens,94,191,6.5380825508572115e-06
GSE288147,Homo sapiens,95,204,6.983082933899849e-06
GSE288147,Homo sapiens,96,184,6.298466959988099e-06
GSE288147,Homo sapiens,97,170,5.819235778249874e-06
GSE288147,Homo sapiens,98,171,5.853466576945461e-06
GSE288147,Homo sapiens,99,153,5.237312200424886e-06
GSE288147,Homo sapiens,100,9291,0.00031803835068070337
GSE290216,Homo sapiens,1,1528495,0.8218324800442184
GSE290216,Homo sapiens,2,151490,0.08145227979280183
GSE290216,Homo sapiens,3,49361,0.026540141150257386
GSE290216,Homo sapiens,4,27333,0.014696251657381032
GSE290216,Homo sapiens,5,18421,0.009904498290733399
GSE290216,Homo sapiens,6,13479,0.007247311897334318
GSE290216,Homo sapiens,7,10702,0.005754190364661464
GSE290216,Homo sapiens,8,8508,0.004574532949218813
GSE290216,Homo sapiens,9,7134,0.0038357684602405985
GSE290216,Homo sapiens,10,5835,0.003137329543804863
GSE290216,Homo sapiens,11,4837,0.0026007305918396098
GSE290216,Homo sapiens,12,4057,0.0021813446373978285
GSE290216,Homo sapiens,13,3457,0.0018587400570579968
GSE290216,Homo sapiens,14,3031,0.0016296908050167163
GSE290216,Homo sapiens,15,2560,0.0013764462094499484
GSE290216,Homo sapiens,16,2211,0.0011887978785522797
GSE290216,Homo sapiens,17,1984,0.00106674581232371
GSE290216,Homo sapiens,18,1715,0.0009221114254713521
GSE290216,Homo sapiens,19,1512,0.0008129635424563758
GSE290216,Homo sapiens,20,1388,0.0007462919291861439
GSE290216,Homo sapiens,21,1232,0.0006624147382977877
GSE290216,Homo sapiens,22,1103,0.0005930547535247239
GSE290216,Homo sapiens,23,967,0.0005199310486476954
GSE290216,Homo sapiens,24,942,0.0005064891911335357
GSE290216,Homo sapiens,25,723,0.00038873851930949717
GSE290216,Homo sapiens,26,695,0.00037368363889363833
GSE290216,Homo sapiens,27,711,0.00038228642770270053
GSE290216,Homo sapiens,28,592,0.00031830318593530055
GSE290216,Homo sapiens,29,559,0.0003005599340166098
GSE290216,Homo sapiens,30,457,0.00024571715535883843
GSE290216,Homo sapiens,31,436,0.00023442599504694436
GSE290216,Homo sapiens,32,400,0.00021506972022655445
GSE290216,Homo sapiens,33,364,0.00019571344540616453
GSE290216,Homo sapiens,34,313,0.00016829205607727884
GSE290216,Homo sapiens,35,247,0.00013280555223989737
GSE290216,Homo sapiens,36,260,0.0001397953181472604
GSE290216,Homo sapiens,37,214,0.00011506230032120663
GSE290216,Homo sapiens,38,211,0.00011344927741950747
GSE290216,Homo sapiens,39,190,0.00010215811710761335
GSE290216,Homo sapiens,40,166,8.92539338940201e-05
GSE290216,Homo sapiens,41,154,8.280184228722346e-05
GSE290216,Homo sapiens,42,120,6.452091606796633e-05
GSE290216,Homo sapiens,43,125,6.720928757079827e-05
GSE290216,Homo sapiens,44,104,5.5918127258904155e-05
GSE290216,Homo sapiens,45,84,4.516464124757643e-05
GSE290216,Homo sapiens,46,86,4.6239989848709206e-05
GSE290216,Homo sapiens,47,69,3.709952673908064e-05
GSE290216,Homo sapiens,48,71,3.817487534021342e-05
GSE290216,Homo sapiens,49,69,3.709952673908064e-05
GSE290216,Homo sapiens,50,61,3.2798132334549555e-05
GSE290216,Homo sapiens,51,53,2.8496737930018465e-05
GSE290216,Homo sapiens,52,46,2.4733017826053762e-05
GSE290216,Homo sapiens,53,48,2.5808366427186534e-05
GSE290216,Homo sapiens,54,40,2.1506972022655444e-05
GSE290216,Homo sapiens,55,30,1.6130229016991582e-05
GSE290216,Homo sapiens,56,31,1.666790331755797e-05
GSE290216,Homo sapiens,57,32,1.7205577618124357e-05
GSE290216,Homo sapiens,58,25,1.3441857514159653e-05
GSE290216,Homo sapiens,59,23,1.2366508913026881e-05
GSE290216,Homo sapiens,60,18,9.67813741019495e-06
GSE290216,Homo sapiens,61,23,1.2366508913026881e-05
GSE290216,Homo sapiens,62,14,7.527440207929405e-06
GSE290216,Homo sapiens,63,17,9.140463109628564e-06
GSE290216,Homo sapiens,64,17,9.140463109628564e-06
GSE290216,Homo sapiens,65,12,6.4520916067966335e-06
GSE290216,Homo sapiens,66,14,7.527440207929405e-06
GSE290216,Homo sapiens,67,20,1.0753486011327722e-05
GSE290216,Homo sapiens,68,13,6.989765907363019e-06
GSE290216,Homo sapiens,69,12,6.4520916067966335e-06
GSE290216,Homo sapiens,70,12,6.4520916067966335e-06
GSE290216,Homo sapiens,71,8,4.301394404531089e-06
GSE290216,Homo sapiens,72,7,3.7637201039647026e-06
GSE290216,Homo sapiens,73,9,4.839068705097475e-06
GSE290216,Homo sapiens,74,8,4.301394404531089e-06
GSE290216,Homo sapiens,75,3,1.6130229016991584e-06
GSE290216,Homo sapiens,76,2,1.0753486011327723e-06
GSE290216,Homo sapiens,77,13,6.989765907363019e-06
GSE290216,Homo sapiens,78,7,3.7637201039647026e-06
GSE290216,Homo sapiens,79,3,1.6130229016991584e-06
GSE290216,Homo sapiens,80,6,3.2260458033983167e-06
GSE290216,Homo sapiens,81,4,2.1506972022655446e-06
GSE290216,Homo sapiens,82,4,2.1506972022655446e-06
GSE290216,Homo sapiens,83,3,1.6130229016991584e-06
GSE290216,Homo sapiens,84,5,2.6883715028319305e-06
GSE290216,Homo sapiens,85,3,1.6130229016991584e-06
GSE290216,Homo sapiens,87,4,2.1506972022655446e-06
GSE290216,Homo sapiens,89,2,1.0753486011327723e-06
GSE290216,Homo sapiens,91,2,1.0753486011327723e-06
GSE290216,Homo sapiens,92,1,5.376743005663862e-07
GSE290216,Homo sapiens,93,1,5.376743005663862e-07
GSE290216,Homo sapiens,95,4,2.1506972022655446e-06
GSE290216,Homo sapiens,96,2,1.0753486011327723e-06
GSE290216,Homo sapiens,97,3,1.6130229016991584e-06
GSE290216,Homo sapiens,98,2,1.0753486011327723e-06
GSE290216,Homo sapiens,99,1,5.376743005663862e-07
GSE290216,Homo sapiens,100,20,1.0753486011327722e-05
GSE248556,Homo sapiens,1,10684030,0.7071832178559687
GSE248556,Homo sapiens,2,2597085,0.17190282387315164
GSE248556,Homo sapiens,3,758403,0.05019921078203826
GSE248556,Homo sapiens,4,309937,0.02051494099067724
GSE248556,Homo sapiens,5,167656,0.011097264756169749
GSE248556,Homo sapiens,6,107331,0.0071043119455579005
GSE248556,Homo sapiens,7,75355,0.004987798740881158
GSE248556,Homo sapiens,8,56601,0.003746458715846519
GSE248556,Homo sapiens,9,44248,0.0029288052376950364
GSE248556,Homo sapiens,10,35109,0.0023238886071739974
GSE248556,Homo sapiens,11,28881,0.0019116530480444394
GSE248556,Homo sapiens,12,23924,0.0015835458440294715
GSE248556,Homo sapiens,13,20031,0.0013258655242331693
GSE248556,Homo sapiens,14,17467,0.0011561526190295426
GSE248556,Homo sapiens,15,15013,0.0009937206886981465
GSE248556,Homo sapiens,16,13067,0.0008649136241403238
GSE248556,Homo sapiens,17,11356,0.0007516613695368116
GSE248556,Homo sapiens,18,10257,0.0006789178114951634
GSE248556,Homo sapiens,19,8929,0.0005910165875831446
GSE248556,Homo sapiens,20,8127,0.0005379316616965188
GSE248556,Homo sapiens,21,7399,0.0004897448461784843
GSE248556,Homo sapiens,22,6608,0.00043738801777908157
GSE248556,Homo sapiens,23,6073,0.0004019760036277788
GSE248556,Homo sapiens,24,5522,0.0003655049385859698
GSE248556,Homo sapiens,25,5118,0.00033876390360068696
GSE248556,Homo sapiens,26,4618,0.0003056685632723666
GSE248556,Homo sapiens,27,4298,0.0002844875454622416
GSE248556,Homo sapiens,28,3966,0.0002625122394842369
GSE248556,Homo sapiens,29,3583,0.00023716120879274354
GSE248556,Homo sapiens,30,3417,0.0002261735558037412
GSE248556,Homo sapiens,31,3124,0.00020677968637134548
GSE248556,Homo sapiens,32,2908,0.00019248249934951107
GSE248556,Homo sapiens,33,2789,0.00018460580835137085
GSE248556,Homo sapiens,34,2555,0.00016911718907771693
GSE248556,Homo sapiens,35,2471,0.0001635571719025591
GSE248556,Homo sapiens,36,2297,0.00015203999346830363
GSE248556,Homo sapiens,37,2172,0.00014376615838622355
GSE248556,Homo sapiens,38,2096,0.00013873566665631885
GSE248556,Homo sapiens,39,1878,0.0001243060982731712
GSE248556,Homo sapiens,40,1829,0.00012106275492099579
GSE248556,Homo sapiens,41,1768,0.00011702512340094071
GSE248556,Homo sapiens,42,1637,0.00010835414423492079
GSE248556,Homo sapiens,43,1532,0.00010140412276597351
GSE248556,Homo sapiens,44,1426,9.43879106163696e-05
GSE248556,Homo sapiens,45,1424,9.425552925505632e-05
GSE248556,Homo sapiens,46,1297,8.584931281166296e-05
GSE248556,Homo sapiens,47,1215,8.042167699781842e-05
GSE248556,Homo sapiens,48,1167,7.724452432629967e-05
GSE248556,Homo sapiens,49,1136,7.519261322594381e-05
GSE248556,Homo sapiens,50,1095,7.247879531902154e-05
GSE248556,Homo sapiens,51,987,6.533020180810435e-05
GSE248556,Homo sapiens,52,984,6.513162976613442e-05
GSE248556,Homo sapiens,53,928,6.142495164936254e-05
GSE248556,Homo sapiens,54,901,5.963780327163325e-05
GSE248556,Homo sapiens,55,803,5.3151116567282465e-05
GSE248556,Homo sapiens,56,786,5.202587499611957e-05
GSE248556,Homo sapiens,57,768,5.083444274430004e-05
GSE248556,Homo sapiens,58,689,4.560537897242542e-05
GSE248556,Homo sapiens,59,688,4.5539188291768786e-05
GSE248556,Homo sapiens,60,656,4.3421086510756285e-05
GSE248556,Homo sapiens,61,630,4.170012881368363e-05
GSE248556,Homo sapiens,62,535,3.541201415130276e-05
GSE248556,Homo sapiens,63,554,3.666963708377894e-05
GSE248556,Homo sapiens,64,545,3.607392095786917e-05
GSE248556,Homo sapiens,65,488,3.230105216044065e-05
GSE248556,Homo sapiens,66,483,3.197009875715745e-05
GSE248556,Homo sapiens,67,479,3.1705336034530885e-05
GSE248556,Homo sapiens,68,474,3.137438263124768e-05
GSE248556,Homo sapiens,69,433,2.866056472432541e-05
GSE248556,Homo sapiens,70,427,2.8263420640385567e-05
GSE248556,Homo sapiens,71,393,2.6012937498059785e-05
GSE248556,Homo sapiens,72,384,2.541722137215002e-05
GSE248556,Homo sapiens,73,403,2.6674844304626192e-05
GSE248556,Homo sapiens,74,349,2.3100547549167596e-05
GSE248556,Homo sapiens,75,339,2.243864074260119e-05
GSE248556,Homo sapiens,76,333,2.2041496658661346e-05
GSE248556,Homo sapiens,77,299,1.9791013516335563e-05
GSE248556,Homo sapiens,78,300,1.9857204196992204e-05
GSE248556,Homo sapiens,79,302,1.9989585558305485e-05
GSE248556,Homo sapiens,80,273,1.8070055819262903e-05
GSE248556,Homo sapiens,81,263,1.7408149012696496e-05
GSE248556,Homo sapiens,82,268,1.77391024159797e-05
GSE248556,Homo sapiens,83,259,1.7143386290069934e-05
GSE248556,Homo sapiens,84,217,1.4363377702491026e-05
GSE248556,Homo sapiens,85,205,1.3569089534611338e-05
GSE248556,Homo sapiens,86,221,1.4628140425117589e-05
GSE248556,Homo sapiens,87,220,1.4561949744460948e-05
GSE248556,Homo sapiens,88,218,1.4429568383147667e-05
GSE248556,Homo sapiens,89,211,1.3966233618551182e-05
GSE248556,Homo sapiens,90,197,1.3039564089358213e-05
GSE248556,Homo sapiens,91,211,1.3966233618551182e-05
GSE248556,Homo sapiens,92,177,1.17157504762254e-05
GSE248556,Homo sapiens,93,174,1.1517178434255478e-05
GSE248556,Homo sapiens,94,167,1.1053843669658993e-05
GSE248556,Homo sapiens,95,154,1.0193364821122665e-05
GSE248556,Homo sapiens,96,158,1.0458127543749227e-05
GSE248556,Homo sapiens,97,157,1.0391936863092587e-05
GSE248556,Homo sapiens,98,144,9.531458014556258e-06
GSE248556,Homo sapiens,99,156,1.0325746182435946e-05
GSE248556,Homo sapiens,100,6252,0.0004138241354653175
GSE286044,Mus musculus,1,2397375,0.5896269919855738
GSE286044,Mus musculus,2,758704,0.18660091029873205
GSE286044,Mus musculus,3,323381,0.07953456021493793
GSE286044,Mus musculus,4,167336,0.041155773431731775
GSE286044,Mus musculus,5,99402,0.02444761552003754
GSE286044,Mus musculus,6,64587,0.015884973577922623
GSE286044,Mus musculus,7,44388,0.01091709178591403
GSE286044,Mus musculus,8,32607,0.008019591147681778
GSE286044,Mus musculus,9,24509,0.006027913007591397
GSE286044,Mus musculus,10,18982,0.004668564393084169
GSE286044,Mus musculus,11,15590,0.0038343124480129703
GSE286044,Mus musculus,12,12444,0.0030605634447128543
GSE286044,Mus musculus,13,10471,0.002575310175955344
GSE286044,Mus musculus,14,8668,0.002131867883218501
GSE286044,Mus musculus,15,7436,0.0018288612805275463
GSE286044,Mus musculus,16,6318,0.001553892626462216
GSE286044,Mus musculus,17,5278,0.001298107831982839
GSE286044,Mus musculus,18,4740,0.0011657883902233149
GSE286044,Mus musculus,19,4156,0.001022155390246434
GSE286044,Mus musculus,20,3682,0.0009055765512241024
GSE286044,Mus musculus,21,3254,0.000800311270419128
GSE286044,Mus musculus,22,2917,0.000717427159131099
GSE286044,Mus musculus,23,2532,0.0006227375957901758
GSE286044,Mus musculus,24,2463,0.0006057672584641402
GSE286044,Mus musculus,25,2180,0.0005361642807356174
GSE286044,Mus musculus,26,1947,0.00047885864889552615
GSE286044,Mus musculus,27,1833,0.0004508207002699021
GSE286044,Mus musculus,28,1635,0.00040212321055171305
GSE286044,Mus musculus,29,1516,0.00037285552733724587
GSE286044,Mus musculus,30,1374,0.00033793106501410014
GSE286044,Mus musculus,31,1270,0.0003123525855661624
GSE286044,Mus musculus,32,1239,0.00030472823111533486
GSE286044,Mus musculus,33,1123,0.00027619838865417353
GSE286044,Mus musculus,34,1105,0.0002717713441343382
GSE286044,Mus musculus,35,962,0.00023660093489342383
GSE286044,Mus musculus,36,934,0.00022971442119590213
GSE286044,Mus musculus,37,850,0.00020905488010333705
GSE286044,Mus musculus,38,801,0.0001970034811326741
GSE286044,Mus musculus,39,724,0.00017806556846448944
GSE286044,Mus musculus,40,700,0.0001721628424380423
GSE286044,Mus musculus,41,757,0.00018618181675085428
GSE286044,Mus musculus,42,709,0.00017437636469795997
GSE286044,Mus musculus,43,594,0.0001460924691545673
GSE286044,Mus musculus,44,597,0.0001468303099078732
GSE286044,Mus musculus,45,558,0.00013723838011489657
GSE286044,Mus musculus,46,579,0.00014240326538803784
GSE286044,Mus musculus,47,550,0.00013527080477274752
GSE286044,Mus musculus,48,504,0.00012395724655539045
GSE286044,Mus musculus,49,476,0.00011707073285786875
GSE286044,Mus musculus,50,424,0.0001042814931338999
GSE286044,Mus musculus,51,446,0.0001096923253248098
GSE286044,Mus musculus,52,413,0.00010157607703844495
GSE286044,Mus musculus,53,378,9.296793491654283e-05
GSE286044,Mus musculus,54,371,9.12463064921624e-05
GSE286044,Mus musculus,55,386,9.493551025869189e-05
GSE286044,Mus musculus,56,364,8.952467806778198e-05
GSE286044,Mus musculus,57,310,7.624354450827587e-05
GSE286044,Mus musculus,58,307,7.550570375496998e-05
GSE286044,Mus musculus,59,331,8.140842978141714e-05
GSE286044,Mus musculus,60,299,7.353812841282092e-05
GSE286044,Mus musculus,61,302,7.427596916612682e-05
GSE286044,Mus musculus,62,257,6.320835786653839e-05
GSE286044,Mus musculus,63,291,7.157055307067187e-05
GSE286044,Mus musculus,64,286,7.034081848182871e-05
GSE286044,Mus musculus,65,278,6.837324313967965e-05
GSE286044,Mus musculus,66,250,6.148672944215796e-05
GSE286044,Mus musculus,67,249,6.124078252438932e-05
GSE286044,Mus musculus,68,253,6.222457019546385e-05
GSE286044,Mus musculus,69,245,6.02569948533148e-05
GSE286044,Mus musculus,70,207,5.091101197810679e-05
GSE286044,Mus musculus,71,197,4.845154280042047e-05
GSE286044,Mus musculus,72,205,5.0419118142569525e-05
GSE286044,Mus musculus,73,228,5.607589725124806e-05
GSE286044,Mus musculus,74,196,4.820559588265184e-05
GSE286044,Mus musculus,75,168,4.131908218513015e-05
GSE286044,Mus musculus,76,193,4.7467755129345946e-05
GSE286044,Mus musculus,77,187,4.599207362273415e-05
GSE286044,Mus musculus,78,164,4.033529451405562e-05
GSE286044,Mus musculus,79,176,4.3286657527279205e-05
GSE286044,Mus musculus,80,167,4.107313526736152e-05
GSE286044,Mus musculus,81,189,4.6483967458271415e-05
GSE286044,Mus musculus,82,170,4.181097602066741e-05
GSE286044,Mus musculus,83,145,3.5662303076451616e-05
GSE286044,Mus musculus,84,144,3.5416356158682985e-05
GSE286044,Mus musculus,85,162,3.984340067851836e-05
GSE286044,Mus musculus,86,153,3.762987841860067e-05
GSE286044,Mus musculus,87,149,3.664609074752614e-05
GSE286044,Mus musculus,88,142,3.492446232314572e-05
GSE286044,Mus musculus,89,145,3.5662303076451616e-05
GSE286044,Mus musculus,90,145,3.5662303076451616e-05
GSE286044,Mus musculus,91,113,2.77920017078554e-05
GSE286044,Mus musculus,92,141,3.467851540537709e-05
GSE286044,Mus musculus,93,147,3.615419691198888e-05
GSE286044,Mus musculus,94,130,3.1973099309922136e-05
GSE286044,Mus musculus,95,120,2.951363013223582e-05
GSE286044,Mus musculus,96,115,2.828389554339266e-05
GSE286044,Mus musculus,97,111,2.7300107872318133e-05
GSE286044,Mus musculus,98,117,2.8775789378929923e-05
GSE286044,Mus musculus,99,138,3.394067465207119e-05
GSE286044,Mus musculus,100,7977,0.001961918563040376
GSE150338,Mus musculus,1,1753931,0.9585637155697312
GSE150338,Mus musculus,2,61521,0.033622644417349044
GSE150338,Mus musculus,3,7972,0.00435688173623814
GSE150338,Mus musculus,4,2747,0.0015012988120228512
GSE150338,Mus musculus,5,1367,0.000747097006201397
GSE150338,Mus musculus,6,817,0.0004465093299682088
GSE150338,Mus musculus,7,441,0.00024101666403424733
GSE150338,Mus musculus,8,279,0.00015247993030738095
GSE150338,Mus musculus,9,205,0.00011203722477782472
GSE150338,Mus musculus,10,143,7.815279582062895e-05
GSE150338,Mus musculus,11,77,4.208227467264636e-05
GSE150338,Mus musculus,12,67,3.66170441956793e-05
GSE150338,Mus musculus,13,44,2.4047014098655063e-05
GSE150338,Mus musculus,14,39,2.131439886017153e-05
GSE150338,Mus musculus,15,24,1.3116553144720943e-05
GSE150338,Mus musculus,16,26,1.4209599240114355e-05
GSE150338,Mus musculus,17,14,7.651322667753883e-06
GSE150338,Mus musculus,18,12,6.5582765723604715e-06
GSE150338,Mus musculus,19,4,2.1860921907868237e-06
GSE150338,Mus musculus,20,5,2.7326152384835295e-06
GSE150338,Mus musculus,21,4,2.1860921907868237e-06
GSE150338,Mus musculus,22,6,3.2791382861802357e-06
GSE150338,Mus musculus,23,2,1.0930460953934118e-06
GSE150338,Mus musculus,25,1,5.465230476967059e-07
GSE150338,Mus musculus,27,1,5.465230476967059e-07
GSE103976,Mus musculus,1,2473321,0.7040573261135785
GSE103976,Mus musculus,2,612901,0.17446883733746585
GSE103976,Mus musculus,3,198104,0.05639242643086132
GSE103976,Mus musculus,4,81350,0.023157149225409727
GSE103976,Mus musculus,5,40436,0.011510540701643118
GSE103976,Mus musculus,6,23694,0.006744750998732121
GSE103976,Mus musculus,7,15375,0.004376658504495077
GSE103976,Mus musculus,8,10962,0.003120450765936588
GSE103976,Mus musculus,9,8089,0.002302620529616955
GSE103976,Mus musculus,10,6199,0.0017646117768692672
GSE103976,Mus musculus,11,4943,0.0014070779179004337
GSE103976,Mus musculus,12,3981,0.0011332343093590181
GSE103976,Mus musculus,13,3382,0.0009627225406310473
GSE103976,Mus musculus,14,2715,0.0007728538432327893
GSE103976,Mus musculus,15,2362,0.0006723686105767397
GSE103976,Mus musculus,16,2042,0.0005812771815400942
GSE103976,Mus musculus,17,1801,0.0005126739490468706
GSE103976,Mus musculus,18,1588,0.0004520412165943534
GSE103976,Mus musculus,19,1403,0.0003993789841825427
GSE103976,Mus musculus,20,1183,0.0003367536267198489
GSE103976,Mus musculus,21,1018,0.00028978460862282853
GSE103976,Mus musculus,22,950,0.0002704276799525414
GSE103976,Mus musculus,23,853,0.0002428155905258082
GSE103976,Mus musculus,24,792,0.00022545128686569764
GSE103976,Mus musculus,25,770,0.00021918875111942825
GSE103976,Mus musculus,26,684,0.0001947079295658298
GSE103976,Mus musculus,27,578,0.00016453389369744097
GSE103976,Mus musculus,28,535,0.00015229348292064172
GSE103976,Mus musculus,29,492,0.00014005307214384248
GSE103976,Mus musculus,30,467,0.00013293655425035454
GSE103976,Mus musculus,31,426,0.00012126546490503434
GSE103976,Mus musculus,32,367,0.00010447048267640283
GSE103976,Mus musculus,33,382,0.00010874039341249558
GSE103976,Mus musculus,34,353,0.00010048523265604957
GSE103976,Mus musculus,35,288,8.198228613298096e-05
GSE103976,Mus musculus,36,296,8.42595718588971e-05
GSE103976,Mus musculus,37,282,8.027432183854386e-05
GSE103976,Mus musculus,38,256,7.28731432293164e-05
GSE103976,Mus musculus,39,251,7.144983965061882e-05
GSE103976,Mus musculus,40,245,6.974187535618173e-05
GSE103976,Mus musculus,41,216,6.148671459973572e-05
GSE103976,Mus musculus,42,211,6.006341102103813e-05
GSE103976,Mus musculus,43,203,5.7786125295122e-05
GSE103976,Mus musculus,44,179,5.0954268117373586e-05
GSE103976,Mus musculus,45,152,4.326842879240662e-05
GSE103976,Mus musculus,46,155,4.412241093962517e-05
GSE103976,Mus musculus,47,152,4.326842879240662e-05
GSE103976,Mus musculus,48,156,4.440707165536469e-05
GSE103976,Mus musculus,49,169,4.810766095997841e-05
GSE103976,Mus musculus,50,140,3.9852500203532414e-05
GSE103976,Mus musculus,51,156,4.440707165536469e-05
GSE103976,Mus musculus,52,132,3.7575214477616275e-05
GSE103976,Mus musculus,53,139,3.9567839487792895e-05
GSE103976,Mus musculus,54,130,3.700589304613724e-05
GSE103976,Mus musculus,55,112,3.188200016282593e-05
GSE103976,Mus musculus,56,98,2.7896750142472687e-05
GSE103976,Mus musculus,57,102,2.9035393005430756e-05
GSE103976,Mus musculus,58,86,2.4480821553598483e-05
GSE103976,Mus musculus,59,106,3.0174035868388825e-05
GSE103976,Mus musculus,60,106,3.0174035868388825e-05
GSE103976,Mus musculus,61,85,2.4196160837858965e-05
GSE103976,Mus musculus,62,73,2.0780232248984758e-05
GSE103976,Mus musculus,63,88,2.5050142985077516e-05
GSE103976,Mus musculus,64,80,2.2772857259161378e-05
GSE103976,Mus musculus,65,86,2.4480821553598483e-05
GSE103976,Mus musculus,66,79,2.248819654342186e-05
GSE103976,Mus musculus,67,63,1.7933625091589587e-05
GSE103976,Mus musculus,68,53,1.5087017934194412e-05
GSE103976,Mus musculus,69,76,2.163421439620331e-05
GSE103976,Mus musculus,70,73,2.0780232248984758e-05
GSE103976,Mus musculus,71,66,1.8787607238808138e-05
GSE103976,Mus musculus,72,70,1.9926250101766207e-05
GSE103976,Mus musculus,73,59,1.6794982228631518e-05
GSE103976,Mus musculus,74,49,1.3948375071236343e-05
GSE103976,Mus musculus,75,71,2.021091081750572e-05
GSE103976,Mus musculus,76,73,2.0780232248984758e-05
GSE103976,Mus musculus,77,68,1.935692867028717e-05
GSE103976,Mus musculus,78,48,1.3663714355496827e-05
GSE103976,Mus musculus,79,57,1.622566079715248e-05
GSE103976,Mus musculus,80,45,1.2809732208278276e-05
GSE103976,Mus musculus,81,52,1.4802357218454896e-05
GSE103976,Mus musculus,82,42,1.1955750061059723e-05
GSE103976,Mus musculus,83,48,1.3663714355496827e-05
GSE103976,Mus musculus,84,46,1.3094392924017792e-05
GSE103976,Mus musculus,85,56,1.5941000081412963e-05
GSE103976,Mus musculus,86,52,1.4802357218454896e-05
GSE103976,Mus musculus,87,51,1.4517696502715378e-05
GSE103976,Mus musculus,88,32,9.10914290366455e-06
GSE103976,Mus musculus,89,48,1.3663714355496827e-05
GSE103976,Mus musculus,90,38,1.0817107198101654e-05
GSE103976,Mus musculus,91,44,1.2525071492538758e-05
GSE103976,Mus musculus,92,36,1.024778576662262e-05
GSE103976,Mus musculus,93,43,1.2240410776799242e-05
GSE103976,Mus musculus,94,38,1.0817107198101654e-05
GSE103976,Mus musculus,95,33,9.393803619404069e-06
GSE103976,Mus musculus,96,19,5.408553599050827e-06
GSE103976,Mus musculus,97,47,1.3379053639757309e-05
GSE103976,Mus musculus,98,42,1.1955750061059723e-05
GSE103976,Mus musculus,99,25,7.116517893487931e-06
GSE103976,Mus musculus,100,1784,0.0005078347168792987
GSE203171,Mus musculus,1,49851644,0.752310751530336
GSE203171,Mus musculus,2,8805880,0.13288946299716725
GSE203171,Mus musculus,3,2983883,0.04502975392764567
GSE203171,Mus musculus,4,1398540,0.02110535569188523
GSE203171,Mus musculus,5,790103,0.011923437905405346
GSE203171,Mus musculus,6,504215,0.007609104437616307
GSE203171,Mus musculus,7,346796,0.005233495597210684
GSE203171,Mus musculus,8,251880,0.0038011190181704143
GSE203171,Mus musculus,9,189650,0.002862006597570347
GSE203171,Mus musculus,10,147118,0.002220156533727152
GSE203171,Mus musculus,11,116838,0.0017632013015920075
GSE203171,Mus musculus,12,94490,0.0014259478165274037
GSE203171,Mus musculus,13,78136,0.0011791497363973459
GSE203171,Mus musculus,14,66049,0.0009967449183386442
GSE203171,Mus musculus,15,56013,0.0008452917244909457
GSE203171,Mus musculus,16,48052,0.0007251523386577924
GSE203171,Mus musculus,17,41733,0.0006297923613836188
GSE203171,Mus musculus,18,36676,0.0005534772157790143
GSE203171,Mus musculus,19,32291,0.0004873032166735781
GSE203171,Mus musculus,20,28248,0.0004262903367686115
GSE203171,Mus musculus,21,24851,0.000375026237575643
GSE203171,Mus musculus,22,22496,0.00033948695185311115
GSE203171,Mus musculus,23,20042,0.00030245365794096966
GSE203171,Mus musculus,24,18079,0.00027283004100961937
GSE203171,Mus musculus,25,16422,0.00024782426757342604
GSE203171,Mus musculus,26,15123,0.0002282210692067301
GSE203171,Mus musculus,27,13398,0.00020218910832716855
GSE203171,Mus musculus,28,12139,0.00018318954963304217
GSE203171,Mus musculus,29,11140,0.00016811364881061782
GSE203171,Mus musculus,30,10316,0.00015567867155568522
GSE203171,Mus musculus,31,9351,0.000141115864454945
GSE203171,Mus musculus,32,8427,0.00012717178801858854
GSE203171,Mus musculus,33,7781,0.00011742300730659042
GSE203171,Mus musculus,34,7314,0.000110375514129341
GSE203171,Mus musculus,35,6554,9.890636035051968e-05
GSE203171,Mus musculus,36,6149,9.279450866575305e-05
GSE203171,Mus musculus,37,5596,8.44491901924791e-05
GSE203171,Mus musculus,38,5258,7.934843495926647e-05
GSE203171,Mus musculus,39,4744,7.159166516674784e-05
GSE203171,Mus musculus,40,4375,6.60230891872938e-05
GSE203171,Mus musculus,41,4140,6.247670611094774e-05
GSE203171,Mus musculus,42,3848,5.807013650119007e-05
GSE203171,Mus musculus,43,3593,5.422193358855923e-05
GSE203171,Mus musculus,44,3284,4.9558817117959506e-05
GSE203171,Mus musculus,45,3130,4.723480437856677e-05
GSE203171,Mus musculus,46,3017,4.55295223035578e-05
GSE203171,Mus musculus,47,2722,4.1077679718357425e-05
GSE203171,Mus musculus,48,2560,3.863293904445077e-05
GSE203171,Mus musculus,49,2340,3.531292084531828e-05
GSE203171,Mus musculus,50,2199,3.318509099951064e-05
GSE203171,Mus musculus,51,2120,3.19929026461858e-05
GSE203171,Mus musculus,52,1935,2.920106916055166e-05
GSE203171,Mus musculus,53,1825,2.7541060060985414e-05
GSE203171,Mus musculus,54,1745,2.6333780715846328e-05
GSE203171,Mus musculus,55,1672,2.5232138313406913e-05
GSE203171,Mus musculus,56,1554,2.345140127932676e-05
GSE203171,Mus musculus,57,1481,2.234975887688734e-05
GSE203171,Mus musculus,58,1394,2.1036842589048585e-05
GSE203171,Mus musculus,59,1267,1.9120286628640287e-05
GSE203171,Mus musculus,60,1297,1.9573016383067443e-05
GSE203171,Mus musculus,61,1245,1.8788284808727035e-05
GSE203171,Mus musculus,62,1223,1.8456282988813786e-05
GSE203171,Mus musculus,63,1174,1.7716824389916098e-05
GSE203171,Mus musculus,64,1129,1.703772975827536e-05
GSE203171,Mus musculus,65,1070,1.6147361241235286e-05
GSE203171,Mus musculus,66,1052,1.587572338857899e-05
GSE203171,Mus musculus,67,1071,1.6162452233049523e-05
GSE203171,Mus musculus,68,1022,1.542299363415183e-05
GSE203171,Mus musculus,69,944,1.4245896272641223e-05
GSE203171,Mus musculus,70,921,1.3898803460913735e-05
GSE203171,Mus musculus,71,916,1.3823348501842542e-05
GSE203171,Mus musculus,72,860,1.2978252960245182e-05
GSE203171,Mus musculus,73,898,1.3551710649186247e-05
GSE203171,Mus musculus,74,787,1.1876610557805765e-05
GSE203171,Mus musculus,75,831,1.2540614197632263e-05
GSE203171,Mus musculus,76,772,1.1650245680592187e-05
GSE203171,Mus musculus,77,771,1.1635154688777947e-05
GSE203171,Mus musculus,78,806,1.2163339402276298e-05
GSE203171,Mus musculus,79,742,1.1197515926165029e-05
GSE203171,Mus musculus,80,749,1.1303152868864699e-05
GSE203171,Mus musculus,81,710,1.0714604188109394e-05
GSE203171,Mus musculus,82,653,9.854417654697794e-06
GSE203171,Mus musculus,83,696,1.0503330302710053e-05
GSE203171,Mus musculus,84,671,1.0126055507354089e-05
GSE203171,Mus musculus,85,681,1.0276965425496475e-05
GSE203171,Mus musculus,86,674,1.0171328482796805e-05
GSE203171,Mus musculus,87,686,1.0352420384567668e-05
GSE203171,Mus musculus,88,655,9.884599638326273e-06
GSE203171,Mus musculus,89,744,1.1227697909793506e-05
GSE203171,Mus musculus,90,681,1.0276965425496475e-05
GSE203171,Mus musculus,91,674,1.0171328482796805e-05
GSE203171,Mus musculus,92,652,9.839326662883556e-06
GSE203171,Mus musculus,93,654,9.869508646512033e-06
GSE203171,Mus musculus,94,680,1.0261874433682236e-05
GSE203171,Mus musculus,95,652,9.839326662883556e-06
GSE203171,Mus musculus,96,663,1.000532757284018e-05
GSE203171,Mus musculus,97,704,1.0624058237223963e-05
GSE203171,Mus musculus,98,651,9.824235671069317e-06
GSE203171,Mus musculus,99,651,9.824235671069317e-06
GSE203171,Mus musculus,100,87969,0.001327539458906754
GSE176269,Homo sapiens,1,970883,0.9179503131429263
GSE176269,Homo sapiens,2,62544,0.05913409173423696
GSE176269,Homo sapiens,3,12259,0.01159063748033402
GSE176269,Homo sapiens,4,4103,0.003879303824276897
GSE176269,Homo sapiens,5,1952,0.0018455766670700713
GSE176269,Homo sapiens,6,1158,0.0010948656662229214
GSE176269,Homo sapiens,7,797,0.0007535474403969503
GSE176269,Homo sapiens,8,595,0.0005625605107103958
GSE176269,Homo sapiens,9,455,0.0004301933317197144
GSE176269,Homo sapiens,10,369,0.0003488820646254387
GSE176269,Homo sapiens,11,282,0.00026662531768122956
GSE176269,Homo sapiens,12,258,0.00024393380128282706
GSE176269,Homo sapiens,13,202,0.00019098692968655452
GSE176269,Homo sapiens,14,186,0.00017585925208761952
GSE176269,Homo sapiens,15,140,0.00013236717899068134
GSE176269,Homo sapiens,16,127,0.00012007594094154665
GSE176269,Homo sapiens,17,94,8.887510589374319e-05
GSE176269,Homo sapiens,18,100,9.454798499334382e-05
GSE176269,Homo sapiens,19,85,8.036578724434225e-05
GSE176269,Homo sapiens,20,83,7.847482754447538e-05
GSE176269,Homo sapiens,21,86,8.131126709427569e-05
GSE176269,Homo sapiens,22,51,4.821947234660535e-05
GSE176269,Homo sapiens,23,78,7.374742829480819e-05
GSE176269,Homo sapiens,24,47,4.4437552946871594e-05
GSE176269,Homo sapiens,25,47,4.4437552946871594e-05
GSE176269,Homo sapiens,26,47,4.4437552946871594e-05
GSE176269,Homo sapiens,27,45,4.254659324700472e-05
GSE176269,Homo sapiens,28,30,2.8364395498003147e-05
GSE176269,Homo sapiens,29,27,2.552795594820283e-05
GSE176269,Homo sapiens,30,20,1.8909596998668764e-05
GSE176269,Homo sapiens,31,34,3.21463148977369e-05
GSE176269,Homo sapiens,32,29,2.741891564806971e-05
GSE176269,Homo sapiens,33,21,1.98550768486022e-05
GSE176269,Homo sapiens,34,20,1.8909596998668764e-05
GSE176269,Homo sapiens,35,16,1.5127677598935011e-05
GSE176269,Homo sapiens,36,17,1.607315744886845e-05
GSE176269,Homo sapiens,37,17,1.607315744886845e-05
GSE176269,Homo sapiens,38,11,1.0400278349267821e-05
GSE176269,Homo sapiens,39,11,1.0400278349267821e-05
GSE176269,Homo sapiens,40,10,9.454798499334382e-06
GSE176269,Homo sapiens,41,7,6.618358949534068e-06
GSE176269,Homo sapiens,42,11,1.0400278349267821e-05
GSE176269,Homo sapiens,43,13,1.2291238049134696e-05
GSE176269,Homo sapiens,44,5,4.727399249667191e-06
GSE176269,Homo sapiens,45,13,1.2291238049134696e-05
GSE176269,Homo sapiens,46,7,6.618358949534068e-06
GSE176269,Homo sapiens,47,9,8.509318649400944e-06
GSE176269,Homo sapiens,48,12,1.1345758199201259e-05
GSE176269,Homo sapiens,49,7,6.618358949534068e-06
GSE176269,Homo sapiens,50,3,2.8364395498003147e-06
GSE176269,Homo sapiens,51,7,6.618358949534068e-06
GSE176269,Homo sapiens,52,6,5.672879099600629e-06
GSE176269,Homo sapiens,53,5,4.727399249667191e-06
GSE176269,Homo sapiens,54,13,1.2291238049134696e-05
GSE176269,Homo sapiens,55,8,7.563838799467506e-06
GSE176269,Homo sapiens,56,8,7.563838799467506e-06
GSE176269,Homo sapiens,57,6,5.672879099600629e-06
GSE176269,Homo sapiens,58,4,3.781919399733753e-06
GSE176269,Homo sapiens,59,2,1.8909596998668764e-06
GSE176269,Homo sapiens,60,3,2.8364395498003147e-06
GSE176269,Homo sapiens,61,2,1.8909596998668764e-06
GSE176269,Homo sapiens,62,6,5.672879099600629e-06
GSE176269,Homo sapiens,63,6,5.672879099600629e-06
GSE176269,Homo sapiens,64,3,2.8364395498003147e-06
GSE176269,Homo sapiens,65,3,2.8364395498003147e-06
GSE176269,Homo sapiens,66,3,2.8364395498003147e-06
GSE176269,Homo sapiens,67,4,3.781919399733753e-06
GSE176269,Homo sapiens,68,3,2.8364395498003147e-06
GSE176269,Homo sapiens,69,4,3.781919399733753e-06
GSE176269,Homo sapiens,70,2,1.8909596998668764e-06
GSE176269,Homo sapiens,71,1,9.454798499334382e-07
GSE176269,Homo sapiens,72,2,1.8909596998668764e-06
GSE176269,Homo sapiens,73,5,4.727399249667191e-06
GSE176269,Homo sapiens,74,2,1.8909596998668764e-06
GSE176269,Homo sapiens,75,2,1.8909596998668764e-06
GSE176269,Homo sapiens,77,3,2.8364395498003147e-06
GSE176269,Homo sapiens,79,1,9.454798499334382e-07
GSE176269,Homo sapiens,80,4,3.781919399733753e-06
GSE176269,Homo sapiens,81,1,9.454798499334382e-07
GSE176269,Homo sapiens,82,2,1.8909596998668764e-06
GSE176269,Homo sapiens,83,3,2.8364395498003147e-06
GSE176269,Homo sapiens,86,2,1.8909596998668764e-06
GSE176269,Homo sapiens,87,1,9.454798499334382e-07
GSE176269,Homo sapiens,88,1,9.454798499334382e-07
GSE176269,Homo sapiens,89,3,2.8364395498003147e-06
GSE176269,Homo sapiens,90,1,9.454798499334382e-07
GSE176269,Homo sapiens,91,1,9.454798499334382e-07
GSE176269,Homo sapiens,92,1,9.454798499334382e-07
GSE176269,Homo sapiens,93,1,9.454798499334382e-07
GSE176269,Homo sapiens,94,1,9.454798499334382e-07
GSE176269,Homo sapiens,95,3,2.8364395498003147e-06
GSE176269,Homo sapiens,96,1,9.454798499334382e-07
GSE176269,Homo sapiens,98,2,1.8909596998668764e-06
GSE176269,Homo sapiens,99,1,9.454798499334382e-07
GSE176269,Homo sapiens,100,98,9.265702529347694e-05
GSE136679,Mus musculus,1,2822128,0.656211321154833
GSE136679,Mus musculus,2,693195,0.1611841868150291
GSE136679,Mus musculus,3,267506,0.062201454249008116
GSE136679,Mus musculus,4,134809,0.03134627203073776
GSE136679,Mus musculus,5,79710,0.018534454996106394
GSE136679,Mus musculus,6,52634,0.012238646396500612
GSE136679,Mus musculus,7,36805,0.008558030562435023
GSE136679,Mus musculus,8,27373,0.006364868104484008
GSE136679,Mus musculus,9,20978,0.004877879775540332
GSE136679,Mus musculus,10,16736,0.003891514726067452
GSE136679,Mus musculus,11,13650,0.003173946941373131
GSE136679,Mus musculus,12,11290,0.0026251912797144797
GSE136679,Mus musculus,13,9512,0.0022117643447869028
GSE136679,Mus musculus,14,8067,0.001875767763813703
GSE136679,Mus musculus,15,6974,0.001621619484918404
GSE136679,Mus musculus,16,6064,0.0014100230221601952
GSE136679,Mus musculus,17,5340,0.0012416759462954227
GSE136679,Mus musculus,18,4832,0.0011235539648875434
GSE136679,Mus musculus,19,4307,0.0010014790825270384
GSE136679,Mus musculus,20,3823,0.0008889376671699252
GSE136679,Mus musculus,21,3470,0.0008068568415065761
GSE136679,Mus musculus,22,3212,0.0007468657564608422
GSE136679,Mus musculus,23,2901,0.0006745509213863335
GSE136679,Mus musculus,24,2569,0.0005973530910174047
GSE136679,Mus musculus,25,2398,0.0005575915579056973
GSE136679,Mus musculus,26,2251,0.0005234105908447559
GSE136679,Mus musculus,27,2025,0.00047086026053337653
GSE136679,Mus musculus,28,1857,0.00043179629817801496
GSE136679,Mus musculus,29,1810,0.00042086768966193163
GSE136679,Mus musculus,30,1674,0.0003892444820409246
GSE136679,Mus musculus,31,1554,0.0003613416517870949
GSE136679,Mus musculus,32,1450,0.00033715919890044246
GSE136679,Mus musculus,33,1411,0.0003280907790679478
GSE136679,Mus musculus,34,1321,0.0003071636563775755
GSE136679,Mus musculus,35,1172,0.00027251764214573693
GSE136679,Mus musculus,36,1152,0.0002678671704367653
GSE136679,Mus musculus,37,1117,0.00025972884494606497
GSE136679,Mus musculus,38,1023,0.00023787162791389838
GSE136679,Mus musculus,39,965,0.00022438525995788068
GSE136679,Mus musculus,40,926,0.00021531684012538602
GSE136679,Mus musculus,41,897,0.00020857365614737716
GSE136679,Mus musculus,42,822,0.0001911343872387336
GSE136679,Mus musculus,43,762,0.00017718297211181873
GSE136679,Mus musculus,44,783,0.00018206596740623894
GSE136679,Mus musculus,45,715,0.00016625436359573543
GSE136679,Mus musculus,46,738,0.00017160240606105278
GSE136679,Mus musculus,47,687,0.00015974370320317517
GSE136679,Mus musculus,48,653,0.0001518379012979234
GSE136679,Mus musculus,49,672,0.00015625584942144643
GSE136679,Mus musculus,50,578,0.00013439863238927981
GSE136679,Mus musculus,51,572,0.00013300349087658835
GSE136679,Mus musculus,52,596,0.0001385840569273543
GSE136679,Mus musculus,53,568,0.000132073396534794
GSE136679,Mus musculus,54,512,0.00011905207574967347
GSE136679,Mus musculus,55,487,0.00011323898611345896
GSE136679,Mus musculus,56,474,0.0001102161795026274
GSE136679,Mus musculus,57,469,0.00010905356157538449
GSE136679,Mus musculus,58,476,0.00011068122667352456
GSE136679,Mus musculus,59,459,0.00010672832572089868
GSE136679,Mus musculus,60,418,9.719485871750687e-05
GSE136679,Mus musculus,61,409,9.510214644846963e-05
GSE136679,Mus musculus,62,378,8.789391529956362e-05
GSE136679,Mus musculus,63,422,9.812495305930118e-05
GSE136679,Mus musculus,64,405,9.417205210667532e-05
GSE136679,Mus musculus,65,394,9.161429266674092e-05
GSE136679,Mus musculus,66,383,8.905653322680652e-05
GSE136679,Mus musculus,67,314,7.301240583085443e-05
GSE136679,Mus musculus,68,298,6.929202846367715e-05
GSE136679,Mus musculus,69,351,8.161577849245194e-05
GSE136679,Mus musculus,70,292,6.789688695098565e-05
GSE136679,Mus musculus,71,342,7.952306622341471e-05
GSE136679,Mus musculus,72,313,7.277988224540586e-05
GSE136679,Mus musculus,73,291,6.766436336553708e-05
GSE136679,Mus musculus,74,295,6.85944577073314e-05
GSE136679,Mus musculus,75,234,5.4410518994967956e-05
GSE136679,Mus musculus,76,273,6.347893882746262e-05
GSE136679,Mus musculus,77,278,6.464155675470552e-05
GSE136679,Mus musculus,78,253,5.8828467118490996e-05
GSE136679,Mus musculus,79,240,5.580566050765944e-05
GSE136679,Mus musculus,80,231,5.3712948238622215e-05
GSE136679,Mus musculus,81,219,5.092266521323924e-05
GSE136679,Mus musculus,82,221,5.13877123841364e-05
GSE136679,Mus musculus,83,213,4.952752370054775e-05
GSE136679,Mus musculus,84,219,5.092266521323924e-05
GSE136679,Mus musculus,85,207,4.813238218785627e-05
GSE136679,Mus musculus,86,173,4.022658028260452e-05
GSE136679,Mus musculus,87,191,4.441200482067897e-05
GSE136679,Mus musculus,88,225,5.231780672593073e-05
GSE136679,Mus musculus,89,206,4.789985860240769e-05
GSE136679,Mus musculus,90,184,4.278433972253891e-05
GSE136679,Mus musculus,91,185,4.3016863307987485e-05
GSE136679,Mus musculus,92,186,4.324938689343607e-05
GSE136679,Mus musculus,93,195,4.53420991624733e-05
GSE136679,Mus musculus,94,181,4.208676896619316e-05
GSE136679,Mus musculus,95,189,4.394695764978181e-05
GSE136679,Mus musculus,96,183,4.255181613709032e-05
GSE136679,Mus musculus,97,145,3.371591989004425e-05
GSE136679,Mus musculus,98,165,3.836639159901587e-05
GSE136679,Mus musculus,99,173,4.022658028260452e-05
GSE136679,Mus musculus,100,16254,0.003779438357881236
GSE155409,Homo sapiens,1,5943,0.907466788822721
GSE155409,Homo sapiens,2,355,0.05420674912200336
GSE155409,Homo sapiens,3,95,0.014506031455183997
GSE155409,Homo sapiens,4,35,0.005344327378225684
GSE155409,Homo sapiens,5,10,0.0015269506794930523
GSE155409,Homo sapiens,6,13,0.001985035883340968
GSE155409,Homo sapiens,7,9,0.001374255611543747
GSE155409,Homo sapiens,8,10,0.0015269506794930523
GSE155409,Homo sapiens,9,11,0.0016796457474423576
GSE155409,Homo sapiens,10,6,0.0009161704076958314
GSE155409,Homo sapiens,11,17,0.002595816155138189
GSE155409,Homo sapiens,12,9,0.001374255611543747
GSE155409,Homo sapiens,13,9,0.001374255611543747
GSE155409,Homo sapiens,14,6,0.0009161704076958314
GSE155409,Homo sapiens,15,6,0.0009161704076958314
GSE155409,Homo sapiens,16,7,0.0010688654756451366
GSE155409,Homo sapiens,17,3,0.0004580852038479157
GSE155409,Homo sapiens,18,4,0.0006107802717972209
GSE155409,Homo sapiens,20,1,0.00015269506794930523
GSE174189,Homo sapiens,1,223865,0.7673547316752132
GSE174189,Homo sapiens,2,37566,0.12876710450544326
GSE174189,Homo sapiens,3,11220,0.038459429072860395
GSE174189,Homo sapiens,4,4952,0.016974250692406833
GSE174189,Homo sapiens,5,2680,0.009186387692982696
GSE174189,Homo sapiens,6,1610,0.005518688128993337
GSE174189,Homo sapiens,7,1074,0.003681410590396797
GSE174189,Homo sapiens,8,766,0.0026256615570241586
GSE174189,Homo sapiens,9,663,0.0022726026270326596
GSE174189,Homo sapiens,10,464,0.0015904790632626758
GSE174189,Homo sapiens,11,349,0.0011962870540488662
GSE174189,Homo sapiens,12,328,0.0011243041654098226
GSE174189,Homo sapiens,13,290,0.0009940494145391724
GSE174189,Homo sapiens,14,227,0.0007781007486220418
GSE174189,Homo sapiens,15,218,0.0007472509392053089
GSE174189,Homo sapiens,16,229,0.0007849562618257602
GSE174189,Homo sapiens,17,193,0.0006615570241588285
GSE174189,Homo sapiens,18,171,0.0005861463789179257
GSE174189,Homo sapiens,19,151,0.0005175912468807415
GSE174189,Homo sapiens,20,148,0.0005073079770751639
GSE174189,Homo sapiens,21,152,0.0005210190034826007
GSE174189,Homo sapiens,22,129,0.0004421806016398388
GSE174189,Homo sapiens,23,140,0.00047988592426029015
GSE174189,Homo sapiens,24,122,0.00041818630542682426
GSE174189,Homo sapiens,25,110,0.0003770532262045137
GSE174189,Homo sapiens,26,109,0.00037362546960265444
GSE174189,Homo sapiens,27,116,0.00039761976581566895
GSE174189,Homo sapiens,28,102,0.0003496311733896399
GSE174189,Homo sapiens,29,89,0.00030507033756547016
GSE174189,Homo sapiens,30,94,0.0003222091205747662
GSE174189,Homo sapiens,31,87,0.0002982148243617517
GSE174189,Homo sapiens,32,90,0.00030849809416732936
GSE174189,Homo sapiens,33,100,0.0003427756601859215
GSE174189,Homo sapiens,34,89,0.00030507033756547016
GSE174189,Homo sapiens,35,84,0.0002879315545561741
GSE174189,Homo sapiens,36,82,0.00028107604135245564
GSE174189,Homo sapiens,37,72,0.0002467984753338635
GSE174189,Homo sapiens,38,85,0.0002913593111580333
GSE174189,Homo sapiens,39,64,0.00021937642251898976
GSE174189,Homo sapiens,40,69,0.00023651520552828585
GSE174189,Homo sapiens,41,63,0.00021594866591713056
GSE174189,Homo sapiens,42,85,0.0002913593111580333
GSE174189,Homo sapiens,43,53,0.0001816710998985384
GSE174189,Homo sapiens,44,52,0.0001782433432966792
GSE174189,Homo sapiens,45,60,0.0002056653961115529
GSE174189,Homo sapiens,46,55,0.00018852661310225685
GSE174189,Homo sapiens,47,51,0.00017481558669481996
GSE174189,Homo sapiens,48,51,0.00017481558669481996
GSE174189,Homo sapiens,49,60,0.0002056653961115529
GSE174189,Homo sapiens,50,50,0.00017138783009296076
GSE174189,Homo sapiens,51,34,0.00011654372446321332
GSE174189,Homo sapiens,52,44,0.00015082129048180548
GSE174189,Homo sapiens,53,53,0.0001816710998985384
GSE174189,Homo sapiens,54,60,0.0002056653961115529
GSE174189,Homo sapiens,55,34,0.00011654372446321332
GSE174189,Homo sapiens,56,34,0.00011654372446321332
GSE174189,Homo sapiens,57,39,0.0001336825074725094
GSE174189,Homo sapiens,58,38,0.00013025475087065017
GSE174189,Homo sapiens,59,34,0.00011654372446321332
GSE174189,Homo sapiens,60,40,0.0001371102640743686
GSE174189,Homo sapiens,61,34,0.00011654372446321332
GSE174189,Homo sapiens,62,32,0.00010968821125949488
GSE174189,Homo sapiens,63,34,0.00011654372446321332
GSE174189,Homo sapiens,64,34,0.00011654372446321332
GSE174189,Homo sapiens,65,29,9.940494145391724e-05
GSE174189,Homo sapiens,66,27,9.254942825019881e-05
GSE174189,Homo sapiens,67,34,0.00011654372446321332
GSE174189,Homo sapiens,68,37,0.00012682699426879096
GSE174189,Homo sapiens,69,28,9.597718485205802e-05
GSE174189,Homo sapiens,70,18,6.169961883346587e-05
GSE174189,Homo sapiens,71,24,8.226615844462117e-05
GSE174189,Homo sapiens,72,30,0.00010283269805577645
GSE174189,Homo sapiens,73,22,7.541064524090274e-05
GSE174189,Homo sapiens,74,24,8.226615844462117e-05
GSE174189,Homo sapiens,75,21,7.198288863904352e-05
GSE174189,Homo sapiens,76,31,0.00010626045465763567
GSE174189,Homo sapiens,77,32,0.00010968821125949488
GSE174189,Homo sapiens,78,27,9.254942825019881e-05
GSE174189,Homo sapiens,79,21,7.198288863904352e-05
GSE174189,Homo sapiens,80,25,8.569391504648038e-05
GSE174189,Homo sapiens,81,30,0.00010283269805577645
GSE174189,Homo sapiens,82,10,3.427756601859215e-05
GSE174189,Homo sapiens,83,27,9.254942825019881e-05
GSE174189,Homo sapiens,84,30,0.00010283269805577645
GSE174189,Homo sapiens,85,24,8.226615844462117e-05
GSE174189,Homo sapiens,86,23,7.883840184276195e-05
GSE174189,Homo sapiens,87,17,5.827186223160666e-05
GSE174189,Homo sapiens,88,16,5.484410562974744e-05
GSE174189,Homo sapiens,89,20,6.85551320371843e-05
GSE174189,Homo sapiens,90,25,8.569391504648038e-05
GSE174189,Homo sapiens,91,17,5.827186223160666e-05
GSE174189,Homo sapiens,92,15,5.1416349027888226e-05
GSE174189,Homo sapiens,93,11,3.770532262045137e-05
GSE174189,Homo sapiens,94,17,5.827186223160666e-05
GSE174189,Homo sapiens,95,19,6.512737543532508e-05
GSE174189,Homo sapiens,96,18,6.169961883346587e-05
GSE174189,Homo sapiens,97,18,6.169961883346587e-05
GSE174189,Homo sapiens,98,9,3.0849809416732934e-05
GSE174189,Homo sapiens,99,8,2.742205281487372e-05
GSE174189,Homo sapiens,100,679,0.0023274467326624072
GSE210261,Homo sapiens,1,2830697,0.6186838480003619
GSE210261,Homo sapiens,2,839008,0.18337557779694813
GSE210261,Homo sapiens,3,314202,0.06867273410379483
GSE210261,Homo sapiens,4,155473,0.033980547511853185
GSE210261,Homo sapiens,5,93462,0.020427276321630265
GSE210261,Homo sapiens,6,63094,0.013789974238053325
GSE210261,Homo sapiens,7,45782,0.010006222470703353
GSE210261,Homo sapiens,8,34707,0.007585644211495812
GSE210261,Homo sapiens,9,27090,0.0059208546313257145
GSE210261,Homo sapiens,10,21679,0.0047382136416578135
GSE210261,Homo sapiens,11,17954,0.003924068809554148
GSE210261,Homo sapiens,12,14838,0.0032430284614105185
GSE210261,Homo sapiens,13,12353,0.0026999009693896843
GSE210261,Homo sapiens,14,10488,0.0022922821474102655
GSE210261,Homo sapiens,15,8806,0.0019246602393301676
GSE210261,Homo sapiens,16,7871,0.0017203044224128718
GSE210261,Homo sapiens,17,6853,0.001497807928699709
GSE210261,Homo sapiens,18,5945,0.0012993532958003459
GSE210261,Homo sapiens,19,5369,0.0011734613700844503
GSE210261,Homo sapiens,20,4702,0.0010276802686044115
GSE210261,Homo sapiens,21,4022,0.0008790578563009237
GSE210261,Homo sapiens,22,3614,0.000789884408918831
GSE210261,Homo sapiens,23,3301,0.0007214743867850196
GSE210261,Homo sapiens,24,2911,0.0006362350620815486
GSE210261,Homo sapiens,25,2648,0.0005787531584994644
GSE210261,Homo sapiens,26,2476,0.0005411604306815234
GSE210261,Homo sapiens,27,2286,0.0004996335801849606
GSE210261,Homo sapiens,28,1978,0.00043231636990632196
GSE210261,Homo sapiens,29,1910,0.0004174541286759732
GSE210261,Homo sapiens,30,1722,0.0003763644029214795
GSE210261,Homo sapiens,31,1501,0.00032806211892284597
GSE210261,Homo sapiens,32,1406,0.0003072986936745646
GSE210261,Homo sapiens,33,1310,0.0002863167060552486
GSE210261,Homo sapiens,34,1214,0.0002653347184359327
GSE210261,Homo sapiens,35,1123,0.00024544554267178946
GSE210261,Homo sapiens,36,1055,0.00023058330144144068
GSE210261,Homo sapiens,37,989,0.00021615818495316098
GSE210261,Homo sapiens,38,910,0.00019889175764143226
GSE210261,Homo sapiens,39,801,0.0001750684591986673
GSE210261,Homo sapiens,40,752,0.0001643589030179748
GSE210261,Homo sapiens,41,741,0.00016195471693659485
GSE210261,Homo sapiens,42,657,0.0001435954777696934
GSE210261,Homo sapiens,43,661,0.00014446972725383155
GSE210261,Homo sapiens,44,606,0.0001324487968469318
GSE210261,Homo sapiens,45,566,0.00012370630200555016
GSE210261,Homo sapiens,46,525,0.00011474524479313399
GSE210261,Homo sapiens,47,507,0.00011081112211451226
GSE210261,Homo sapiens,48,453,9.900875407864704e-05
GSE210261,Homo sapiens,49,451,9.857162933657797e-05
GSE210261,Homo sapiens,50,410,8.961057212416178e-05
GSE210261,Homo sapiens,51,406,8.873632264002362e-05
GSE210261,Homo sapiens,52,415,9.07033839793345e-05
GSE210261,Homo sapiens,53,372,8.130520202484922e-05
GSE210261,Homo sapiens,54,352,7.69339546041584e-05
GSE210261,Homo sapiens,55,327,7.146989532829489e-05
GSE210261,Homo sapiens,56,334,7.299983192553668e-05
GSE210261,Homo sapiens,57,280,6.119746388967146e-05
GSE210261,Homo sapiens,58,302,6.600583605243136e-05
GSE210261,Homo sapiens,59,246,5.376634327449707e-05
GSE210261,Homo sapiens,60,254,5.55148422427734e-05
GSE210261,Homo sapiens,61,262,5.726334121104973e-05
GSE210261,Homo sapiens,62,247,5.3984905645531614e-05
GSE210261,Homo sapiens,63,220,4.8083721627599005e-05
GSE210261,Homo sapiens,64,195,4.2619662351735484e-05
GSE210261,Homo sapiens,65,223,4.873940874070263e-05
GSE210261,Homo sapiens,66,225,4.917653348277171e-05
GSE210261,Homo sapiens,67,206,4.5023848433115436e-05
GSE210261,Homo sapiens,68,197,4.3056787093804564e-05
GSE210261,Homo sapiens,69,197,4.3056787093804564e-05
GSE210261,Homo sapiens,70,186,4.065260101242461e-05
GSE210261,Homo sapiens,71,187,4.0871163383459155e-05
GSE210261,Homo sapiens,72,172,3.759272781794104e-05
GSE210261,Homo sapiens,73,162,3.5407104107595634e-05
GSE210261,Homo sapiens,74,129,2.819454586345578e-05
GSE210261,Homo sapiens,75,177,3.868553967311375e-05
GSE210261,Homo sapiens,76,150,3.2784355655181144e-05
GSE210261,Homo sapiens,77,135,2.9505920089663028e-05
GSE210261,Homo sapiens,78,122,2.6664609266213995e-05
GSE210261,Homo sapiens,79,140,3.059873194483573e-05
GSE210261,Homo sapiens,80,147,3.212866854207752e-05
GSE210261,Homo sapiens,81,125,2.732029637931762e-05
GSE210261,Homo sapiens,82,119,2.600892215311037e-05
GSE210261,Homo sapiens,83,112,2.4478985555868587e-05
GSE210261,Homo sapiens,84,127,2.77574211213867e-05
GSE210261,Homo sapiens,85,87,1.901492628000506e-05
GSE210261,Homo sapiens,86,100,2.1856237103454094e-05
GSE210261,Homo sapiens,87,107,2.3386173700695882e-05
GSE210261,Homo sapiens,88,86,1.879636390897052e-05
GSE210261,Homo sapiens,89,87,1.901492628000506e-05
GSE210261,Homo sapiens,90,113,2.4697547926903127e-05
GSE210261,Homo sapiens,91,87,1.901492628000506e-05
GSE210261,Homo sapiens,92,73,1.595505308552149e-05
GSE210261,Homo sapiens,93,79,1.7266427311728733e-05
GSE210261,Homo sapiens,94,74,1.617361545655603e-05
GSE210261,Homo sapiens,95,82,1.7922114424832357e-05
GSE210261,Homo sapiens,96,66,1.4425116488279702e-05
GSE210261,Homo sapiens,97,55,1.2020930406899751e-05
GSE210261,Homo sapiens,98,76,1.6610740198625112e-05
GSE210261,Homo sapiens,99,55,1.2020930406899751e-05
GSE210261,Homo sapiens,100,2797,0.000611318951783611
GSE278497,Homo sapiens,1,11808612,0.7807247153804914
GSE278497,Homo sapiens,2,1842222,0.121798247466991
GSE278497,Homo sapiens,3,634102,0.04192356421501531
GSE278497,Homo sapiens,4,310277,0.02051392005378047
GSE278497,Homo sapiens,5,173799,0.011490696350122606
GSE278497,Homo sapiens,6,103215,0.006824045154332907
GSE278497,Homo sapiens,7,64398,0.004257664679055665
GSE278497,Homo sapiens,8,41476,0.0027421798849112207
GSE278497,Homo sapiens,9,28290,0.0018703893563539983
GSE278497,Homo sapiens,10,20300,0.0013421316342872452
GSE278497,Homo sapiens,11,15322,0.0010130118670221267
GSE278497,Homo sapiens,12,11965,0.000791064285923492
GSE278497,Homo sapiens,13,9506,0.0006284878480558892
GSE278497,Homo sapiens,14,7729,0.0005110017439116314
GSE278497,Homo sapiens,15,6357,0.0004202921575942866
GSE278497,Homo sapiens,16,5262,0.0003478963871733736
GSE278497,Homo sapiens,17,4395,0.0002905748045661302
GSE278497,Homo sapiens,18,3748,0.00024779849090190124
GSE278497,Homo sapiens,19,3266,0.00021593112894493314
GSE278497,Homo sapiens,20,2913,0.0001925925837772781
GSE278497,Homo sapiens,21,2626,0.00017361761929252738
GSE278497,Homo sapiens,22,2258,0.00014928735124239407
GSE278497,Homo sapiens,23,2062,0.0001363288389113448
GSE278497,Homo sapiens,24,1791,0.00011841171216790424
GSE278497,Homo sapiens,25,1692,0.00011186634114354773
GSE278497,Homo sapiens,26,1483,9.804833564768397e-05
GSE278497,Homo sapiens,27,1431,9.4610362988426e-05
GSE278497,Homo sapiens,28,1238,8.185019523387239e-05
GSE278497,Homo sapiens,29,1206,7.97345197512521e-05
GSE278497,Homo sapiens,30,1135,7.504036477418834e-05
GSE278497,Homo sapiens,31,1062,7.02139800794608e-05
GSE278497,Homo sapiens,32,943,6.23463118784666e-05
GSE278497,Homo sapiens,33,884,5.844553520738545e-05
GSE278497,Homo sapiens,34,812,5.36852653714898e-05
GSE278497,Homo sapiens,35,700,4.6280401182318795e-05
GSE278497,Homo sapiens,36,663,4.383415140553909e-05
GSE278497,Homo sapiens,37,581,3.84127329813246e-05
GSE278497,Homo sapiens,38,562,3.7156550663518806e-05
GSE278497,Homo sapiens,39,488,3.226405110995939e-05
GSE278497,Homo sapiens,40,470,3.107398365098548e-05
GSE278497,Homo sapiens,41,381,2.51897612149478e-05
GSE278497,Homo sapiens,42,321,2.1222869685034764e-05
GSE278497,Homo sapiens,43,315,2.082618053204346e-05
GSE278497,Homo sapiens,44,272,1.7983241602272446e-05
GSE278497,Homo sapiens,45,236,1.5603106684324623e-05
GSE278497,Homo sapiens,46,200,1.3222971766376799e-05
GSE278497,Homo sapiens,47,177,1.1702330013243467e-05
GSE278497,Homo sapiens,48,147,9.718884248286947e-06
GSE278497,Homo sapiens,49,148,9.784999107118832e-06
GSE278497,Homo sapiens,50,125,8.2643573539855e-06
GSE278497,Homo sapiens,51,107,7.074289895011588e-06
GSE278497,Homo sapiens,52,107,7.074289895011588e-06
GSE278497,Homo sapiens,53,78,5.156958988886952e-06
GSE278497,Homo sapiens,54,99,6.545371024356515e-06
GSE278497,Homo sapiens,55,62,4.099121247576807e-06
GSE278497,Homo sapiens,56,57,3.7685469534173877e-06
GSE278497,Homo sapiens,57,66,4.363580682904344e-06
GSE278497,Homo sapiens,58,50,3.3057429415941997e-06
GSE278497,Homo sapiens,59,44,2.909053788602896e-06
GSE278497,Homo sapiens,60,44,2.909053788602896e-06
GSE278497,Homo sapiens,61,44,2.909053788602896e-06
GSE278497,Homo sapiens,62,57,3.7685469534173877e-06
GSE278497,Homo sapiens,63,47,3.107398365098548e-06
GSE278497,Homo sapiens,64,35,2.31402005911594e-06
GSE278497,Homo sapiens,65,35,2.31402005911594e-06
GSE278497,Homo sapiens,66,25,1.6528714707970999e-06
GSE278497,Homo sapiens,67,23,1.520641753133332e-06
GSE278497,Homo sapiens,68,30,1.98344576495652e-06
GSE278497,Homo sapiens,69,31,2.0495606237884037e-06
GSE278497,Homo sapiens,70,30,1.98344576495652e-06
GSE278497,Homo sapiens,71,31,2.0495606237884037e-06
GSE278497,Homo sapiens,72,19,1.2561823178057958e-06
GSE278497,Homo sapiens,73,24,1.586756611965216e-06
GSE278497,Homo sapiens,74,19,1.2561823178057958e-06
GSE278497,Homo sapiens,75,21,1.388412035469564e-06
GSE278497,Homo sapiens,76,23,1.520641753133332e-06
GSE278497,Homo sapiens,77,14,9.25608023646376e-07
GSE278497,Homo sapiens,78,22,1.454526894301448e-06
GSE278497,Homo sapiens,79,19,1.2561823178057958e-06
GSE278497,Homo sapiens,80,19,1.2561823178057958e-06
GSE278497,Homo sapiens,81,12,7.93378305982608e-07
GSE278497,Homo sapiens,82,15,9.9172288247826e-07
GSE278497,Homo sapiens,83,8,5.28918870655072e-07
GSE278497,Homo sapiens,84,12,7.93378305982608e-07
GSE278497,Homo sapiens,85,16,1.057837741310144e-06
GSE278497,Homo sapiens,86,13,8.594931648144919e-07
GSE278497,Homo sapiens,87,7,4.62804011823188e-07
GSE278497,Homo sapiens,88,11,7.27263447150724e-07
GSE278497,Homo sapiens,89,13,8.594931648144919e-07
GSE278497,Homo sapiens,90,12,7.93378305982608e-07
GSE278497,Homo sapiens,91,13,8.594931648144919e-07
GSE278497,Homo sapiens,92,7,4.62804011823188e-07
GSE278497,Homo sapiens,93,10,6.6114858831884e-07
GSE278497,Homo sapiens,94,5,3.3057429415942e-07
GSE278497,Homo sapiens,95,8,5.28918870655072e-07
GSE278497,Homo sapiens,96,8,5.28918870655072e-07
GSE278497,Homo sapiens,97,7,4.62804011823188e-07
GSE278497,Homo sapiens,98,6,3.96689152991304e-07
GSE278497,Homo sapiens,99,6,3.96689152991304e-07
GSE278497,Homo sapiens,100,159,1.0512262554269555e-05
GSE306871,Mus musculus,1,13230906,0.722240515060331
GSE306871,Mus musculus,2,2500663,0.13650464549535102
GSE306871,Mus musculus,3,893325,0.04876427268973646
GSE306871,Mus musculus,4,446357,0.024365459899781935
GSE306871,Mus musculus,5,267974,0.014627999003452762
GSE306871,Mus musculus,6,181687,0.009917817605216633
GSE306871,Mus musculus,7,131818,0.007195599470982767
GSE306871,Mus musculus,8,101042,0.005515618214106122
GSE306871,Mus musculus,9,80304,0.004383585093976544
GSE306871,Mus musculus,10,64947,0.003545286674368582
GSE306871,Mus musculus,11,53726,0.002932761665159691
GSE306871,Mus musculus,12,44548,0.002431758676609722
GSE306871,Mus musculus,13,37182,0.0020296680235634074
GSE306871,Mus musculus,14,31658,0.001728127327469484
GSE306871,Mus musculus,15,26778,0.0014617409051417602
GSE306871,Mus musculus,16,22687,0.0012384239269157932
GSE306871,Mus musculus,17,19340,0.0010557199606184794
GSE306871,Mus musculus,18,16811,0.000917668472490034
GSE306871,Mus musculus,19,14320,0.0007816913048633208
GSE306871,Mus musculus,20,12470,0.0006807046488579337
GSE306871,Mus musculus,21,10617,0.000579554230707673
GSE306871,Mus musculus,22,9431,0.0005148135961009761
GSE306871,Mus musculus,23,8378,0.0004573330832503423
GSE306871,Mus musculus,24,7274,0.00039706861393685723
GSE306871,Mus musculus,25,6412,0.0003500142909765093
GSE306871,Mus musculus,26,5639,0.00030781824498074485
GSE306871,Mus musculus,27,5100,0.00027839564628512125
GSE306871,Mus musculus,28,4741,0.00025879877628191367
GSE306871,Mus musculus,29,4279,0.0002335794059713792
GSE306871,Mus musculus,30,3884,0.0002120173902296884
GSE306871,Mus musculus,31,3524,0.00019236593284485632
GSE306871,Mus musculus,32,3347,0.00018270396629731388
GSE306871,Mus musculus,33,3182,0.00017369704832926586
GSE306871,Mus musculus,34,2907,0.0001586855183825191
GSE306871,Mus musculus,35,2749,0.0001500607120858428
GSE306871,Mus musculus,36,2462,0.00013439413355960167
GSE306871,Mus musculus,37,2365,0.00012909915754202191
GSE306871,Mus musculus,38,2187,0.00011938260361285493
GSE306871,Mus musculus,39,2062,0.00011255918090978824
GSE306871,Mus musculus,40,1914,0.00010448024842935727
GSE306871,Mus musculus,41,1954,0.00010666374369433861
GSE306871,Mus musculus,42,1738,9.487286926343936e-05
GSE306871,Mus musculus,43,1645,8.979624277235774e-05
GSE306871,Mus musculus,44,1605,8.761274750737639e-05
GSE306871,Mus musculus,45,1504,8.20994219632985e-05
GSE306871,Mus musculus,46,1431,7.811454310470755e-05
GSE306871,Mus musculus,47,1431,7.811454310470755e-05
GSE306871,Mus musculus,48,1287,7.025396015077472e-05
GSE306871,Mus musculus,49,1092,5.960942073399067e-05
GSE306871,Mus musculus,50,1183,6.457687246182322e-05
GSE306871,Mus musculus,51,1081,5.9008959536120795e-05
GSE306871,Mus musculus,52,1061,5.791721190363013e-05
GSE306871,Mus musculus,53,988,5.393233304503918e-05
GSE306871,Mus musculus,54,969,5.2895172794173034e-05
GSE306871,Mus musculus,55,870,4.7491022013344215e-05
GSE306871,Mus musculus,56,792,4.323320624663059e-05
GSE306871,Mus musculus,57,815,4.448871602399487e-05
GSE306871,Mus musculus,58,775,4.230522075901352e-05
GSE306871,Mus musculus,59,729,3.9794201204284976e-05
GSE306871,Mus musculus,60,683,3.7283181649556435e-05
GSE306871,Mus musculus,61,649,3.542721067432229e-05
GSE306871,Mus musculus,62,642,3.504509900295056e-05
GSE306871,Mus musculus,63,589,3.215196777685028e-05
GSE306871,Mus musculus,64,607,3.313454064609188e-05
GSE306871,Mus musculus,65,542,2.95863608404972e-05
GSE306871,Mus musculus,66,507,2.7675802483638526e-05
GSE306871,Mus musculus,67,499,2.7239103430642257e-05
GSE306871,Mus musculus,68,464,2.532854507378358e-05
GSE306871,Mus musculus,69,426,2.3254224572051305e-05
GSE306871,Mus musculus,70,419,2.287211290067957e-05
GSE306871,Mus musculus,71,377,2.057944287244916e-05
GSE306871,Mus musculus,72,381,2.0797792398947294e-05
GSE306871,Mus musculus,73,350,1.9105583568586752e-05
GSE306871,Mus musculus,74,323,1.7631724264724347e-05
GSE306871,Mus musculus,75,319,1.7413374738226212e-05
GSE306871,Mus musculus,76,334,1.8232185462594214e-05
GSE306871,Mus musculus,77,315,1.7195025211728078e-05
GSE306871,Mus musculus,78,300,1.6376214487360073e-05
GSE306871,Mus musculus,79,253,1.3810607551006996e-05
GSE306871,Mus musculus,80,241,1.3155558971512592e-05
GSE306871,Mus musculus,81,284,1.5502816381367535e-05
GSE306871,Mus musculus,82,261,1.4247306604003263e-05
GSE306871,Mus musculus,83,230,1.2555097773642722e-05
GSE306871,Mus musculus,84,243,1.326473373476166e-05
GSE306871,Mus musculus,85,199,1.0862888943282181e-05
GSE306871,Mus musculus,86,216,1.1790874430899253e-05
GSE306871,Mus musculus,87,220,1.2009223957397388e-05
GSE306871,Mus musculus,88,216,1.1790874430899253e-05
GSE306871,Mus musculus,89,187,1.020784036378778e-05
GSE306871,Mus musculus,90,177,9.661966547542443e-06
GSE306871,Mus musculus,91,170,9.279854876170708e-06
GSE306871,Mus musculus,92,196,1.069912679840858e-05
GSE306871,Mus musculus,93,185,1.0098665600538712e-05
GSE306871,Mus musculus,94,144,7.860582953932835e-06
GSE306871,Mus musculus,95,148,8.07893248043097e-06
GSE306871,Mus musculus,96,157,8.570218915051772e-06
GSE306871,Mus musculus,97,149,8.133519862055503e-06
GSE306871,Mus musculus,98,120,6.550485794944029e-06
GSE306871,Mus musculus,99,136,7.423883900936567e-06
GSE306871,Mus musculus,100,12447,0.0006794491390805695
GSE123662,Danio rerio,1,4635276,0.6168865943818885
GSE123662,Danio rerio,2,963001,0.12816117255506532
GSE123662,Danio rerio,3,474705,0.06317620585830366
GSE123662,Danio rerio,4,310368,0.04130538473331857
GSE123662,Danio rerio,5,230720,0.030705415396146706
GSE123662,Danio rerio,6,183256,0.02438865986406146
GSE123662,Danio rerio,7,147811,0.019671455249305827
GSE123662,Danio rerio,8,117037,0.015575891564315282
GSE123662,Danio rerio,9,91897,0.0122301298485597
GSE123662,Danio rerio,10,71120,0.009465018823569494
GSE123662,Danio rerio,11,54476,0.007249948895286442
GSE123662,Danio rerio,12,41922,0.00557919740047357
GSE123662,Danio rerio,13,32317,0.004300914135563771
GSE123662,Danio rerio,14,25238,0.0033588040645282182
GSE123662,Danio rerio,15,19360,0.0025765293085532257
GSE123662,Danio rerio,16,15113,0.0020113165000085176
GSE123662,Danio rerio,17,11732,0.0015613554673526056
GSE123662,Danio rerio,18,9210,0.0012257146142445872
GSE123662,Danio rerio,19,7281,0.0009689932797301671
GSE123662,Danio rerio,20,5996,0.0007979788085787779
GSE123662,Danio rerio,21,4857,0.0006463947753947839
GSE123662,Danio rerio,22,3952,0.0005259526770352452
GSE123662,Danio rerio,23,3476,0.0004626041258538746
GSE123662,Danio rerio,24,2901,0.00038608014070831134
GSE123662,Danio rerio,25,2464,0.00032792191199768327
GSE123662,Danio rerio,26,2221,0.00029558221044921043
GSE123662,Danio rerio,27,1953,0.00025991537911180005
GSE123662,Danio rerio,28,1828,0.0002432797301671124
GSE123662,Danio rerio,29,1595,0.0002122708805342146
GSE123662,Danio rerio,30,1484,0.00019749842427133196
GSE123662,Danio rerio,31,1268,0.00016875202289491167
GSE123662,Danio rerio,32,1186,0.00015783903718719658
GSE123662,Danio rerio,33,1102,0.00014665988109636646
GSE123662,Danio rerio,34,1004,0.00013361753232373134
GSE123662,Danio rerio,35,932,0.00012403539853159123
GSE123662,Danio rerio,36,904,0.0001203090131679812
GSE123662,Danio rerio,37,826,0.0001099283682264961
GSE123662,Danio rerio,38,741,9.861612694410848e-05
GSE123662,Danio rerio,39,714,9.502282677205594e-05
GSE123662,Danio rerio,40,699,9.302654889869342e-05
GSE123662,Danio rerio,41,611,8.131505204163331e-05
GSE123662,Danio rerio,42,660,8.783622642795087e-05
GSE123662,Danio rerio,43,581,7.732249629490826e-05
GSE123662,Danio rerio,44,574,7.639089995400576e-05
GSE123662,Danio rerio,45,549,7.306377016506822e-05
GSE123662,Danio rerio,46,484,6.441323271383064e-05
GSE123662,Danio rerio,47,466,6.201769926579562e-05
GSE123662,Danio rerio,48,484,6.441323271383064e-05
GSE123662,Danio rerio,49,408,5.429875815546054e-05
GSE123662,Danio rerio,50,416,5.536343968792055e-05
GSE123662,Danio rerio,51,414,5.5097269304805545e-05
GSE123662,Danio rerio,52,395,5.256865066521302e-05
GSE123662,Danio rerio,53,387,5.150396913275301e-05
GSE123662,Danio rerio,54,359,4.777758376914298e-05
GSE123662,Danio rerio,55,360,4.7910668960700474e-05
GSE123662,Danio rerio,56,335,4.4583539171762945e-05
GSE123662,Danio rerio,57,301,4.00586426588079e-05
GSE123662,Danio rerio,58,327,4.351885763930293e-05
GSE123662,Danio rerio,59,277,3.686459806142787e-05
GSE123662,Danio rerio,60,291,3.8727790743232886e-05
GSE123662,Danio rerio,61,234,3.114193482445531e-05
GSE123662,Danio rerio,62,274,3.6465342486755363e-05
GSE123662,Danio rerio,63,284,3.7796194402330376e-05
GSE123662,Danio rerio,64,228,3.0343423675110302e-05
GSE123662,Danio rerio,65,245,3.260587193158782e-05
GSE123662,Danio rerio,66,228,3.0343423675110302e-05
GSE123662,Danio rerio,67,221,2.9411827334207792e-05
GSE123662,Danio rerio,68,237,3.1541190399127815e-05
GSE123662,Danio rerio,69,214,2.8480230993305282e-05
GSE123662,Danio rerio,70,203,2.701629388617277e-05
GSE123662,Danio rerio,71,223,2.9677997717322795e-05
GSE123662,Danio rerio,72,210,2.7947890227075276e-05
GSE123662,Danio rerio,73,172,2.2890652947890227e-05
GSE123662,Danio rerio,74,175,2.328990852256273e-05
GSE123662,Danio rerio,75,201,2.6750123503057766e-05
GSE123662,Danio rerio,76,175,2.328990852256273e-05
GSE123662,Danio rerio,77,172,2.2890652947890227e-05
GSE123662,Danio rerio,78,150,1.9962778733625198e-05
GSE123662,Danio rerio,79,131,1.7434160094032672e-05
GSE123662,Danio rerio,80,163,2.1692886223872714e-05
GSE123662,Danio rerio,81,139,1.8498841626492685e-05
GSE123662,Danio rerio,82,144,1.916426758428019e-05
GSE123662,Danio rerio,83,166,2.209214179854522e-05
GSE123662,Danio rerio,84,186,2.4753845629695247e-05
GSE123662,Danio rerio,85,104,1.3840859921980138e-05
GSE123662,Danio rerio,86,144,1.916426758428019e-05
GSE123662,Danio rerio,87,119,1.5837137795342656e-05
GSE123662,Danio rerio,88,118,1.5704052603785156e-05
GSE123662,Danio rerio,89,132,1.7567245285590175e-05
GSE123662,Danio rerio,90,127,1.690181932780267e-05
GSE123662,Danio rerio,91,120,1.597022298690016e-05
GSE123662,Danio rerio,92,105,1.3973945113537638e-05
GSE123662,Danio rerio,93,111,1.4772456262882646e-05
GSE123662,Danio rerio,94,122,1.6236393370015162e-05
GSE123662,Danio rerio,95,105,1.3973945113537638e-05
GSE123662,Danio rerio,96,100,1.3308519155750131e-05
GSE123662,Danio rerio,97,85,1.1312241282387612e-05
GSE123662,Danio rerio,98,108,1.4373200688210143e-05
GSE123662,Danio rerio,99,98,1.304234877263513e-05
GSE123662,Danio rerio,100,14889,0.001981505417099637
GSE241296,Danio rerio,1,22431356,0.754864382828994
GSE241296,Danio rerio,2,3533512,0.11891043747416984
GSE241296,Danio rerio,3,1203372,0.040496110092216105
GSE241296,Danio rerio,4,597140,0.02009507216427333
GSE241296,Danio rerio,5,356628,0.012001315262418308
GSE241296,Danio rerio,6,237859,0.008004477626556402
GSE241296,Danio rerio,7,171464,0.005770140090389125
GSE241296,Danio rerio,8,129634,0.00436246874257864
GSE241296,Danio rerio,9,102025,0.0034333652703888305
GSE241296,Danio rerio,10,82104,0.0027629798790492974
GSE241296,Danio rerio,11,67779,0.0022809121750716446
GSE241296,Danio rerio,12,57080,0.001920867332847777
GSE241296,Danio rerio,13,48806,0.0016424290652937738
GSE241296,Danio rerio,14,41458,0.0013951527309951496
GSE241296,Danio rerio,15,36318,0.0012221804448907772
GSE241296,Danio rerio,16,32050,0.001078552873471816
GSE241296,Danio rerio,17,28224,0.000949799572570001
GSE241296,Danio rerio,18,25162,0.0008467565492136609
GSE241296,Danio rerio,19,22893,0.00077039971707926
GSE241296,Danio rerio,20,21111,0.0007104315042703122
GSE241296,Danio rerio,21,19288,0.0006490835514360183
GSE241296,Danio rerio,22,18040,0.0006070856111523108
GSE241296,Danio rerio,23,16810,0.0005656934103919259
GSE241296,Danio rerio,24,15672,0.0005273972116396349
GSE241296,Danio rerio,25,14892,0.0005011484989623177
GSE241296,Danio rerio,26,13878,0.00046702517248180535
GSE241296,Danio rerio,27,13238,0.00044548776720810916
GSE241296,Danio rerio,28,12589,0.00042364749217275164
GSE241296,Danio rerio,29,12033,0.0004049368713412281
GSE241296,Danio rerio,30,11654,0.00039218268915571116
GSE241296,Danio rerio,31,11129,0.0003745152863921323
GSE241296,Danio rerio,32,10373,0.0003490742264125787
GSE241296,Danio rerio,33,10074,0.00033901221988627377
GSE241296,Danio rerio,34,9635,0.0003242389059563478
GSE241296,Danio rerio,35,9334,0.00031410959503856256
GSE241296,Danio rerio,36,9154,0.0003080521998053355
GSE241296,Danio rerio,37,8751,0.00029449036492205493
GSE241296,Danio rerio,38,8176,0.00027514035237146854
GSE241296,Danio rerio,39,7972,0.0002682753044404779
GSE241296,Danio rerio,40,7689,0.00025875173304601537
GSE241296,Danio rerio,41,7414,0.00024949737921747405
GSE241296,Danio rerio,42,7048,0.00023718067557657906
GSE241296,Danio rerio,43,6799,0.00022880127883728163
GSE241296,Danio rerio,44,6705,0.0002256379724377075
GSE241296,Danio rerio,45,6438,0.00021665283617508738
GSE241296,Danio rerio,46,6159,0.00020726387356358547
GSE241296,Danio rerio,47,6038,0.0002031919578790273
GSE241296,Danio rerio,48,5645,0.00018996664495314822
GSE241296,Danio rerio,49,5671,0.00019084160204239215
GSE241296,Danio rerio,50,5441,0.0001831015970221576
GSE241296,Danio rerio,51,5103,0.0001717271548619868
GSE241296,Danio rerio,52,4985,0.00016775619576464906
GSE241296,Danio rerio,53,4839,0.00016284297518658712
GSE241296,Danio rerio,54,4708,0.00015843453754462743
GSE241296,Danio rerio,55,4454,0.00014988687982662928
GSE241296,Danio rerio,56,4245,0.00014285357091693788
GSE241296,Danio rerio,57,4066,0.00013682982787945096
GSE241296,Danio rerio,58,3977,0.0001338347824585776
GSE241296,Danio rerio,59,3859,0.00012986382336123986
GSE241296,Danio rerio,60,3737,0.00012575825548094154
GSE241296,Danio rerio,61,3634,0.00012229207931970605
GSE241296,Danio rerio,62,3432,0.0001154943357801957
GSE241296,Danio rerio,63,3292,0.00011078302837657466
GSE241296,Danio rerio,64,3130,0.00010533137266667032
GSE241296,Danio rerio,65,3092,0.00010405258922854462
GSE241296,Danio rerio,66,2977,0.00010018258671842734
GSE241296,Danio rerio,67,2874,9.671641055719185e-05
GSE241296,Danio rerio,68,2737,9.210605974079127e-05
GSE241296,Danio rerio,69,2649,8.914466651565805e-05
GSE241296,Danio rerio,70,2592,8.722649135846948e-05
GSE241296,Danio rerio,71,2410,8.110179173376214e-05
GSE241296,Danio rerio,72,2377,7.999126927433718e-05
GSE241296,Danio rerio,73,2262,7.61212667642199e-05
GSE241296,Danio rerio,74,2230,7.504439650053509e-05
GSE241296,Danio rerio,75,2155,7.252048182002381e-05
GSE241296,Danio rerio,76,2097,7.056865446709511e-05
GSE241296,Danio rerio,77,1990,6.696786952289902e-05
GSE241296,Danio rerio,78,1983,6.673230415271797e-05
GSE241296,Danio rerio,79,1914,6.44103026466476e-05
GSE241296,Danio rerio,80,1799,6.054030013653032e-05
GSE241296,Danio rerio,81,1808,6.084316989819167e-05
GSE241296,Danio rerio,82,1756,5.909325571970386e-05
GSE241296,Danio rerio,83,1672,5.626647127753124e-05
GSE241296,Danio rerio,84,1536,5.16897726568708e-05
GSE241296,Danio rerio,85,1626,5.4718470273484326e-05
GSE241296,Danio rerio,86,1539,5.179072924409126e-05
GSE241296,Danio rerio,87,1425,4.7954378929714126e-05
GSE241296,Danio rerio,88,1320,4.442089837699835e-05
GSE241296,Danio rerio,89,1340,4.509394229180135e-05
GSE241296,Danio rerio,90,1345,4.52622032705021e-05
GSE241296,Danio rerio,91,1351,4.5464116444943007e-05
GSE241296,Danio rerio,92,1272,4.280559298147114e-05
GSE241296,Danio rerio,93,1232,4.1459505151865125e-05
GSE241296,Danio rerio,94,1187,3.9945156343558364e-05
GSE241296,Danio rerio,95,1151,3.8733677296912955e-05
GSE241296,Danio rerio,96,1165,3.920480803727506e-05
GSE241296,Danio rerio,97,1102,3.708471970564559e-05
GSE241296,Danio rerio,98,1086,3.654628457380319e-05
GSE241296,Danio rerio,99,1090,3.668089335676379e-05
GSE241296,Danio rerio,100,64427,0.002168110014950661
GSE297773,Rattus norvegicus,1,6285389,0.6825162430984342
GSE297773,Rattus norvegicus,2,1551983,0.16852634045603815
GSE297773,Rattus norvegicus,3,559905,0.06079882360376244
GSE297773,Rattus norvegicus,4,263987,0.028665754095224073
GSE297773,Rattus norvegicus,5,145698,0.015821017853780515
GSE297773,Rattus norvegicus,6,91064,0.009888434774922572
GSE297773,Rattus norvegicus,7,61268,0.0066529542057229656
GSE297773,Rattus norvegicus,8,43520,0.004725738836473582
GSE297773,Rattus norvegicus,9,32121,0.0034879470856242632
GSE297773,Rattus norvegicus,10,24464,0.0026564906915323926
GSE297773,Rattus norvegicus,11,19336,0.002099652714661149
GSE297773,Rattus norvegicus,12,15913,0.0017279568498346535
GSE297773,Rattus norvegicus,13,12921,0.0014030623048270946
GSE297773,Rattus norvegicus,14,10615,0.0011526589556334348
GSE297773,Rattus norvegicus,15,9029,0.0009804387857196685
GSE297773,Rattus norvegicus,16,7662,0.0008319993328368702
GSE297773,Rattus norvegicus,17,6750,0.0007329673057490046
GSE297773,Rattus norvegicus,18,5833,0.0006333923399161398
GSE297773,Rattus norvegicus,19,5108,0.0005546662218912468
GSE297773,Rattus norvegicus,20,4488,0.0004873418175113382
GSE297773,Rattus norvegicus,21,3938,0.0004276185555614193
GSE297773,Rattus norvegicus,22,3580,0.0003887441414194721
GSE297773,Rattus norvegicus,23,3198,0.0003472636213015284
GSE297773,Rattus norvegicus,24,2843,0.00030871497040658075
GSE297773,Rattus norvegicus,25,2573,0.0002793962781766206
GSE297773,Rattus norvegicus,26,2324,0.0002523579286756573
GSE297773,Rattus norvegicus,27,2129,0.00023118331762068606
GSE297773,Rattus norvegicus,28,1964,0.00021326633903571038
GSE297773,Rattus norvegicus,29,1794,0.00019480642170573544
GSE297773,Rattus norvegicus,30,1582,0.00017178581891776672
GSE297773,Rattus norvegicus,31,1433,0.0001556062443167887
GSE297773,Rattus norvegicus,32,1321,0.0001434444164288052
GSE297773,Rattus norvegicus,33,1270,0.00013790644122981273
GSE297773,Rattus norvegicus,34,1183,0.00012845930706682556
GSE297773,Rattus norvegicus,35,1098,0.00011922934840183808
GSE297773,Rattus norvegicus,36,992,0.00010771904700785372
GSE297773,Rattus norvegicus,37,955,0.00010370130029485917
GSE297773,Rattus norvegicus,38,792,8.600149720788322e-05
GSE297773,Rattus norvegicus,39,831,9.023641941887746e-05
GSE297773,Rattus norvegicus,40,806,8.752172569388114e-05
GSE297773,Rattus norvegicus,41,684,7.427402031589914e-05
GSE297773,Rattus norvegicus,42,679,7.373108157089987e-05
GSE297773,Rattus norvegicus,43,621,6.743299212890842e-05
GSE297773,Rattus norvegicus,44,618,6.710722888190888e-05
GSE297773,Rattus norvegicus,45,587,6.374100866291344e-05
GSE297773,Rattus norvegicus,46,518,5.6248453981923615e-05
GSE297773,Rattus norvegicus,47,516,5.603127848392391e-05
GSE297773,Rattus norvegicus,48,488,5.2990821511928036e-05
GSE297773,Rattus norvegicus,49,462,5.016754003793187e-05
GSE297773,Rattus norvegicus,50,413,4.4846740336939096e-05
GSE297773,Rattus norvegicus,51,395,4.2892160854941755e-05
GSE297773,Rattus norvegicus,52,381,4.137193236894382e-05
GSE297773,Rattus norvegicus,53,394,4.27835731059419e-05
GSE297773,Rattus norvegicus,54,325,3.529101842495207e-05
GSE297773,Rattus norvegicus,55,344,3.7354185655949275e-05
GSE297773,Rattus norvegicus,56,315,3.420514093495355e-05
GSE297773,Rattus norvegicus,57,298,3.2359149201956054e-05
GSE297773,Rattus norvegicus,58,284,3.083892071595812e-05
GSE297773,Rattus norvegicus,59,250,2.7146937249963133e-05
GSE297773,Rattus norvegicus,60,254,2.7581288245962545e-05
GSE297773,Rattus norvegicus,61,248,2.692976175196343e-05
GSE297773,Rattus norvegicus,62,244,2.6495410755964018e-05
GSE297773,Rattus norvegicus,63,218,2.3672129281967852e-05
GSE297773,Rattus norvegicus,64,220,2.3889304779967558e-05
GSE297773,Rattus norvegicus,65,201,2.182613754897036e-05
GSE297773,Rattus norvegicus,66,209,2.269483954096918e-05
GSE297773,Rattus norvegicus,67,185,2.008873356497272e-05
GSE297773,Rattus norvegicus,68,184,1.9980145815972868e-05
GSE297773,Rattus norvegicus,69,181,1.9654382568973308e-05
GSE297773,Rattus norvegicus,70,182,1.976297031797316e-05
GSE297773,Rattus norvegicus,71,179,1.9437207070973606e-05
GSE297773,Rattus norvegicus,72,157,1.7048276592976848e-05
GSE297773,Rattus norvegicus,73,139,1.5093697110979503e-05
GSE297773,Rattus norvegicus,74,157,1.7048276592976848e-05
GSE297773,Rattus norvegicus,75,119,1.2921942130982452e-05
GSE297773,Rattus norvegicus,76,138,1.498510936197965e-05
GSE297773,Rattus norvegicus,77,130,1.411640736998083e-05
GSE297773,Rattus norvegicus,78,109,1.1836064640983926e-05
GSE297773,Rattus norvegicus,79,117,1.2704766632982747e-05
GSE297773,Rattus norvegicus,80,116,1.2596178883982894e-05
GSE297773,Rattus norvegicus,81,111,1.2053240138983632e-05
GSE297773,Rattus norvegicus,82,98,1.0641599401985549e-05
GSE297773,Rattus norvegicus,83,100,1.0858774899985253e-05
GSE297773,Rattus norvegicus,84,100,1.0858774899985253e-05
GSE297773,Rattus norvegicus,85,101,1.0967362648985106e-05
GSE297773,Rattus norvegicus,86,91,9.88148515898658e-06
GSE297773,Rattus norvegicus,87,70,7.601142429989678e-06
GSE297773,Rattus norvegicus,88,77,8.361256672988646e-06
GSE297773,Rattus norvegicus,89,83,9.012783166987761e-06
GSE297773,Rattus norvegicus,90,75,8.14408117498894e-06
GSE297773,Rattus norvegicus,91,76,8.252668923988793e-06
GSE297773,Rattus norvegicus,92,66,7.166791433990267e-06
GSE297773,Rattus norvegicus,93,75,8.14408117498894e-06
GSE297773,Rattus norvegicus,94,77,8.361256672988646e-06
GSE297773,Rattus norvegicus,95,68,7.383966931989973e-06
GSE297773,Rattus norvegicus,96,59,6.4066771909913e-06
GSE297773,Rattus norvegicus,97,43,4.669273206993659e-06
GSE297773,Rattus norvegicus,98,54,5.863738445992037e-06
GSE297773,Rattus norvegicus,99,46,4.995036453993217e-06
GSE297773,Rattus norvegicus,100,1753,0.0001903543239967415
GSE126139,Drosophila melanogaster,1,3588340,0.5863927288961925
GSE126139,Drosophila melanogaster,2,1180742,0.19295231876086105
GSE126139,Drosophila melanogaster,3,474609,0.0775587783400383
GSE126139,Drosophila melanogaster,4,237376,0.038791073425166675
GSE126139,Drosophila melanogaster,5,141086,0.023055731772643678
GSE126139,Drosophila melanogaster,6,95060,0.015534339780754348
GSE126139,Drosophila melanogaster,7,70229,0.011476553213366264
GSE126139,Drosophila melanogaster,8,55621,0.009089370007840707
GSE126139,Drosophila melanogaster,9,44997,0.007353236767458483
GSE126139,Drosophila melanogaster,10,36974,0.006042148948596795
GSE126139,Drosophila melanogaster,11,30572,0.004995958718464359
GSE126139,Drosophila melanogaster,12,25566,0.004177897441981545
GSE126139,Drosophila melanogaster,13,21730,0.003551033067912813
GSE126139,Drosophila melanogaster,14,17940,0.0029316858370159165
GSE126139,Drosophila melanogaster,15,14743,0.0024092443865733363
GSE126139,Drosophila melanogaster,16,12374,0.0020221115132237986
GSE126139,Drosophila melanogaster,17,10366,0.0016939718721575802
GSE126139,Drosophila melanogaster,18,8776,0.0014341401842615207
GSE126139,Drosophila melanogaster,19,7001,0.001144076507522209
GSE126139,Drosophila melanogaster,20,6118,0.0009997800418541458
GSE126139,Drosophila melanogaster,21,5122,0.0008370175505683124
GSE126139,Drosophila melanogaster,22,4342,0.0007095529489589247
GSE126139,Drosophila melanogaster,23,3493,0.0005708126325917835
GSE126139,Drosophila melanogaster,24,3014,0.0004925362939111467
GSE126139,Drosophila melanogaster,25,2531,0.000413606290606872
GSE126139,Drosophila melanogaster,26,2159,0.0003528154806085487
GSE126139,Drosophila melanogaster,27,1759,0.00028744901824476015
GSE126139,Drosophila melanogaster,28,1498,0.0002447974015523881
GSE126139,Drosophila melanogaster,29,1270,0.00020753851800502863
GSE126139,Drosophila melanogaster,30,1076,0.0001758357837585912
GSE126139,Drosophila melanogaster,31,913,0.00014919895034534736
GSE126139,Drosophila melanogaster,32,824,0.0001346549124694044
GSE126139,Drosophila melanogaster,33,644,0.00010524000440569956
GSE126139,Drosophila melanogaster,34,536,8.759105956747665e-05
GSE126139,Drosophila melanogaster,35,457,7.468118325062842e-05
GSE126139,Drosophila melanogaster,36,423,6.91250339497064e-05
GSE126139,Drosophila melanogaster,37,359,5.866639997150022e-05
GSE126139,Drosophila melanogaster,38,316,5.163950526739295e-05
GSE126139,Drosophila melanogaster,39,274,4.4776026719195154e-05
GSE126139,Drosophila melanogaster,40,249,4.069062282145837e-05
GSE126139,Drosophila melanogaster,41,237,3.8729628950544716e-05
GSE126139,Drosophila melanogaster,42,185,3.0231988843252204e-05
GSE126139,Drosophila melanogaster,43,196,3.2029566558256386e-05
GSE126139,Drosophila melanogaster,44,170,2.7780746504610133e-05
GSE126139,Drosophila melanogaster,45,166,2.7127081880972247e-05
GSE126139,Drosophila melanogaster,46,147,2.402217491869229e-05
GSE126139,Drosophila melanogaster,47,158,2.5819752633696476e-05
GSE126139,Drosophila melanogaster,48,127,2.0753851800502863e-05
GSE126139,Drosophila melanogaster,49,152,2.4839255698239648e-05
GSE126139,Drosophila melanogaster,50,140,2.287826182732599e-05
GSE126139,Drosophila melanogaster,51,147,2.402217491869229e-05
GSE126139,Drosophila melanogaster,52,110,1.797577715004185e-05
GSE126139,Drosophila melanogaster,53,98,1.6014783279128193e-05
GSE126139,Drosophila melanogaster,54,110,1.797577715004185e-05
GSE126139,Drosophila melanogaster,55,83,1.3563540940486124e-05
GSE126139,Drosophila melanogaster,56,110,1.797577715004185e-05
GSE126139,Drosophila melanogaster,57,101,1.6505031746856607e-05
GSE126139,Drosophila melanogaster,58,97,1.585136712321872e-05
GSE126139,Drosophila melanogaster,59,96,1.568795096730925e-05
GSE126139,Drosophila melanogaster,60,88,1.438062172003348e-05
GSE126139,Drosophila melanogaster,61,98,1.6014783279128193e-05
GSE126139,Drosophila melanogaster,62,81,1.3236708628667181e-05
GSE126139,Drosophila melanogaster,63,86,1.4053789408214538e-05
GSE126139,Drosophila melanogaster,64,95,1.552453481139978e-05
GSE126139,Drosophila melanogaster,65,81,1.3236708628667181e-05
GSE126139,Drosophila melanogaster,66,69,1.1275714757753524e-05
GSE126139,Drosophila melanogaster,67,81,1.3236708628667181e-05
GSE126139,Drosophila melanogaster,68,69,1.1275714757753524e-05
GSE126139,Drosophila melanogaster,69,69,1.1275714757753524e-05
GSE126139,Drosophila melanogaster,70,77,1.2583044005029295e-05
GSE126139,Drosophila melanogaster,71,76,1.2419627849119824e-05
GSE126139,Drosophila melanogaster,72,75,1.2256211693210353e-05
GSE126139,Drosophila melanogaster,73,76,1.2419627849119824e-05
GSE126139,Drosophila melanogaster,74,54,8.824472419111453e-06
GSE126139,Drosophila melanogaster,75,78,1.2746460160938767e-05
GSE126139,Drosophila melanogaster,76,74,1.2092795537300881e-05
GSE126139,Drosophila melanogaster,77,76,1.2419627849119824e-05
GSE126139,Drosophila melanogaster,78,73,1.192937938139141e-05
GSE126139,Drosophila melanogaster,79,74,1.2092795537300881e-05
GSE126139,Drosophila melanogaster,80,68,1.1112298601844053e-05
GSE126139,Drosophila melanogaster,81,64,1.0458633978206167e-05
GSE126139,Drosophila melanogaster,82,59,9.64155319865881e-06
GSE126139,Drosophila melanogaster,83,58,9.478137042749339e-06
GSE126139,Drosophila melanogaster,84,59,9.64155319865881e-06
GSE126139,Drosophila melanogaster,85,66,1.078546629002511e-05
GSE126139,Drosophila melanogaster,86,61,9.968385510477753e-06
GSE126139,Drosophila melanogaster,87,66,1.078546629002511e-05
GSE126139,Drosophila melanogaster,88,60,9.804969354568282e-06
GSE126139,Drosophila melanogaster,89,47,7.680559327745154e-06
GSE126139,Drosophila melanogaster,90,51,8.33422395138304e-06
GSE126139,Drosophila melanogaster,91,58,9.478137042749339e-06
GSE126139,Drosophila melanogaster,92,57,9.314720886839868e-06
GSE126139,Drosophila melanogaster,93,57,9.314720886839868e-06
GSE126139,Drosophila melanogaster,94,61,9.968385510477753e-06
GSE126139,Drosophila melanogaster,95,67,1.0948882445934581e-05
GSE126139,Drosophila melanogaster,96,57,9.314720886839868e-06
GSE126139,Drosophila melanogaster,97,52,8.49764010729251e-06
GSE126139,Drosophila melanogaster,98,48,7.843975483654625e-06
GSE126139,Drosophila melanogaster,99,38,6.209813924559912e-06
GSE126139,Drosophila melanogaster,100,2533,0.00041393312291869097
GSE245419,Macaca mulatta,1,520396,0.7011240435928976
GSE245419,Macaca mulatta,2,76578,0.10317273193924803
GSE245419,Macaca mulatta,3,33283,0.0448418349543471
GSE245419,Macaca mulatta,4,20349,0.027415993134212932
GSE245419,Macaca mulatta,5,14217,0.01915441419180821
GSE245419,Macaca mulatta,6,10641,0.014336507098194498
GSE245419,Macaca mulatta,7,8915,0.01201108549764157
GSE245419,Macaca mulatta,8,7532,0.01014778418039667
GSE245419,Macaca mulatta,9,6334,0.008533731412457847
GSE245419,Macaca mulatta,10,5280,0.007113688326141053
GSE245419,Macaca mulatta,11,4502,0.006065497129599815
GSE245419,Macaca mulatta,12,3834,0.0051655077731865146
GSE245419,Macaca mulatta,13,3339,0.004498599492610791
GSE245419,Macaca mulatta,14,3024,0.004074203314062603
GSE245419,Macaca mulatta,15,2657,0.0035797480838175716
GSE245419,Macaca mulatta,16,2249,0.00303005398588849
GSE245419,Macaca mulatta,17,1931,0.002601615938973177
GSE245419,Macaca mulatta,18,1671,0.0022513206804889584
GSE245419,Macaca mulatta,19,1483,0.001998030262815754
GSE245419,Macaca mulatta,20,1372,0.001848481133232107
GSE245419,Macaca mulatta,21,1182,0.0015924961366474857
GSE245419,Macaca mulatta,22,1054,0.0014200430863167935
GSE245419,Macaca mulatta,23,940,0.0012664520883660208
GSE245419,Macaca mulatta,24,855,0.0011519324846307956
GSE245419,Macaca mulatta,25,730,0.000983521302667229
GSE245419,Macaca mulatta,26,651,0.0008770854356662548
GSE245419,Macaca mulatta,27,577,0.0007773860159438234
GSE245419,Macaca mulatta,28,498,0.0006709501489428493
GSE245419,Macaca mulatta,29,441,0.0005941546499674629
GSE245419,Macaca mulatta,30,397,0.0005348739139162875
GSE245419,Macaca mulatta,31,341,0.0004594257043966097
GSE245419,Macaca mulatta,32,323,0.0004351744941938561
GSE245419,Macaca mulatta,33,271,0.0003651154424970124
GSE245419,Macaca mulatta,34,236,0.00031796031154721375
GSE245419,Macaca mulatta,35,214,0.000288319943521626
GSE245419,Macaca mulatta,36,223,0.0003004455486230028
GSE245419,Macaca mulatta,37,191,0.00025733228604032975
GSE245419,Macaca mulatta,38,201,0.0002708051805974151
GSE245419,Macaca mulatta,39,146,0.00019670426053344578
GSE245419,Macaca mulatta,40,141,0.00018996781325490312
GSE245419,Macaca mulatta,41,140,0.00018862052379919458
GSE245419,Macaca mulatta,42,102,0.00013742352448227035
GSE245419,Macaca mulatta,43,113,0.0001522437084950642
GSE245419,Macaca mulatta,44,105,0.00014146539284939593
GSE245419,Macaca mulatta,45,112,0.00015089641903935568
GSE245419,Macaca mulatta,46,88,0.00011856147210235088
GSE245419,Macaca mulatta,47,92,0.00012395062992518502
GSE245419,Macaca mulatta,48,82,0.00011047773536809969
GSE245419,Macaca mulatta,49,84,0.00011317231427951675
GSE245419,Macaca mulatta,50,78,0.00010508857754526555
GSE245419,Macaca mulatta,51,83,0.00011182502482380822
GSE245419,Macaca mulatta,52,62,8.353194625392904e-05
GSE245419,Macaca mulatta,53,69,9.296297244388877e-05
GSE245419,Macaca mulatta,54,67,9.02683935324717e-05
GSE245419,Macaca mulatta,55,69,9.296297244388877e-05
GSE245419,Macaca mulatta,56,42,5.6586157139758376e-05
GSE245419,Macaca mulatta,57,58,7.81427884310949e-05
GSE245419,Macaca mulatta,58,50,6.736447278542664e-05
GSE245419,Macaca mulatta,59,53,7.140634115255224e-05
GSE245419,Macaca mulatta,60,52,7.00590516968437e-05
GSE245419,Macaca mulatta,61,60,8.083736734251197e-05
GSE245419,Macaca mulatta,62,58,7.81427884310949e-05
GSE245419,Macaca mulatta,63,62,8.353194625392904e-05
GSE245419,Macaca mulatta,64,52,7.00590516968437e-05
GSE245419,Macaca mulatta,65,43,5.793344659546691e-05
GSE245419,Macaca mulatta,66,49,6.601718332971811e-05
GSE245419,Macaca mulatta,67,45,6.0628025506883975e-05
GSE245419,Macaca mulatta,68,39,5.2544288772632777e-05
GSE245419,Macaca mulatta,69,33,4.4460552038381585e-05
GSE245419,Macaca mulatta,70,42,5.6586157139758376e-05
GSE245419,Macaca mulatta,71,31,4.176597312696452e-05
GSE245419,Macaca mulatta,72,38,5.1196999316924243e-05
GSE245419,Macaca mulatta,73,32,4.311326258267305e-05
GSE245419,Macaca mulatta,74,28,3.772410475983892e-05
GSE245419,Macaca mulatta,75,50,6.736447278542664e-05
GSE245419,Macaca mulatta,76,43,5.793344659546691e-05
GSE245419,Macaca mulatta,77,20,2.6945789114170655e-05
GSE245419,Macaca mulatta,78,17,2.290392074704506e-05
GSE245419,Macaca mulatta,79,26,3.502952584842185e-05
GSE245419,Macaca mulatta,80,22,2.964036802558772e-05
GSE245419,Macaca mulatta,81,15,2.0209341835627993e-05
GSE245419,Macaca mulatta,82,24,3.233494693700479e-05
GSE245419,Macaca mulatta,83,13,1.7514762924210927e-05
GSE245419,Macaca mulatta,84,15,2.0209341835627993e-05
GSE245419,Macaca mulatta,85,16,2.1556631291336526e-05
GSE245419,Macaca mulatta,86,27,3.6376815304130386e-05
GSE245419,Macaca mulatta,87,19,2.5598499658462122e-05
GSE245419,Macaca mulatta,88,17,2.290392074704506e-05
GSE245419,Macaca mulatta,89,12,1.6167473468502394e-05
GSE245419,Macaca mulatta,90,12,1.6167473468502394e-05
GSE245419,Macaca mulatta,91,11,1.482018401279386e-05
GSE245419,Macaca mulatta,92,19,2.5598499658462122e-05
GSE245419,Macaca mulatta,93,9,1.2125605101376794e-05
GSE245419,Macaca mulatta,94,6,8.083736734251197e-06
GSE245419,Macaca mulatta,95,15,2.0209341835627993e-05
GSE245419,Macaca mulatta,96,19,2.5598499658462122e-05
GSE245419,Macaca mulatta,97,7,9.43102618995973e-06
GSE245419,Macaca mulatta,98,9,1.2125605101376794e-05
GSE245419,Macaca mulatta,99,9,1.2125605101376794e-05
GSE245419,Macaca mulatta,100,367,0.0004944552302450316
GSE249652,Gallus gallus,1,12831408,0.9010843637725744
GSE249652,Gallus gallus,2,1027576,0.07216142345313678
GSE249652,Gallus gallus,3,170630,0.011982474954464419
GSE249652,Gallus gallus,4,57479,0.00403645711719897
GSE249652,Gallus gallus,5,30565,0.0021464241164109764
GSE249652,Gallus gallus,6,20874,0.0014658745953202265
GSE249652,Gallus gallus,7,15834,0.0011119410914199707
GSE249652,Gallus gallus,8,13070,0.0009178394634873701
GSE249652,Gallus gallus,9,11117,0.0007806902307260209
GSE249652,Gallus gallus,10,9693,0.0006806899708938851
GSE249652,Gallus gallus,11,8371,0.0005878526510216354
GSE249652,Gallus gallus,12,7378,0.0005181193237650968
GSE249652,Gallus gallus,13,6141,0.00043125112052608565
GSE249652,Gallus gallus,14,5017,0.00035231833116420317
GSE249652,Gallus gallus,15,3973,0.0002790035339277216
GSE249652,Gallus gallus,16,3200,0.0002247196850160355
GSE249652,Gallus gallus,17,2378,0.00016699481592754139
GSE249652,Gallus gallus,18,1919,0.00013476158610805378
GSE249652,Gallus gallus,19,1496,0.0001050564527449966
GSE249652,Gallus gallus,20,1107,7.773896603523478e-05
GSE249652,Gallus gallus,21,907,6.369398572173257e-05
GSE249652,Gallus gallus,22,704,4.943833070352781e-05
GSE249652,Gallus gallus,23,544,3.8202346452726036e-05
GSE249652,Gallus gallus,24,485,3.405907726024288e-05
GSE249652,Gallus gallus,25,401,2.8160185528571948e-05
GSE249652,Gallus gallus,26,332,2.3314667320413684e-05
GSE249652,Gallus gallus,27,269,1.8890498521660483e-05
GSE249652,Gallus gallus,28,254,1.7837124998147818e-05
GSE249652,Gallus gallus,29,267,1.8750048718525462e-05
GSE249652,Gallus gallus,30,204,1.4325879919772263e-05
GSE249652,Gallus gallus,31,200,1.4044980313502219e-05
GSE249652,Gallus gallus,32,205,1.4396104821339775e-05
GSE249652,Gallus gallus,33,173,1.214890797117942e-05
GSE249652,Gallus gallus,34,155,1.088485974296422e-05
GSE249652,Gallus gallus,35,138,9.691036416316532e-06
GSE249652,Gallus gallus,36,119,8.35676328653382e-06
GSE249652,Gallus gallus,37,140,9.831486219451553e-06
GSE249652,Gallus gallus,38,114,8.005638778696264e-06
GSE249652,Gallus gallus,39,129,9.059012302208932e-06
GSE249652,Gallus gallus,40,97,6.811815452048576e-06
GSE249652,Gallus gallus,41,103,7.233164861453643e-06
GSE249652,Gallus gallus,42,108,7.584289369291198e-06
GSE249652,Gallus gallus,43,97,6.811815452048576e-06
GSE249652,Gallus gallus,44,91,6.39046604264351e-06
GSE249652,Gallus gallus,45,80,5.6179921254008875e-06
GSE249652,Gallus gallus,46,92,6.4606909442110205e-06
GSE249652,Gallus gallus,47,77,5.407317420698354e-06
GSE249652,Gallus gallus,48,84,5.898891731670932e-06
GSE249652,Gallus gallus,49,74,5.1966427159958215e-06
GSE249652,Gallus gallus,50,68,4.7752933065907546e-06
GSE249652,Gallus gallus,51,75,5.266867617563332e-06
GSE249652,Gallus gallus,52,80,5.6179921254008875e-06
GSE249652,Gallus gallus,53,63,4.424168798753199e-06
GSE249652,Gallus gallus,54,64,4.4943937003207105e-06
GSE249652,Gallus gallus,55,65,4.564618601888221e-06
GSE249652,Gallus gallus,56,62,4.353943897185688e-06
GSE249652,Gallus gallus,57,72,5.056192912860799e-06
GSE249652,Gallus gallus,58,49,3.4410201768080437e-06
GSE249652,Gallus gallus,59,57,4.002819389348132e-06
GSE249652,Gallus gallus,60,55,3.86236958621311e-06
GSE249652,Gallus gallus,61,51,3.5814699799430657e-06
GSE249652,Gallus gallus,62,52,3.651694881510577e-06
GSE249652,Gallus gallus,63,65,4.564618601888221e-06
GSE249652,Gallus gallus,64,47,3.3005703736730217e-06
GSE249652,Gallus gallus,65,47,3.3005703736730217e-06
GSE249652,Gallus gallus,66,42,2.949445865835466e-06
GSE249652,Gallus gallus,67,58,4.073044290915644e-06
GSE249652,Gallus gallus,68,64,4.4943937003207105e-06
GSE249652,Gallus gallus,69,45,3.1601205705379992e-06
GSE249652,Gallus gallus,70,33,2.3174217517278663e-06
GSE249652,Gallus gallus,71,44,3.0898956689704882e-06
GSE249652,Gallus gallus,72,34,2.3876466532953773e-06
GSE249652,Gallus gallus,73,37,2.5983213579979107e-06
GSE249652,Gallus gallus,74,35,2.4578715548628883e-06
GSE249652,Gallus gallus,75,34,2.3876466532953773e-06
GSE249652,Gallus gallus,76,42,2.949445865835466e-06
GSE249652,Gallus gallus,77,35,2.4578715548628883e-06
GSE249652,Gallus gallus,78,43,3.019670767402977e-06
GSE249652,Gallus gallus,79,46,3.2303454721055102e-06
GSE249652,Gallus gallus,80,31,2.176971948592844e-06
GSE249652,Gallus gallus,81,29,2.036522145457822e-06
GSE249652,Gallus gallus,82,27,1.8960723423227996e-06
GSE249652,Gallus gallus,83,24,1.6853976376202663e-06
GSE249652,Gallus gallus,84,28,1.966297243890311e-06
GSE249652,Gallus gallus,85,37,2.5983213579979107e-06
GSE249652,Gallus gallus,86,37,2.5983213579979107e-06
GSE249652,Gallus gallus,87,35,2.4578715548628883e-06
GSE249652,Gallus gallus,88,30,2.106747047025333e-06
GSE249652,Gallus gallus,89,16,1.1235984250801776e-06
GSE249652,Gallus gallus,90,36,2.5280964564303993e-06
GSE249652,Gallus gallus,91,30,2.106747047025333e-06
GSE249652,Gallus gallus,92,31,2.176971948592844e-06
GSE249652,Gallus gallus,93,30,2.106747047025333e-06
GSE249652,Gallus gallus,94,23,1.6151727360527551e-06
GSE249652,Gallus gallus,95,22,1.5449478344852441e-06
GSE249652,Gallus gallus,96,20,1.4044980313502219e-06
GSE249652,Gallus gallus,97,19,1.3342731297827109e-06
GSE249652,Gallus gallus,98,20,1.4044980313502219e-06
GSE249652,Gallus gallus,99,22,1.5449478344852441e-06
GSE249652,Gallus gallus,100,1983,0.0001392559798083745
GSE304926,Xenopus laevis,1,662979,0.47043876367899023
GSE304926,Xenopus laevis,2,233731,0.16585159209183709
GSE304926,Xenopus laevis,3,119922,0.08509463711205312
GSE304926,Xenopus laevis,4,72595,0.051512192768211805
GSE304926,Xenopus laevis,5,48408,0.034349503788464734
GSE304926,Xenopus laevis,6,34759,0.02466440262318719
GSE304926,Xenopus laevis,7,26320,0.018676229956048417
GSE304926,Xenopus laevis,8,20614,0.014627348188221203
GSE304926,Xenopus laevis,9,16390,0.011630068730229239
GSE304926,Xenopus laevis,10,13468,0.009556666605169456
GSE304926,Xenopus laevis,11,11074,0.007857924412358669
GSE304926,Xenopus laevis,12,9348,0.006633183800499262
GSE304926,Xenopus laevis,13,8239,0.005846256026135368
GSE304926,Xenopus laevis,14,7172,0.00508913074638219
GSE304926,Xenopus laevis,15,6191,0.004393029622260476
GSE304926,Xenopus laevis,16,5616,0.00398501927937568
GSE304926,Xenopus laevis,17,5041,0.003577008936490884
GSE304926,Xenopus laevis,18,4568,0.0032413760805178253
GSE304926,Xenopus laevis,19,4065,0.0028844557283942557
GSE304926,Xenopus laevis,20,3621,0.0025694007853666913
GSE304926,Xenopus laevis,21,3388,0.0024040678985977216
GSE304926,Xenopus laevis,22,3111,0.0022075133508080024
GSE304926,Xenopus laevis,23,2917,0.0020698542090346974
GSE304926,Xenopus laevis,24,2718,0.0019286471512363068
GSE304926,Xenopus laevis,25,2592,0.00183923966740416
GSE304926,Xenopus laevis,26,2414,0.0017129338569111276
GSE304926,Xenopus laevis,27,2338,0.0016590055333298326
GSE304926,Xenopus laevis,28,2147,0.0015234751411715786
GSE304926,Xenopus laevis,29,1946,0.0013808489169631541
GSE304926,Xenopus laevis,30,1836,0.00130279476441128
GSE304926,Xenopus laevis,31,1844,0.0013084714300514164
GSE304926,Xenopus laevis,32,1658,0.0011764889539182474
GSE304926,Xenopus laevis,33,1675,0.0011885518684035372
GSE304926,Xenopus laevis,34,1548,0.0010984348013663733
GSE304926,Xenopus laevis,35,1548,0.0010984348013663733
GSE304926,Xenopus laevis,36,1416,0.0010047698183041245
GSE304926,Xenopus laevis,37,1387,0.0009841919053586304
GSE304926,Xenopus laevis,38,1343,0.0009529702443378808
GSE304926,Xenopus laevis,39,1227,0.0008706585925559045
GSE304926,Xenopus laevis,40,1165,0.0008266644338448482
GSE304926,Xenopus laevis,41,1196,0.0008486615132003764
GSE304926,Xenopus laevis,42,1127,0.0007997002720542008
GSE304926,Xenopus laevis,43,1025,0.0007273227851424631
GSE304926,Xenopus laevis,44,1093,0.0007755744430836216
GSE304926,Xenopus laevis,45,971,0.000689005292071543
GSE304926,Xenopus laevis,46,959,0.0006804902936113385
GSE304926,Xenopus laevis,47,928,0.0006584932142558104
GSE304926,Xenopus laevis,48,899,0.0006379153013103164
GSE304926,Xenopus laevis,49,870,0.0006173373883648223
GSE304926,Xenopus laevis,50,843,0.0005981786418293622
GSE304926,Xenopus laevis,51,847,0.0006010169746494304
GSE304926,Xenopus laevis,52,736,0.0005222532388925393
GSE304926,Xenopus laevis,53,758,0.0005378640694029141
GSE304926,Xenopus laevis,54,702,0.00049812740992196
GSE304926,Xenopus laevis,55,729,0.0005172861564574201
GSE304926,Xenopus laevis,56,680,0.0004825165794115852
GSE304926,Xenopus laevis,57,685,0.0004860644954366704
GSE304926,Xenopus laevis,58,649,0.00046051950005605705
GSE304926,Xenopus laevis,59,646,0.000458390750441006
GSE304926,Xenopus laevis,60,653,0.00046335783287612523
GSE304926,Xenopus laevis,61,602,0.00042716908942025633
GSE304926,Xenopus laevis,62,619,0.000439232003905546
GSE304926,Xenopus laevis,63,610,0.00043284575506039263
GSE304926,Xenopus laevis,64,554,0.00039310909557943856
GSE304926,Xenopus laevis,65,565,0.00040091451083462595
GSE304926,Xenopus laevis,66,537,0.0003810461810941489
GSE304926,Xenopus laevis,67,529,0.0003753695154540126
GSE304926,Xenopus laevis,68,539,0.000382465347504183
GSE304926,Xenopus laevis,69,540,0.00038317493070920004
GSE304926,Xenopus laevis,70,476,0.00033776160558810967
GSE304926,Xenopus laevis,71,435,0.00030866869418241116
GSE304926,Xenopus laevis,72,452,0.00032073160866770076
GSE304926,Xenopus laevis,73,450,0.00031931244225766667
GSE304926,Xenopus laevis,74,421,0.00029873452931217264
GSE304926,Xenopus laevis,75,451,0.0003200220254626837
GSE304926,Xenopus laevis,76,458,0.00032498910789780297
GSE304926,Xenopus laevis,77,418,0.0002966057796971215
GSE304926,Xenopus laevis,78,406,0.0002880907812369171
GSE304926,Xenopus laevis,79,415,0.00029447703008207037
GSE304926,Xenopus laevis,80,376,0.00026680328508640595
GSE304926,Xenopus laevis,81,396,0.0002809949491867467
GSE304926,Xenopus laevis,82,351,0.00024906370496098
GSE304926,Xenopus laevis,83,360,0.00025544995380613334
GSE304926,Xenopus laevis,84,349,0.00024764453855094596
GSE304926,Xenopus laevis,85,377,0.000267512868291423
GSE304926,Xenopus laevis,86,355,0.0002519020377810482
GSE304926,Xenopus laevis,87,315,0.00022351870958036668
GSE304926,Xenopus laevis,88,353,0.0002504828713710141
GSE304926,Xenopus laevis,89,312,0.00022138995996531558
GSE304926,Xenopus laevis,90,323,0.000229195375220503
GSE304926,Xenopus laevis,91,327,0.00023203370804057114
GSE304926,Xenopus laevis,92,294,0.0002086174622750089
GSE304926,Xenopus laevis,93,299,0.0002121653783000941
GSE304926,Xenopus laevis,94,295,0.00020932704548002595
GSE304926,Xenopus laevis,95,284,0.00020152163022483854
GSE304926,Xenopus laevis,96,260,0.00018449163330442966
GSE304926,Xenopus laevis,97,254,0.00018023413407432741
GSE304926,Xenopus laevis,98,253,0.0001795245508693104
GSE304926,Xenopus laevis,99,258,0.00018307246689439557
GSE304926,Xenopus laevis,100,22075,0.015664049250751093
