bioproject_id	phs_accession	organism	name	protocols_inferred	disease_categories	sra_run_count	description
726829		Homo sapiens	Characterization of CNS Metastases	scRNA	cancer|neurological	39438	Metastatic disease to the central nervous system (CNS) is devastating, with a poor prognosis. There are limited treatment options for patients with CNS metastases, and in particular with leptomeningea
755316			Single-cell and single-nucleus RNA-seq uncovers shared and distinct axes of variation in dorsal LGN neurons in mice, non-human primates, and humans	snRNA|scRNA	neurological	4343	Abundant evidence supports the presence of at least three distinct types of thalamocortical (TC) neurons in the primate dorsal lateral geniculate nucleus (dLGN) of the thalamus, the brain region that 
289244		Homo sapiens	Homo sapiens	smart-seq|scRNA	cancer	3352	To understand the diversity of expression states within oligodendroglioma tumors, we obtained six freshly resected samples, profiled ~1000 cells from each tumor and examined their diversity. Overall d
267619		Homo sapiens	Homo sapiens		cardiovascular	1069	The goal of this study is to characterize and understand the variability in the expressed transcriptome of human excitable cells. There are two predominant types of excitable cell in the human body, n
1151742		Homo sapiens	Programs, Origins, and Immunomodulatory Functions of Myeloid Cells in Gliomas	scRNA	cancer|neurological|autoimmune	847	Gliomas are challenging malignancies characterized by an immunosuppressive microenvironment filled with myeloid cells, whose roles in immune modulation are not fully understood. In this study, we util
1000652		Homo sapiens	Patient-derived models of prostate cancer	scRNA	cancer	511	1. Low-Dose Carboplatin Modifies the Tumor Microenvironment to Augment CAR T Cell Efficacy in Human Prostate Cancer Models.Single-cell RNA sequencing (scRNA-seq) was performed to analyze the transcrip
671342		Homo sapiens	HubMAP: KULMAP - Human Kidney, Urinary Tract, and Lung Mapping Center	spatial	pulmonary|kidney	456	The major goal of the Human Kidney, Urinary Tract, and Lung Mapping Centers at the Washington University School of Medicine in St. Louis and University of Rochester Medical College is to generate mult
671343		Homo sapiens	HubMAP: KULMAP - Human Kidney, Urinary Tract, and Lung Mapping Center	spatial	pulmonary|kidney	456	The major goal of the Human Kidney, Urinary Tract, and Lung Mapping Centers at the Washington University School of Medicine in St. Louis and University of Rochester Medical College is to generate mult
1263046		Homo sapiens	Uncovering gene regulatory differences between human and chimpanzee neural cells	atac|scRNA	neurological	359	A major challenge in human evolutionary biology is to pinpoint the genetic differences that underlie phenotypic changes in the human lineage, such as increased neuron number and a prolonged period of 
1182290	phs003848	Homo sapiens	Single-cell RNA-seq of peripheral blood links cell-type-specific regulation of splicing to autoimmune and inflammatory diseases [scRNAseq_KR_SGI]	scRNA	autoimmune|normal	352	Alternative splicing is pivotal in the genetics of complex traits, but a detailed understanding requires relevant cell types from diverse genetic ancestries. Here, we described cell-type-specific, sex
736761		Homo sapiens	Circulating tumor cell heterogeneity in neuroendocrine prostate cancer by single cell copy number analysis		cancer|neurological	215	Neuroendocrine prostate cancer (NEPC) is an aggressive variant of prostate cancer that may arise de novo or develop from pre-existing prostate adenocarcinoma as a mechanism of treatment resistance. Co
951465		Homo sapiens	Deterministic evolution and stringent selection during pre-neoplasia		cancer	193	The earliest events during human tumor initiation are poorly characterized but may hold clues as to how to detect and prevent malignancy. Here we model this occult process by engineering TP53 deficien
1373321		Homo sapiens	Parkinson Cell Atlas in 5D (PD5D)	spatial|snRNA	neurological|normal	185	Genome-wide association studies (GWAS) have unequivocally linked thousands of noncoding variants to Parkinson's disease (PD). Why have these breakthroughs not uncovered the mechanism(s) of common, gen
768498		Homo sapiens	The Spatio-Temporal Evolution of Multiple Myeloma from Baseline to Relapse-Refractory States	spatial	cancer	179	In multiple myeloma, the spatio-temporal evolution patterns of cancer cells in the bone marrow remain largely unknown. Here, we applied spatial-longitudinal sequencing, including a total of 179 sample
1226668		Homo sapiens	Studying Glioblastoma in a Human Organoid Tumor Transplantation Model	snRNA|scRNA	cancer|developmental	170	This study comprises two complementary investigations that leverage innovative human model systems and cutting-edge molecular profiling to dissect glioblastoma (GBM) heterogeneity and tumor-microenvir
923100		Homo sapiens	Combined PD-1, BRAF and MEK inhibition in BRAFV600E colorectal cancer: a phase 2 trial	scRNA	cancer	159	In this study, we evaluated the clinical efficacy of combined PDCD1, BRAF, and MAP2K7 inhibition in metastatic BRAFV600E Colorectal Cancer (CRC) patients (NCT03668431). We performed bulk whole exome s
640200		Homo sapiens	Genomic Profiling of Hematologic Disorders		cancer	148	Myeloid malignancies have previously been characterized by large scale bulk molecular profiling studies on patient samples. These studies, while clinically informative, are unable to delineate mutatio
993796		Homo sapiens	Targeted linked-read DNA-seq analysis of castration-resistant prostate cancers	10x_chromium	cancer	140	Androgen receptor (AR) inhibition is standard of care for advanced prostate cancer (PC). However, its efficacy is limited by progression to castration-resistant PC (CRPC), usually due to AR re-activat
772349		Homo sapiens	Identification of somatic changes in tumors from Fanconi anemia patients	10x_chromium|spatial	cancer|normal	131	This study focused on the identification of genomic signatures present in tumors from Fanconi anemia patients. Fanconi anemia is a rare hereditary disease caused by defects in DNA interstrand crosslin
1199066		Homo sapiens	Single Cell Profiling of Transcriptional and Epigenetic Differences Between Virus and Severity in Infants Infected with SARS-CoV-2 and RSV		neurological|infectious|normal	121	This study compares the transcriptional and epigenetic immune responses to SARS-CoV-2 and RSV in infant PBMCs across different disease severities. Infants and young children hospitalized with SARS-CoV
1062914		Homo sapiens	Cell type-specific and disease-associated eQTL in the human lung	scRNA	pulmonary	114	This study was conducted to investigate the genetic control of gene expression in a cell-type and context-specific manner in the human lung. We performed single-cell RNA-sequencing (scRNA-seq) of lung
1369579		Homo sapiens	Single nucleus and spatial transcriptomic analyses of pulmonary fibrosis from the “Lung Transplant” and “Lung Tissue” Biorepositories	10x_chromium|spatial|snRNA	neurological|pulmonary	102	Interstitial lung disease (ILD) is characterized by a progressive destruction of the lung parenchyma driven by complex interactions between epithelial, stromal and immune cells. To understand the cell
679099		Homo sapiens	Yale SPORE in Skin Cancer Project 2	10x_chromium	cancer	102	Understanding the relationship between tumor and peripheral immune environments could allow longitudinal immune monitoring in cancer. Here, we examined whether T cells that share the same TCRab and ar
484871		Homo sapiens	Mixed-Effects Association of Single Cells Identifies an Expanded Effector CD4+ T Cell Subset in Rheumatoid Arthritis		autoimmune	96	High dimensional single-cell analyses have improved the ability to resolve complex mixtures of cells from human disease samples; however, identifying disease-associated cell types or cell states in pa
764786		Homo sapiens	Multi-omic Investigation of Beckwith-Wiedemann Syndrome Hepatoblasto	snRNA	cancer|developmental|liver|normal	95	Hepatoblastoma (HB) is the most common malignant liver tumor diagnosed in children under 5 years of age. One of the most common HB predisposition syndromes is Beckwith-Wiedemann Syndrome (BWS, OMIM 13
615002		Homo sapiens	CLL relapse after allo-HSCT		cancer	83	We investigated the molecular dynamics driving relapse of chronic lymphocytic leukemia (CLL) following allogeneic hematopoietic stem cell transplant (allo-HSCT) through an integrated analysis of whole
560989		Homo sapiens	SINGLE CELL ANALYSIS OF THE HUMAN PLACENTA		infectious|developmental|normal	76	Pregnancy and parturition is a complex physiological process requiring a well-orchestrated dialogue between the mother and fetus. The samples collected in this study aim to elucidate using single cell
961895		Homo sapiens	Spatiotemporal charting of human esophageal development for epidermolysis bullosa cell therapy		neurological|developmental|normal	66	Human fetal esophageal development is not well understood. We present a spatio-temporal single-cell multi-omics atlas to close such a long-standing knowledge gap. With such an atlas, we describe the c
1148225		Homo sapiens	Single-cell analysis of the multiple myeloma microenvironment after g-secretase inhibition and CAR T-cell therapy	atac	cancer|neurological	64	We examined the effects of gamma-secretase inhibition (GSI) on the bone marrow microenvironment in multiple myeloma patients before anti-B-cell maturation antigen (BCMA) CAR T-cell therapy. Single-nuc
671265		Homo sapiens	Single Cell Genomic Analysis of Lymphoma	scRNA	cancer|neurological	62	Our studies aimed to define the extent of heterogeneity between anatomically separated tumor manifestations and to identify treatment-induced changes in patients with indolent lymphoma, mainly follicu
681646		Homo sapiens	Interdependencies of Intratumoral Genetic Heterogeneity and the Immune Microenvironment in Chronic Lymphocytic Leukemia	scRNA	cancer	57	Tumor microenvironment (TME) and somatic mutations drive progression of chronic lymphocytic leukemia (CLL). Integrated bulk and single-cell RNA sequencing (RNA-seq) of paired peripheral blood (PB) and
1213888		Homo sapiens	Response​ to Tagraxofusp in Blastic Plasmacytoid Dendritic Cell Neoplasm	scRNA		53	Tagraxofusp is a CD123-targeted therapy comprised of a recombinant human interleukin-3 (IL-3) fused to a truncated diphtheria toxin (DT) payload. It is the first approved treatment specifically for pa
947748		Homo sapiens	Single Cell Genotypic and Phenotypic Analysis of Measurable Residual Disease in Acute Myeloid Leukemia		cancer|developmental|normal	50	Acute myeloid leukemia (AML) is a group of blood cancers with high mortality. Even though complete remission is often achieved, majority of the AML patients still relapse. Measurable residual disease 
1016055		Homo sapiens	The Chromatin Landscape of Pathogenic Transcriptional Cell States in Rheumatoid Arthritis	10x_chromium|atac	neurological|autoimmune	44	In this study, we characterized 24 rheumatoid arthritis (RA) synovial tissue chromatin classes (i.e., cell states defined by chromatin accessibility) across 5 cell types (T, B/plasma, myeloid, stromal
935426		Homo sapiens	Structurally complex osteosarcoma genomes exhibit limited heterogeneity within individual tumors and across evolutionary time		cancer	44	A key characteristic of osteosarcoma is extensive and complex genomic rearrangements. However, published models explaining how these genomic rearrangements occur disagree about if these rearrangements
649823		Homo sapiens	Multimodal Mapping of the Immune Landscape in Human Pancreatic Cancer	scRNA	cancer	41	Pancreatic ductal adenocarcinoma (PDA) is characterized by an immune-suppressive tumor microenvironment that has rendered it largely refractory to immunotherapy. We used single-cell RNA sequencing on 
1256939		Homo sapiens	High-resolution single cell profiling of SARS-CoV-2 vaccine responsiveness in healthy adults		neurological|infectious|normal	36	mRNA vaccines, administered in two doses, have been highly effective against SARS-CoV-2 and are now being explored for broader applications. However, how human immune cells respond to these platforms,
684641		Homo sapiens	Identification and characterization of skin-resident memory T cells in patients with melanoma-associated vitiligo	scRNA	cancer|autoimmune	32	Metastatic melanoma patients who develop melanoma-associated vitiligo, an autoimmune cutaneous side effect after receiving immunotherapy, have better overall survival than those who do not develop vit
904019		Homo sapiens	Human blastocyst lOX single cell RNA sequencing	scRNA	developmental	27	Recent advances in human blastoids have opened new avenues for modeling early human development and implantation. One limitation of our first protocol for human blastoid generation was relatively low 
735210			A single cell atlas of human adipose tissue		autoimmune|infectious|metabolic|normal	26	White adipose tissue (WAT), once regarded as morphologically and functionally bland, is now recognized to be dynamic, plastic, heterogenous, and involved in a wide array of biological processes includ
796651		Homo sapiens	Dissecting Cell Composition and Drug Sensitivity in Human Adenoid Cystic Carcinomas (ACCs)	scRNA	cancer	25	The study reports the results of single-cell RNA sequencing (scRNA-seq), RNA sequencing (RNA-seq), and whole-exome sequencing (WES) experiments performed on malignant cells isolated by flow cytometry 
796650		Homo sapiens	Dissecting Cell Composition and Drug Sensitivity in Human Adenoid Cystic Carcinomas (ACCs)	scRNA	cancer	25	The study reports the results of single-cell RNA sequencing (scRNA-seq), RNA sequencing (RNA-seq), and whole-exome sequencing (WES) experiments performed on malignant cells isolated by flow cytometry 
1149105		Homo sapiens	Developing Allelic Imbalance Analysis from Single-Nucleus RNA-seq Data	snRNA|scRNA		22	Single-cell RNA-seq (scRNA-seq) is emerging as a powerful tool for understanding gene function across diverse cells. Recently, this has included the use of allele-specific expression (ASE) analysis to
1172795		Homo sapiens	HIV DAb-seq of ART-treated individuals		neurological|infectious	18	Despite effective antiretroviral therapy (ART), HIV remains an incurable disease. The latent HIV reservoir is a central obstacle to a cure. It consists of rare CD4+ cells harboring replication-compete
1138809		Homo sapiens	Mutation patterns predict drug response in acute myeloid leukemia		cancer	16	As part of a study correlating co-occurring mutations in Acute Myeloid Leukemia (AML) with drug sensitivity, we performed single cell mutation analysis to document the subclonal composition for 8 pati
1043810		Homo sapiens	BPH Tissues for Cell Culture and Analysis - Spatial transcriptomics identifies candidate stromal drivers of benign prostatic hyperplasia	spatial|scRNA	cancer|developmental	14	The study goal was to apply spatial transcriptomics to identify candidate stromal drivers of benign prostatic hyperplasia (BPH). Laser microdissection (LCM) with RNA-seq of the stroma adjacent to hype
982043	phs003015	Homo sapiens	Tracking of donor and recipient immune and leukemia phenotypes after allogeneic stem cell transplantation using mitochondrial DNA mutations. [Tapestri]	atac	cancer	6	Mitochondrial DNA mutations (mtDNA) enable deconvolution of donor- and recipient-derived single cell profiles. Here, we provide examples for sensitive donor-recipient deconvolution of peripheral blood
1377643		Homo sapiens	scRNAseq Analysis of Osteosarcoma Reveals Conserved and Distinct Ecosystems Across Sites and Species	scRNA	cancer|neurological	3	Osteosarcoma exhibits profound heterogeneity that has long challenged efforts to understand its mechanisms and advance therapeutic progress. To unravel this complexity, we compiled the largest cross-s
1082805		Homo sapiens	Combinatorial Indexed 10x Genomics Single-cell ATAC-seq on Human Cerebral Cortex	10x_chromium|atac	neurological	2	Single-cell chromatin accessibility profiling (scATAC) using droplet fluidics (10x Genomics) is inherently limited in throughput due to the number of available indexed droplets. This study leverages s
407353		Homo sapiens	Homo sapiens	10x_chromium	cancer|neurological|liver	2	Combined transcriptomic and functional analyses of HCC cells at single-cell level were performed to assess CSC heterogeneity. Overall design: Single-cell transcriptome analyses of two HCC cell lines (
1269128		Homo sapiens	Single cell RNA sequencing of tendon scar tissue (tenolysis)	scRNA	metabolic	1	This human tenolysis sample was collected as a control (non-diabetic sample) as part of larger study described below.The purpose of the larger study is to define the cellular and molecular environment
1076640		Homo sapiens	Gene expression and T cell repertoire profile at single cell level of peripheral blood T cells after treatment with a personalized neoantigen vaccine (GNOS-PV02) and Pembrolizumab for advanced hepatocellular carcinoma.	scRNA	cancer|liver	0	To further characterize the T cell response to the neoantigen vaccine, we performed single-cell RNA and T cell receptor (scRNA/TCR-seq) of peripheral blood T cells at the 12-week post-vaccination time
667060		Homo sapiens	Single-cell RNA sequencing samples from high-grade serous ovarian cancer (HGSOC)	scRNA	cancer|neurological	0	We measured gene expression in single-cell RNA sequencing samples from patients with high-grade serous ovarian cancer (HGSOC), for a study on improving HGSOC subtype definition by taking into account 
672929		Homo sapiens	In-depth transcriptomic analyses investigating molecular mechanisms underlying diabetic retinopathy (smallRNA)	scRNA	metabolic|developmental|normal	0	Diabetic Retinopathy (DR) is among the major global causes for vision loss. With the rise in diabetes prevalence, an increase in DR incidence is expected. Current understanding of both the molecular e
976395		Homo sapiens	Adipocyte associated glucocorticoid signaling regulates normal fibroblast function which is lost in inflammatory arthritis [synovium_scRNA-seq]	scRNA	autoimmune|pulmonary|normal	0	Fibroblasts play critical roles in tissue homeostasis, but in pathologic states can drive fibrosis, inflammation, and tissue destruction. In the joint synovium, fibroblasts provide homeostatic mainten
947535		Homo sapiens	Epigenetic and transcriptomic characterization reveals progression markers and essential pathways in clear cell renal cell carcinoma	spatial|atac|snRNA	cancer|neurological|kidney	0	Identifying tumor-cell-specific markers and elucidating their epigenetic regulation and spatial heterogeneity provides mechanistic insights into cancer etiology. Here, we have performed snRNA-seq and 
1373318		Homo sapiens	Single-cell eQTL and multiome profiling of normal lung tissues for functional characterization of lung cancer risk-associated genomic loci	multiome	cancer|pulmonary|normal	0	This study was performed to identify cell-type-specific genetic regulation of gene expression in human lung tissues. All 129 participants are Korean female never-smokers who underwent lobectomey with 
1173250		Homo sapiens	MR1T Cells at Birth Have Diverse TCR Usage, are Less Cytotoxic and are Unable to Respond to Many Common Childhood Pathogens	10x_chromium	neurological|liver|normal	0	This study enrolled healthy adult participants and expectant mothers from the Portland, USA area and consent was obtained. Adult participants donated blood from which peripheral blood mononuclear cell
1037044	phs002361	Homo sapiens	Distinct baseline immune characteristics associated with responses to conjugated and unconjugated pneumococcal polysaccharide vaccines in older adults [scRNA-seq]	scRNA	infectious	0	Pneumococcal infections cause serious illness and death among older adults. A capsular polysaccharide vaccine PPSV23 (Pneumovax®) and a conjugated polysaccharide vaccine PCV13 (Prevnar®) are used to p
1253788		Homo sapiens	HuBMAP: Penn Center for Multi-scale Molecular Mapping of the Female Reproductive System	spatial	neurological	0	The female reproductive system, the uterus, fallopian tubes and the ovaries, is a complex interrelated set of organs that is physiologically dynamic and not only important for fertility but critically
391406		Homo sapiens	Homo sapiens	scRNA	cancer|neurological|developmental	0	Homeostatic programs maintain equilibrium between immune protection, and selftolerance. Such mechanisms impact autoimmunity and tumor formation, respectively. How tissue homeostasis is maintained, and
1347104		Homo sapiens	Healthy Donor Controls for Immune Evaluation	10x_chromium|scRNA	infectious|metabolic|normal	0	Bioenergetic dysfunction is an archetypical finding in critical illness, particularly among patients with sepsis. A central feature of sepsis is the shift towards pathologic immunosuppression predispo
1244940		Homo sapiens	Neurogenetic studies of trichotillomania and excoriation disorder	scRNA	neurological	0	The overall objective of this study is to use a series of state-of-the-art neurogenetic approaches to advance our understanding of the genes and pathways that contribute to trichotillomania and excori
591014		Homo sapiens	A single-cell and single-nucleus RNA-Seq toolbox for fresh and frozen human tumors	snRNA|scRNA	cancer|neurological|pulmonary|developmental|normal	0	Single cell genomics is essential to chart tumor ecosystems. While single cell RNA-Seq (scRNA-Seq) profiles RNA from cells dissociated from fresh tumors, single nucleus RNA-Seq (snRNA-Seq) is needed t
677981	phs001961		Single Nucleus Multiomic Profiling Reveals Age-Dynamic Regulation of Host Genes Associated with SARS-CoV-2 Infection	snRNA	neurological|infectious	0	This SuperSeries is composed of the SubSeries listed below. The raw sequencing data is available through dbGaP (controlled access) due to patient privacy concerns. https://www.ncbi.nlm.nih.gov/project
1338254		Homo sapiens	Pilot Study to Investigate the Pathogenesis of Juvenile Idiopathic Arthritis	10x_chromium|spatial	neurological	0	The study investigates how immune and stromal cells are organized within inflamed synovium in juvenile idiopathic arthritis (JIA). Synovial tissue was obtained at clinically indicated procedures from 
1373312		Homo sapiens	RNAseq of human nasal epithelial cultures infected with rhinovirus	scRNA	neurological|pulmonary|infectious	0	Rhinovirus (RV) is the most frequent cause of common colds, but also a major cause of serious respiratory illness in high-risk groups (e.g., smokers and asthmatics). The molecular mechanisms leading t
1067703		Homo sapiens	Heterogeneous Cardiac- and Neural Crest-Derived Aortic Smooth Muscle Cells have Similar Transcriptional Changes after TGFβ Signaling Disruption [scRNA-seq-of-human-aortic-cells]	scRNA	neurological|cardiovascular	0	We report single-cell RNA-seq data of different segments from human thoracic aortas Overall design: Root/Asc/Arch aortas were collected from human donors in operation room, then digested in collagenas
1034641		Homo sapiens	Transfer learning associates CAFs with EMT and inflammation in tumor cells in human tumors and organoid co-culture in pancreatic ductal adenocarcinoma [MULTIseq]	scRNA	cancer|autoimmune|normal	0	Pancreatic ductal adenocarcinoma (PDAC) is an aggressive malignancy characterized by an immunosuppressive tumor microenvironment enriched with cancer associated fibroblasts (CAFs). This study provides
995802	phs001587	Homo sapiens	The origin and dynamics of cellular heterogeneity vary across lineage subtypes of castrate resistant prostate cancer [scRNA-seq]	scRNA	cancer	0	Cancer cells often adapt a stem-like state resulting in lineage plasticity and phenotypic heterogeneity. We assessed the dynamics of lineage determination and cellular subpopulation expansion in treat
1288050		Homo sapiens	Numbat-multiome: Inferring copy number variation by combining RNA and chromatin accessibility information from single-cell data	multiome|atac	cancer	0	Numbat-multiome is a computational framework designed to infer copy number variations (CNVs) by integrating RNA and chromatin accessibility data from single-cell multiomic datasets. The methodology ex
668295		Homo sapiens	Identification of a minority population in breast cancer that integrates into the vasculature and initiates metastasis [scRNA-Seq]	smart-seq|scRNA	cancer|autoimmune|pulmonary|normal	0	Metastasis is responsible for the majority of cancer-related deaths1. Although single-cell RNA sequencing (scRNA-seq) has revealed considerable heterogeneity among tumor cells, identifying the cellula
870315		Homo sapiens	Diverse immune suppressing cancer communications with myeloid cells prevent T cell activation and recruitment and provide resistance to cell cycle inhibitor therapy	snRNA|scRNA	cancer|neurological|developmental	0	Cancer cells evolve and acquire the ability to develop resistance to therapy and change their environment. A key mechanism involves altering communication with non-malignant cells in the tumor microen
1037045	phs002361	Homo sapiens	Distinct baseline immune characteristics associated with responses to conjugated and unconjugated pneumococcal polysaccharide vaccines in older adults [bulk RNA-seq]		neurological|infectious|normal	0	Pneumococcal infections cause serious illness and death among older adults. A capsular polysaccharide vaccine PPSV23 (Pneumovax®) and a conjugated polysaccharide vaccine PCV13 (Prevnar®) are used to p
1080534		Homo sapiens	Long-Read Single-Cell RNA Sequencing Enables Cell Genotyping to Refine Subclone Detection in Chronic Lymphocytic Leukemia	scRNA	cancer	0	Bruton's tyrosine kinase (BTK) inhibitors are effective treatments for chronic lymphocytic leukemia (CLL) due to BTK’s role in B-cell survival and proliferation. Though effective, resistance occurs mo
663623	phs002316	Homo sapiens	Simultaneous trimodal single cell measurement of transcripts, epitopes, and chromatin accessibility using TEA-seq	10x_chromium|cite-seq|multiome|atac|scRNA	neurological|developmental	0	Single-cell measurements of cellular characteristics have been instrumental in understanding the heterogeneous pathways that drive differentiation, cellular responses to signals, and human disease. Re
793427		Homo sapiens	Deciphering Tumor Cell Evolution in Cutaneous T-Cell Lymphomas: Distinct Differentiation Trajectories in Mycosis Fungoides and Sézary Syndrome		cancer|neurological	0	Cutaneous T-cell lymphomas are a heterogeneous group of neoplasms originating in the skin, with mycosis fungoides (MF) and Sézary syndrome (SS) representing the most common variants. The cellular orig
622296		Homo sapiens	Single cell analysis reveals mechanisms of heterogeneity and plasticity of leukemia initiating cells [inDrop]		cancer|neurological	0	Leukemia initiating cells (LICs) self-renew indefinitely to fuel leukemic growth and spark disease relapse. Previously thought to be primitive and rare, the LIC state may actually be heterogeneous and
545332		Homo sapiens	single cell RNA-seq analysis of adult and paediatric IDH-wildtype Glioblastomas	10x_chromium|smart-seq|scRNA	cancer	0	To understand the diversity of expression states in IDH-wildtype Glioblastomas, we profiled 24,131 single cells from 28 patients with GBM by single-cell RNA sequencing (7,930 cells by Smartseq2 and 16
1113649		Homo sapiens	Single cell RNA-sequencing reveals molecular signatures that distinguish allergic from irritant contact dermatitis	scRNA	neurological	0	Allergic and irritant contact dermatitis can be challenging to distinguish. We used single cell RNA sequencing (scRNA-seq) and insterstitial fluid proteomic analysis to compare suction blister biopsy 
374527	phs001294	Homo sapiens	Homo sapiens	smart-seq|scRNA	neurological	0	Peripheral blood mononuclear cells (PBMCs) were isolated from fresh blood using Ficoll-Paque density gradient centrifugation. Single-cell suspensions were stained with different antibody cocktails des
846154		Homo sapiens	Clonally expanded CD38hi cytotoxic CD8 T cells define the T cell infiltrate in checkpoint inhibitor-associated arthritis		neurological|autoimmune	0	Immune checkpoint inhibitor (ICI) therapies have improved outcomes for advanced malignancies by activating T cell responses, yet often also elicit harmful autoimmune reactions. The T cell mechanisms m
374387		Homo sapiens	Homo sapiens	smart-seq|scRNA	developmental|normal	0	Dendritic cells (DC) and monocytes play a central role in pathogen sensing, phagocytosis and antigen presentation, and consist of multiple specialized subtypes. However, their identities and inter-rel
1276165		Homo sapiens	INCLUDE: Down syndrome early post-natal basal forebrain multiome	multiome	neurological|developmental|normal	0	Neurodevelopmental deficiencies and neuronal dysfunction contribute to cognitive impairment in individuals with Down syndrome, but what molecular pathways underlie the defects that lead to intellectua
1140521	phs002922	Homo sapiens	Baseline Immune State and T cell Clonal Kinetics are Associated with Response to CAR-T Therapy in Large B-cell Lymphoma	cite-seq|scRNA	cancer	0	Engineered cellular therapy with CD19-targeting chimeric antigen receptor T-cells (CAR-T) has revolutionized outcomes for patients with relapsed/refractory Large B-Cell Lymphoma (LBCL), but the cellul
1308196		Homo sapiens	Sequencing of rare pancreatic tumors that respond to PD-1 blockade	10x_chromium|scRNA	cancer	0	Pancreatic cancer is nearly always refractory to immunotherapy, except in a rare subset of patients whose tumors have a high mutational burden (TMB), usually due to mismatch-repair deficiency. We coll
1091798		Homo sapiens	A single cell framework identifies functionally and molecularly distinct multipotent progenitors in adult human hematopoiesis	scRNA	neurological|normal	0	Hematopoietic multipotent progenitors (MPPs) regulate blood cell production to appropriately meet the biological demands of the human body. Human MPPs remain ill-defined whereas mouse MPPs have been w
1368931		Homo sapiens	Single cell and spatial transcriptomic profiling of pustule formers and resolvers of Haemophilus ducreyi infection following a second challenge	spatial|scRNA	neurological|infectious	0	In this study, the cutaneous immune response of individuals who previously formed pustules (N=4) or who previously spontaneously resolved disease following Haemophilus ducreyi inoculation (N=4) were c
998545		Homo sapiens	Spatial transcriptomics analysis of neoadjuvant cabozantinib and nivolumab in advanced hepatocellular carcinoma identifies independent mechanisms of resistance and recurrence	10x_chromium|spatial	cancer|neurological|autoimmune|pulmonary|liver	0	Novel immunotherapy combination therapies have improved outcomes for patients with hepatocellular carcinoma (HCC), but responses are limited to a subset of patients. Little is known about the inter- a
524362		Homo sapiens	Expression profiling of PBMCs from VA-ECLS patients	scRNA	cardiovascular	0	We profiled RNA expression by means of single cell RNA-Seq from a total of ~60,000 cells from 38 patients undergoing VA-ECMO due to acute heart failure (including acute exacerbation of chronic failure
1087436		Homo sapiens	Single cell resolution analysis of multi-tissue derived human iNKT cells reveals novel transcriptional paradigms	scRNA	cancer|neurological|developmental	0	Invariant natural killer T (iNKT) cells are evolutionarily conserved innate lymphocytes important for host defense against pathogens. Further, they are increasingly recognized to play a role in tumor 
1020568	phs003417	Homo sapiens	Multimodal gene expression and chromatin accessibility profiles at the single-cell level of synovial tissue from individuals with arthritis	atac|snRNA	neurological|autoimmune	0	In this study, we sought to understand the cell states in which autoimmune disease heritability is enriched. To do so, we performed single-nucleus multimodal sequencing of cells in the inflamed synovi
753520		Homo sapiens	Atlas of Clinically Distinct Cell States and Cellular Ecosystems Across Human Solid Tumors	spatial	cancer|developmental|normal	0	Determining how cells vary with their local signaling environment and organize into distinct cellular communities is critical for understanding processes as diverse as development, aging, and cancer. 
1141508		Homo sapiens	Vascular invasion-associated gene expression is detectable in pre-surgical biopsies of stage I lung adenocarcinoma [bulkRNA-seq]	spatial	cancer|neurological|pulmonary	0	Microscopic vascular invasion (VI) predicts recurrence and benefit from lobectomy in stage I lung adenocarcinoma (LUAD) but cannot be accurately predicted before surgery. Thus, biomarkers that identif
1419881		Homo sapiens	Spatial analysis of IPMNs defines a paradoxical KRT17-positive, low-grade epithelial population harboring malignant features	spatial|scRNA	cancer	0	Intraductal papillary mucinous neoplasms (IPMNs) represent one of the few radiologically identifiable precursors to pancreatic ductal adenocarcinoma (PDAC); however, identifying lesions at greater ris
926596		Homo sapiens	Non-small Cell Lung Cancer Brain Metastasis Atlas [slide-seq]	spatial|snRNA	cancer|neurological|pulmonary|normal	0	We performed single nuclei RNA-sequencing (snRNA-seq) with matched T cell receptor sequencing (TCR-seq), pool matched low pass whole genome sequencing (WGS) and single-cell spatial transcriptomics  of
1043165	phs004269	Homo sapiens	Remodeling of the immune microenvironment is linked to adverse outcome in pediatric T cell acute lymphoblastic leukemia	10x_chromium|smart-seq|cite-seq	cancer|developmental|normal	0	Changes in the immune microenvironment are frequent in cancers occurring in adult patients, yet our understanding of the pediatric cancer immune microenvironment and its clinical relevance is limited.
849980		Homo sapiens	Colitis associated with immune checkpoint inhibitors [tissue_nuclei]	snRNA|scRNA	autoimmune	0	In this study we set investigate four aspects of irColitis that are vital  to the pathogenesis of most immunotherapy related adverse events: (1) the  interactions between CD8 T cells and other immune,
753770		Homo sapiens	Progressively overloaded single-cell RNA-seq with cell hashing	10x_chromium|scRNA	neurological	0	Barcode-based multiplexing methods can be used to increase throughput and reduce batch effects in large single-cell genomics studies. To evaluate methods for demultiplexing barcode-multiplexed data, w
1403032		Homo sapiens	Evaluation of the effects of endocrine therapy and abemaciclib on host and tumor immune cell repertoire/function in advanced ER+/HER2- breast cancer	scRNA	cancer	0	To characterize the advanced and metastatic breast tumor immune landscape and the impact of CDK4/6 inhibition on its composition and function, we used scRNA-seq to analyze tumor biopsies pre- and post
267617		Homo sapiens	Single Cell Analysis Program-Transcriptomics (SCAP-T)				This initiative is part of the Single Cell Analysis Program (SCAP) and is funded through the NIH Common Fund (See http://nihroadmap.nih.gov/), which supports cross-cutting programs that are expected t
951466		Homo sapiens	Deterministic evolution and stringent selection during pre-neoplasia		cancer		The earliest events during human tumor initiation are poorly characterized but may hold clues as to how to detect and prevent malignancy. Here we model this occult process by engineering TP53 deficien
1106926		Homo sapiens	Pre-existing skin-resident CD8 and gd T cell circuits mediate immune response in Merkel cell carcinoma and predict immunotherapy efficacy	spatial|scRNA	cancer|neurological		Merkel cell carcinoma (MCC) is an aggressive neuroendocrine skin cancer with a ~50% response rate to immunotherapy. Here, we attempted to identify novel predictive biomarkers of response through exten
597930		Homo sapiens	Single-cell analysis reveals different age-related somatic mutation profiles between stem and differentiated cells in human liver		neurological|metabolic|liver|normal		Highly metabolic liver is exposed to many sources of spontaneous mutagenesis resulting in increased genome instability that, potentially, causes age-related functional liver failure. Here we comparati
767162		Homo sapiens	The Psychiatric Cell Mapping Initiative (PCMI)	10x_chromium|scRNA	neurological		We sought to characterize the cell types produced by individual human cortical progenitors and describe their lineage relationships. We labeled individual human cortical cells with a massively complex
981645		Homo sapiens	Single-cell multi-omic analysis of the vestibular schwannoma ecosystem uncovers a nerve injury-like state	atac|scRNA	cancer		Vestibular schwannomas are benign tumors that can lead to significant morbidity, including hearing loss, facial nerve paralysis and obstructive hydrocephalus. The genomic landscape of vestibular schwa
1269127		Homo sapiens	Single cell RNA sequencing of tendon scar tissue (tenolysis)	scRNA	metabolic		This human tenolysis sample was collected as a control (non-diabetic sample) as part of larger study described below.The purpose of the larger study is to define the cellular and molecular environment
1054677		Homo sapiens	Systems analysis of single-cell heterogeneity underlying glioma drug resistance		cancer|neurological		This study characterizes the transcriptional regulatory mechanisms that drive responses of two patient-derived glioblastoma multiforme (GBM) stem-like cells (PD-GSCs) that have distinct phenotypes - o
629812		Homo sapiens	Chronic Malaria drives functional heterogenity in B cell subpopilations and expansion of unswitched atypical memory B cells [Malaria scRNA-seq]	scRNA	neurological		Human chronic infectious diseases have been shown to alter the composition and phenotype of the B cell compartment, which, in part, can attribute to failure to acquire protective immunity. However, th
335638	phs001269		Massively multiplex single-cell Hi-C				Proof-of-concept for a massively parallel single-cell version of the Hi-C protocol Overall design: Single-cell Hi-C Raw data for GSM2254215, GSM2254216, GSM2254218, GSM2254219 and GSM2438426 were subm
734779		Homo sapiens	Characterization of the stromal vascular fraction (SVF) of human subcutaneous adipose tissue (SAT)	drop-seq|scRNA	infectious|metabolic|normal		We report single-cell RNA-seq (Drop-seq) data from the stromal vascular fraction (SVF) of human subcutaneous adipose tissue (SAT). Overall design: Potential subjects were recruited in a consecutive fa
560990		Homo sapiens	SINGLE CELL ANALYSIS OF THE HUMAN PLACENTA		infectious|developmental|normal		Pregnancy and parturition is a complex physiological process requiring a well-orchestrated dialogue between the mother and fetus. The samples collected in this study aim to elucidate using single cell
1162011		Homo sapiens	Single-cell multiplex chromatin and RNA interactions in aging human brain		neurological		The study employs the Multi-Nucleic Acid Interaction Mapping in Single Cell (MUSIC) technique to concurrently profile multiplex chromatin interactions, gene expression, and RNA-chromatin associations 
731584		Homo sapiens	Transcriptome and Epigenome of TIL infusion for cancer immunotherapy	atac	cancer		Adoptive T cell therapy (ACT) using ex vivo_expanded autologous tumor-infiltrating lymphocytes (TILs) can mediate complete regression of certain human cancers. The impact of TIL phenotypes on clinical
267618		Homo sapiens	Homo sapiens				This initiative is part of the Single Cell Analysis Program (SCAP) and is funded through the NIH Common Fund (See http://nihroadmap.nih.gov/), which supports cross-cutting programs that are expected t
1174340	phs003002	Homo sapiens	CD137 agonism enhances anti-PD1 induced activation of clonally expanded CD8+ T cells in a neoadjuvant pancreatic cancer clinical trial	scRNA	cancer|normal		Successful pancreatic ductal adenocarcinoma (PDAC) immunotherapy requires therapeutic combinations that induce quality T cells. Tumor microenvironment (TME) analysis following therapeutic intervention
756990	phs002443	Homo sapiens	Molecular signatures of in-situ to invasive progression for basal-like breast cancers: An integrated mouse model and human tumor study [human]	scRNA	cancer|infectious		This study identifies progression in breast ductal carcinoma in situ (DCIS) as it progresses towards triple negative invasive breast cancer (TNBC). Overall design: Single cell RNA sequencing (scRNAseq
714638		Homo sapiens	Single-cell sequencing data for circulating CAR T cells in lymphoma patients	10x_chromium|cite-seq|scRNA	cancer		Purpose: To compare cell states amoung three populations of interest among circulating CAR T cells in patients with lymphoma. Methods: Nine patients with large B-cell lymphoma (LBCL) were treated with
738517	phs002407	Homo sapiens	A Single Cell Atlas of MMRd and MMRp Colorectal Cancer	spatial	cancer|normal		Immune responses to cancer are highly variable, in particular colorectal cancer tumors with mismatch repair-deficiency (MMRd) show an elevated presence and activity of immune cells as compared to mism
720948		Homo sapiens	Multimodal single cell analysis of molecular profiles of paired tissues of cutaneous T cell lymphoma	cite-seq	cancer|neurological|normal		Cutaneous T cell lymphoma (CTCL) is a heterogeneous group of mature T cell neoplasms characterized by the accumulation of clonal malignant CD4+ T cells in the skin. The most common variant of CTCL, My
1293471		Homo sapiens	Long-read Genome and Single-Nucleus Multiome Sequencing of Brain Tissue from Colombian Individuals with Neurodegenerative Diseases	multiome|snRNA	neurological		This study provides genomic, transcriptomic, and epigenomic data from brain tissue of Colombian individuals affected by neurodegenerative diseases. Participants were recruited through the Grupo de Neu
934664		Homo sapiens	A comprehensive platform for analyzing longitudinal multi-omics data				PALMO (Platform for Analyzing Longitudinal Multi-omics data) is a platform for analyzing longitudinal data from bulk as well as single cell. It allows to identify inter-, intra-donor variations in gen
772348		Homo sapiens	Identification of somatic changes in tumors from Fanconi anemia patients	10x_chromium|spatial	cancer|normal		This study focused on the identification of genomic signatures present in tumors from Fanconi anemia patients. Fanconi anemia is a rare hereditary disease caused by defects in DNA interstrand crosslin
1067702		Homo sapiens	Heterogeneous Cardiac- and Neural Crest-Derived Aortic Smooth Muscle Cells have Similar Transcriptional Changes after TGFβ Signaling Disruption [scRNA-seq-of-human-aortic-media-vascular-cells]	scRNA	neurological|cardiovascular		We report single-cell RNA-seq data of different segments from human thoracic aortas Overall design: Root/Asc/Arch/Desc aortas were collected from human donors in operation room, then digested in colla
892708		Homo sapiens	Multi-modal single-cell and whole-genome sequencing of small, frozen clinical specimens	spatial	cancer|neurological|liver		Clinical application of single-cell sequencing technologies has been hampered by their need for quick processing of relatively large, fresh specimens. Here, we benchmarked the performance of a new tec
1373319		Homo sapiens	Single-cell eQTL and multiome profiling of normal lung tissues for functional characterization of lung cancer risk-associated genomic loci	multiome	cancer|pulmonary|normal		This study was performed to identify cell-type-specific genetic regulation of gene expression in human lung tissues. All 129 participants are Korean female never-smokers who underwent lobectomey with 
758448		Homo sapiens	Longitudinal immune dynamics of mild COVID-19 define signatures of recovery and persistence		neurological|infectious		SARS-CoV-2 has infected over 160 million and caused more than 3 million deaths to date. Most individuals (>80%) have mild symptoms and recover in the outpatient setting, but detailed studies of immune
401960		Homo sapiens	Homo sapiens		cancer|normal		Effective anti-tumor immunity in humans has been associated with presence of T cells targeting neoantigens that arise from non-silent tumor-specific mutations. Here we conducted whole-exome sequencing
300465		Homo sapiens	Homo sapiens		neurological		The human neocortex is created from diverse intermixed progenitors in the prenatal germinal zones. These progenitors have been difficult to characterize since progenitors - particularly radial glia (R
1367138		Homo sapiens	Genome-scale spatial mapping of the Hodgkin lymphoma microenvironment	spatial	cancer|neurological|normal		A central challenge in cancer research is to identify the secreted factors that sustain tumor cell survival. This is best exemplified in Hodgkin lymphoma, where malignant cells constitute a minor frac
1229534	phs004377	Homo sapiens	Metabolic Adaptations Rewire CD4 T Cells in a Subset-Specific Manner in Human Critical Illness with and without Sepsis	10x_chromium|scRNA	infectious|metabolic|normal		Bioenergetic dysfunction is an archetypal finding in critical illness, particularly among patients with severe sepsis. A central feature of sepsis is the shift towards pathologic immunosuppression, es
672928		Homo sapiens	In-depth transcriptomic analyses investigating molecular mechanisms underlying diabetic retinopathy (totalRNA)	scRNA	metabolic|developmental|normal		Diabetic Retinopathy (DR) is among the major global causes for vision loss. With the rise in diabetes prevalence, an increase in DR incidence is expected. Current understanding of both the molecular e
565420		Homo sapiens	Single Cell sequencing analysis of Bone Marrow samples	10x_chromium			Study of hematopoietic stem and progenitor cell (HSPC) hierarchies in bone marrow cells from myelodysplastic syndromes through the transcriptional analysis of single cells in distinct differentiation 
1136492	phs003672	Homo sapiens	Late-stage tertiary lymphoid structures in hepatocellular carcinoma treated with neoadjuvant immune checkpoint blockade [bulk RNA-seq]	scRNA	cancer|liver		Tertiary lymphoid structures (TLS) are associated with improved response in solid tumors treated with immune checkpoint blockade (ICB), but understanding of their clinical significance and the circums
1259605		Homo sapiens	Single-cell atlas of human liver and blood immune cells across fatty liver disease stages	10x_chromium|scRNA	metabolic|liver|normal		The goal of the study was to investigate immunological correlates of human fatty liver disease progression. We generated a single-cell RNA-seq (scRNA-seq) atlas of immune cells from liver fine needle 
1103253		Homo sapiens	Immune determinants of resistance to PD-1 blockade in renal cell carcinoma	scRNA	cancer|neurological|infectious|kidney		We performed an integrated bulk and single-cell transcriptomic analysis of tumors from 102 advanced renal cell carcinoma patients enrolled in a phase II clinical trial of frontline nivolumab (NCT03117
622295		Homo sapiens	Single cell analysis reveals mechanisms of heterogeneity and plasticity of leukemia initiating cells [Seq-Well]		cancer|neurological		Leukemia initiating cells (LICs) self-renew indefinitely to fuel leukemic growth and spark disease relapse. Previously thought to be primitive and rare, the LIC state may actually be heterogeneous and
1010449		Homo sapiens	scRNAseq of Human Urothelial Carcinoma	scRNA	cancer		Single-cell RNA sequencing (scRNA-seq) was performed on urothelial carcinoma samples to investigate the association between squamous differentiation and gene expression. Treatment-naive samples, rangi
1080649		Homo sapiens	Single-cell multiplex chromatin and RNA interactions in aging human brain		neurological		The study employs the Multi-Nucleic Acid Interaction Mapping in Single Cell (MUSIC) technique to concurrently profile multiplex chromatin interactions, gene expression, and RNA-chromatin associations 
1001995	phs003230	Homo sapiens	Temporal evolution reveals bifurcated lineages in aggressive neuroendocrine small cell prostate cancer trans-differentiation (scRNA-Seq)	atac|scRNA	cancer|neurological|pulmonary|developmental|normal		Trans-differentiation from an adenocarcinoma to a small cell neuroendocrine state is associated with therapy escape in multiple cancer types. The temporal transcriptional changes of this process remai
551047		Homo sapiens	Single cell RNA-seq of BRAF-rearranged pilocytic astrocytomas	scRNA	cancer|neurological		Pilocytic astrocytoma (PA), the most common childhood brain tumor, is a low-grade glioma with a single driver BRAF rearrangement. Here, we perform scRNAseq in six PAs using methods that enabled detect
895391		Homo sapiens	Single-cell multi-omic analysis of the vestibular schwannoma ecosystem uncovers a nerve injury-like state [scATAC-seq]	atac|scRNA	cancer|normal		Vestibular schwannomas (VS) are benign tumors that lead to significant neurologic and otologic morbidity. How VS heterogeneity and the tumor microenvironment (TME) contribute to the pathogenesis of th
1024036		Homo sapiens	KRT17High/CXCL8+ tumor cells display both classical and basal features and regulate myeloid infiltration in the pancreatic cancer microenvironment.	scRNA	cancer		Recent studies have uncovered the co-existence of basal and classical subtypes within pancreatic ductal adenocarcinoma (PDAC). We sought to characterize these intermediary cells using single-cell RNA 
597931		Homo sapiens	Single-cell analysis reveals different age-related somatic mutation profiles between stem and differentiated cells in human liver		neurological|metabolic|liver|normal		Highly metabolic liver is exposed to many sources of spontaneous mutagenesis resulting in increased genome instability that, potentially, causes age-related functional liver failure. Here we comparati
733528		Homo sapiens	Single cell 'omics resolves transcriptional alterations in Sjogren's Syndrome				This data compares the single cell transcriptional profiles of the minor salivary glands and peripheral blood mononuclear cells (PBMCs) between patients diagnosed with Sjogren's Disease (SjD) and thos
431832		Homo sapiens	Single-cell RNA-seq of rheumatoid arthritis synovial tissue using low-cost microfluidic instrumentation	scRNA	autoimmune		Droplet-based single-cell RNA-seq has emerged as a powerful technique for massively parallel cellular profiling. While these approaches offer the exciting promise to deconvolute cellular heterogeneity
842002	phs002926	Homo sapiens	Young infants display heterogeneous serological responses and extensive but reversible transcriptional changes following initial immunizations	scRNA	infectious|normal		Infants necessitate vaccinations to prevent life-threatening infections. Our understanding of the infant immune responses to routine vaccines remains limited. We analyzed two cohorts of 2-month-old in
1254326		Homo sapiens	Human Body Single-Cell Atlas of 3D Genome Organization and DNA Methylation		normal		Cell type specific patterns of gene expression arise from an interplay of diverse gene regulatory mechanisms, including transcription factor binding, chromatin accessibility, DNA methylation, and high
727874		Homo sapiens	Integrative molecular characterization of breast cancer	snRNA|scRNA	cancer|normal		Version 1: We have performed integrative analyses of breast cancer tumors, including whole exome sequencing (WES) of tumor and normal pairs, whole transcriptome sequencing, and single-cell RNA sequenc
576262		Homo sapiens	Single-cell transcriptional diversity is a hallmark of developmental potential	smart-seq|scRNA	cancer|developmental|normal		Single-cell RNA sequencing (scRNA-seq) is a powerful approach for reconstructing cellular differentiation trajectories. However, inferring both the state and direction of differentiation is challengin
1040403		Homo sapiens	Cellular and Molecular Investigations of Human Hearts	atac|snRNA	cardiovascular|developmental		We aim to discover gene regulatory networks that govern heart morphogenesis in the early fetal heart. To this end, we have performed single-nucleus ATAC-seq on cells derived from 2 human hearts at 15 
1018224		Homo sapiens	Profiling of Sarcomas from Archival Tissues [TCR-Seq]	snRNA	cancer|infectious		We performed single nuclei RNA-sequencing (snRNA-seq) with matched T cell receptor sequencing (TCR-seq), and pool matched low pass whole genome sequencing (WGS) of eight specimens from six patients, e
1160822		Homo sapiens	Neoadjuvant immunotherapy promotes the formation of mature tertiary lymphoid structures in a remodeled pancreatic tumor microenvironment	10x_chromium|spatial	cancer|normal		Pancreatic adenocarcinoma (PDAC) is a rapidly progressing cancer that responds poorly to immunotherapies. Intratumoral tertiary lymphoid structures (TLS) have been associated with rare long-term PDAC 
1055624		Homo sapiens	Human Single-Cell Data	10x_chromium	cancer|neurological|normal		Familial platelet disorder (FPD) is caused by germline RUNX1 mutations. Families inheriting the disease suffer from platelet dysfunction and consequently various bleeding disorders. The life long risk
1269651		Homo sapiens	Clonal Heterogeneity in Human Pancreatic Ductal Adenocarcinoma and Its Impact on Tumor Progression	spatial|scRNA	cancer		This study of primary human pancreatic ductal adenocarcinoma (PDAC) tumors (n = 62) aims to characterize intratumoral clonal diversity, transcriptional plasticity, tumor_microenvironment interactions,
1018225		Homo sapiens	Profiling of Sarcomas from Archival Tissues [snRNA-Seq]	snRNA	cancer|infectious		We performed single nuclei RNA-sequencing (snRNA-seq) with matched T cell receptor sequencing (TCR-seq), and pool matched low pass whole genome sequencing (WGS) of eight specimens from six patients, e
639821	phs000924	Homo sapiens	Functional genomic analyses of iPSC-derived pancreatic progenitor cells	atac|scRNA	neurological|developmental		The goal of this study is to molecularly characterize regulatory variation in pancreatic progenitor cells (PPC). Here, we derived PPC from iPSCs of nine iPSCORE individuals (DeBoever et al., 2017; Pan
987020		Homo sapiens	Microvascular Permeability, Inflammation, and Lesion Physiology in Endometriosis: A Microphysiological Systems Approach	scRNA			The goal of the study is to identify novel molecular pathways involved in the etiology of endometriosis and to develop in vitro model systems to enable the study of the mechanisms regulating reproduct
985377		Homo sapiens	Integrated Analysis of Multimodal Single-Cell Datasets for SARS-CoV-2 Vaccination	cite-seq	infectious|developmental		The study aimed to explore immune responses during a time course of BNT162b2 mRNA vaccination. To better characterize these responses, we utilize a suite of multi-modal single-cell sequencing technolo
924778	phs000748	Homo sapiens	Single-cell discovery and multi-omic characterization of therapeutic targets in multiple myeloma [bulk RNA-seq]		cancer|developmental		Multiple myeloma (MM) is a highly refractory hematological cancer. Targeted immunotherapy has shown promise in MM but remains hindered by the challenge of identifying specific yet broadly representati
835813	phs001457	Homo sapiens	Pooled single-cell RNA-seq data from T cells from human synovial tissue	scRNA	autoimmune		T cells from several separate single-cell RNAseq datasets from human RA synovial tissue were combined into one dataset. The dataset includes both previously published and new data. Overall design: Cry
176408		Homo sapiens	Clonal Evolution of Pre-Leukemic Hematopoietic Stem Cells in AML		cancer|developmental		Acute myeloid leukemia is an aggressive clonal malignancy of the bone marrow that is the direct result of sequential acquisition of mutations in a single lineage of cells. In this study, we investigat
1007857		Homo sapiens	Dysregulation of naive T cell quiescence during Aging	scRNA	developmental|normal		TEA-seq (novel trimodal single-cell analysis of mRNA transcripts, surface protein epitopes, and chromatin accessibility) was performed on CD3+ T cells isolated from peripheral blood of healthy pediatr
893806		Homo sapiens	Whole-genome sequencing analysis of extrachromosomal DNA with Amplicon Architect		cancer		The study is related to our manuscript entitled "Single-cell genetic heterogeneity linked to immune infiltration in glioblastoma". Using multiplexed FISH analysis of 3-4 tumor cores from 17 glioblasto
659041	phs002003	Homo sapiens	A human cell atlas of fetal gene expression	scRNA	developmental|kidney|normal		The gene expression program underlying the specification of human cell types is of fundamental interest. We generated human cell atlases of gene expression and chromatin accessibility in fetal tissues
1136494	phs003672	Homo sapiens	Late-stage tertiary lymphoid structures in hepatocellular carcinoma treated with neoadjuvant immune checkpoint blockade [scRNA-seq]	scRNA	cancer|liver		Tertiary lymphoid structures (TLS) are associated with improved response in solid tumors treated with immune checkpoint blockade (ICB), but understanding of their clinical significance and the circums
1151741		Homo sapiens	Programs, Origins, and Immunomodulatory Functions of Myeloid Cells in Gliomas	scRNA	cancer|neurological|autoimmune		Gliomas are challenging malignancies characterized by an immunosuppressive microenvironment filled with myeloid cells, whose roles in immune modulation are not fully understood. In this study, we util
961306		Homo sapiens	MAITS in HCC	spatial|scRNA	cancer|developmental|liver		Hepatocellular Carcinoma (HCC) is a leading cause of cancer-related death and can be considered a prototype of inflammation-derived cancer arising from chronic liver injury. The cell composition of th
1077097		Homo sapiens	Risk factors for asymptomatic diverticulosis	scRNA			Data for this analysis came from a prospective study of colonic diverticulosis at the University of North Carolina Hospital in Chapel Hill, North Carolina (NIH R01DK094738). This is a case-control gen
430958		Homo sapiens	Genetics, Cellular and Natural History of X-Linked Dystonia Parkinsonism	10x_chromium	neurological		X-linked Dystonia-Parkinsonism (XDP, DYT3) is a long-standing quandary in human disease genetics. XDP is predominantly observed on Panay island in the Philippines. This study is one of the first of it
946020		Homo sapiens	Analysis of donor pancreata defines the transcriptomic signature and microenvironment of early neoplastic pancreatic lesions.	10x_chromium|scRNA	neurological|normal		The adult healthy human pancreas has been poorly studied given lack of indication to obtain tissue from the pancreas in the absence of disease and rapid postmortem degradation. We obtained pancreata f
753541					pulmonary		DNA mutations in somatic cells have been implicated in the causation of aging, with longer-lived species having a higher capacity to maintain genome sequence integrity than shorter-lived species. In a
1209132		Homo sapiens	Developing targeted therapy for patients with Multiple Myeloma and Amp1q	scRNA	cancer		Multiple myeloma (MM) frequently presents with gain or amplification of chr1q (1q+), which is associated with inferior response to treatment and poor outcomes. To develop targeted therapy for MM with 
1205007	phs003418	Homo sapiens	Single-cell Transcriptomic Characterization of Microscopic Colitis	10x_chromium|scRNA	neurological|autoimmune		Patients with microscopic colitis (MC), chronic diarrhea without histological signs of MC, or unaffected controls were profiled using single-cell RNA sequencing (scRNA-seq; inDrops and 10X Genomics we
981646		Homo sapiens	Single-cell multi-omic analysis of the vestibular schwannoma ecosystem uncovers a nerve injury-like state	atac|scRNA	cancer		Vestibular schwannomas are benign tumors that can lead to significant morbidity, including hearing loss, facial nerve paralysis and obstructive hydrocephalus. The genomic landscape of vestibular schwa
498741		Homo sapiens	Pancreatic adenocarcinoma human organoids share structural and genetic features with primary tumors	scRNA	cancer		Patient-derived pancreatic ductal adenocarcinoma (PDAC) organoid systems show great promise for understanding the biological underpinnings of disease and advancing therapeutic precision medicine. Desp
982044	phs003015	Homo sapiens	Tracking of donor and recipient immune and leukemia phenotypes after allogeneic stem cell transplantation using mitochondrial DNA mutations. [ASAP-Seq 3]	atac	cancer		Mitochondrial DNA mutations (mtDNA) enable deconvolution of donor- and recipient-derived single cell profiles. Here, we provide examples for sensitive donor-recipient deconvolution of peripheral blood
671381		Homo sapiens	Characterization of immune evasion in Merkel cell carcinoma	atac|scRNA	cancer|infectious		Merkel cell carcinoma (MCC) is a rare, neuroendocrine skin carcinoma that is caused by the Merkel cell polyomavirus (MCPyV) in 80% of cases and by ultraviolet (UV) damage in 20% of cases. MCC should t
1402413		Homo sapiens	PGE2-Driven Inhibition of T Cell Activation		autoimmune|developmental|normal		We aim to elucidate the functional effects of PGE2 and non-coding, inflammatory bowel disease (IBD)-associated genetic variants on T cells exposed to activation stimuli and other inflammatory mediator
1206149		Homo sapiens	Graft-versus-host disease prophylaxis shapes T cell biology and immune reconstitution after hematopoietic cell transplant		neurological|infectious		Successful hematopoietic cell transplant requires immunosuppression to prevent graft-versus-host disease (GVHD), a lethal, T-cell-mediated post-transplant complication. The phase 3 BMT CTN 1703 trial 
663562		Homo sapiens	Shared transcriptional profiles at the single cell level of atypical memory B cells suggest common drivers of expansion and function in malaria, HIV and autoimmune diseases [HIV scRNA-seq]	scRNA	autoimmune|infectious|normal		Human chronic infectious diseases, including malaria and HIV and autoimmune diseases, notably SLE, are accompanied by a striking expansion of a subpopulation of B cells termed atypical memory B cells 
292832		Homo sapiens	Homo sapiens	smart-seq|scRNA	cancer		To understand the diversity of expression states within melanoma tumors, we obtained freshly resected samples, dissagregated the samples, sorted into single cells and profiled them by single-cell RNA-
1103254		Homo sapiens	Immune determinants of resistance to PD-1 blockade in renal cell carcinoma	scRNA	cancer|neurological|infectious|kidney		We performed an integrated bulk and single-cell transcriptomic analysis of tumors from 102 advanced renal cell carcinoma patients enrolled in a phase II clinical trial of frontline nivolumab (NCT03117
1149106		Homo sapiens	Developing Allelic Imbalance Analysis from Single-Nucleus RNA-seq Data	snRNA|scRNA			Single-cell RNA-seq (scRNA-seq) is emerging as a powerful tool for understanding gene function across diverse cells. Recently, this has included the use of allele-specific expression (ASE) analysis to
513294	phs002007	Homo sapiens	Transcriptomic characterization of human innate T cells	scRNA	neurological|normal		We performed low input RNA-seq and single-cell RNA-seq to transcriptionally characterize four human innate T cell (ITCs) subsets, namely iNKT, MAIT, Vδ1 expressing γδ T cells, and Vδ2 expressing γδ T 
1205008	phs003418	Homo sapiens	Single-cell Transcriptomic Characterization of Microscopic Colitis	10x_chromium|scRNA	neurological|autoimmune		Patients with microscopic colitis (MC), chronic diarrhea without histological signs of MC, or unaffected controls were profiled using single-cell RNA sequencing (scRNA-seq; inDrops and 10X Genomics we
415685		Homo sapiens	Single cell RNA-seq reveals malignant and stromal programs associated with invasion and metastasis in head and neck cancer	scRNA	cancer|neurological		This study of head and neck cancer aimed to profile individual malignant, stromal, and immune cells in treatment-naive oral cavity squamous cell carcinoma, with or without matched metastatic cervical 
295469		Homo sapiens	Homo sapiens		neurological|developmental		We sought to characterize cellular heterogeneity in the human cerebral cortex at a molecular level during cortical neurogenesis. We captured single cells and generated sequencing libraries using the C
1321401		Homo sapiens	Single-Cell Analysis of Placenta Development	spatial|atac|snRNA	developmental|normal		This study aims to generate a comprehensive, high-resolution understanding of the human maternal-fetal interface across gestation during healthy pregnancy. The project will combine large-scale paired 
1054684		Homo sapiens	Immunoprofiling of the blood and intestine and creation of a gut cell atlas	cite-seq|spatial|scRNA	autoimmune|normal		This is a focused, nested case-control study within our larger cohort "Immunoprofiling of the Blood and Intestine and Creation of a Gut Cell Atlas". This sub-study is titled as "Single-cell and spatia
984316	phs003629	Homo sapiens	Pre-existing skin-resident CD8 and γδ T cell circuits mediate immune response in Merkel cell carcinoma and Predict immunotherapy efficacy [scRNA_tissue]	scRNA	cancer		Merkel Cell Carcinoma (MCC) is an aggressie skin cancer with limiterd treatment and low response rates to Immune Checkpoint Blockade (ICB) therapy. We compiled the largest sc database of MCC tumor sam
904018		Homo sapiens	Human blastocyst lOX single cell RNA sequencing	scRNA	developmental		Recent advances in human blastoids have opened new avenues for modeling early human development and implantation. One limitation of our first protocol for human blastoid generation was relatively low 
899464		Homo sapiens	Paired bulk and single-cell RNA-seq on high-grade serous ovarian cancer (HGSOC) samples	scRNA	cancer|neurological		We have sequenced ovarian tumors in several different ways: 1) poly-A captured scRNA-seq, 2) poly-A captured pooled scRNA-seq in pools of 4 samples each 3) Bulk RNA-seq on ribo-depleted tumor chunks 4
622297		Homo sapiens	Single cell analysis reveals mechanisms of heterogeneity and plasticity of leukemia initiating cells [bulk RNA-seq]		cancer|neurological		Leukemia initiating cells (LICs) self-renew indefinitely to fuel leukemic growth and spark disease relapse. Previously thought to be primitive and rare, the LIC state may actually be heterogeneous and
1419880		Homo sapiens	Spatial analysis of IPMNs defines a paradoxical KRT17-positive, low-grade epithelial population harboring malignant features	spatial|scRNA	cancer		Intraductal papillary mucinous neoplasms (IPMNs) represent one of the few radiologically identifiable precursors to pancreatic ductal adenocarcinoma (PDAC); however, identifying lesions at greater ris
752397		Homo sapiens	Single-cell Miniaturized Total RNA-seq (STORM-seq) in cell lines and primary tissues	smart-seq|scRNA			Here we introduce STORM-seq, a standardized and generally available approach to profiling total RNA in single cells by miniaturization of the Takara SMART-seq Stranded (SSS) kit. The use of nanoliter-
740370	phs001323	Homo sapiens	Single-cell RNA-sequencing identifies immune biomarkers of response to immunotherapy in patients with high-risk Smoldering Myeloma	scRNA	cancer		Single-cell RNA-sequencing identifies immune biomarkers of response to immunotherapy in patients with high-risk Smoldering Multiple Myeloma (SMM). We conducted a Phase II trial of the immunotherapeuti
906193		Homo sapiens	Starfysh reveals heterogeneous spatial dynamics in the breast tumor microenvironment	spatial	cancer|neurological		Integrative analysis of primary estrogen receptor-positive (ER+) breast cancer, triple-negative breast cancer (TNBC), and metaplastic breast cancer (MBC) tumors using Starfysh.  Overall design: spatia
764785		Homo sapiens	Multi-omic Investigation of Beckwith-Wiedemann Syndrome Hepatoblasto	snRNA	cancer|developmental|liver|normal		Hepatoblastoma (HB) is the most common malignant liver tumor diagnosed in children under 5 years of age. One of the most common HB predisposition syndromes is Beckwith-Wiedemann Syndrome (BWS, OMIM 13
942021		Homo sapiens	Identification of high-risk PHF19 expressing cells in myeloma single cell multiomics	atac|scRNA	cancer		The aim of this study is to identify novel subsets of cells that are associated with progression and response to treatment. In this project, we study the tumor fraction from 49 myeloma patients across
476644		Homo sapiens	Single-cell RNA-seq of melanoma ecosystems reveals sources of T cells exclusion linked to immunotherapy clinical outcomes	smart-seq|scRNA	cancer|neurological|developmental		Immune checkpoint inhibitors (ICI) produce durable responses in some melanoma patients, but many patients derive no clinical benefit, and the molecular underpinnings of such resistance remain elusive.
686999		Homo sapiens	Transcriptional Profiling of Pediatric Cholestatic Livers Identifies Three Distinct Macrophage Populations	scRNA	developmental|liver		We characterize three subpopulations of cholestatic macrophages in pediatric patients with biliary atresia (BA) and Alagille syndrome (ALGS). Overall design: single-cell RNA-seq of liver biopsies Note
609182		Homo sapiens	A single-cell and single-nucleus RNA-Seq toolbox for fresh and frozen human tumors	snRNA|scRNA	cancer|neurological		Single cell transcriptomics is a powerful tool to map the complex tumor microenvironment, providing unprecedented resolution into cell types, cell states, cell interactions, and tumor heterogeneity. D
990791		Homo sapiens	Deconvolution of the mechanisms of T cell drug response in multiple myeloma induction therapy		cancer|normal		In this study, we characterize the effect of bortezomib, lenalidomide, and dexamethasone on T cells, with the help of high-quality datasets generated using the trimodal single-cell genomics method TEA
1281734		Homo sapiens	Pyoderma gangrenosum caused by molecular uncoupling of OTULIN catalytic activity and LUBAC binding	10x_chromium|scRNA	normal		This is a single-cell RNA sequencing (scRNA-seq) study using peripheral blood mononuclear cells (PBMC) from 3 healthy donors and 2 patients with OTULIN-related Pyoderma Gangrenosum (ORP). Samples were
1081500		Homo sapiens	Aberrant activation of wound healing programs within the metastatic niche facilitates lung colonization by osteosarcoma cells	spatial|scRNA	cancer|pulmonary|developmental		Lung metastasis is responsible for nearly all deaths caused by osteosarcoma, the most common pediatric bone tumor. How malignant bone cells coerce the lung microenvironment to support metastatic growt
759182		Homo sapiens	The Landscape of Tumor Cell States and Ecosystems in Diffuse Large B Cell Lymphoma [scVDJ-seq]	scRNA	cancer|neurological		Biological heterogeneity in diffuse large B cell lymphoma (DLBCL) is partly driven by cell-of-origin subtypes and associated genomic lesions, but also by diverse cell types and cell states in the tumo
961307		Homo sapiens	MAITS in HCC	spatial|scRNA	cancer|developmental|liver		Hepatocellular Carcinoma (HCC) is a leading cause of cancer-related death and can be considered a prototype of inflammation-derived cancer arising from chronic liver injury. The cell composition of th
356914		Homo sapiens	Homo sapiens	10x_chromium|spatial	cancer		Recently developed methods that utilize partitioning of long genomic DNA fragments, and barcoding of shorter fragments derived from them, have succeeded in retaining long-range information in short se
677986	phs001961	Homo sapiens	Single Nucleus RNA-Seq Multiomic Profiling Reveals Age-Dynamic Regulation of Host Genes Associated with SARS-CoV-2 Infection [scRNA-Seq]	atac|snRNA|scRNA	neurological|pulmonary|infectious|normal		Respiratory failure is the leading cause of COVID-19 death and disproportionately impacts adults more than children. Here, we present a large-scale snATAC-seq dataset (90,980 nuclei) of the human lung
1227598		Homo sapiens	Single cell and spatial transcriptomics studies of Fibrosis in Prospective Registry in IBD Study at MGH and GI Disease and Endoscopy Registry	spatial	autoimmune|pulmonary|normal		Stricturing disease or fibrosis is a common complication of inflammatory bowel disease (IBD), often requiring surgical intervention. This process is caused by the abnormal deposition of extracellular 
671244		Homo sapiens	HubMAP: A Spatially Resolved Molecular Atlas of Human Endothelium	spatial|atac	neurological|cardiovascular|normal		The human circulatory system plays a vital role in the proper functioning of every organ in the human body. Because vascular related diseases, such as atherosclerosis, do not occur homogeneously throu
791349		Homo sapiens	Multi-modal single-cell and whole-genome sequencing of minute, frozen specimens to propel clinical applications		cancer|neurological|pulmonary|infectious|liver		We provide 5’ and/or 3’ single cell and single nuclei RNA sequencing data for matched comparisons of profiling from fresh (single cells) and frozen (single nuclei) samples of a non small cell lung can
667716		Homo sapiens	Single Cell Analyses of Renal Cell Cancers Reveal Insights into Tumor Microenvironment, Cell of Origin, and Therapy Response	10x_chromium|scRNA	cancer|kidney|normal		Diverse subtypes of renal cell carcinomas (RCC) display a wide spectrum of histomorphologies, proteogenomic alterations, immune cell infiltration patterns, and clinical behavior. Delineating the ontog
1367139		Homo sapiens	Genome-scale spatial mapping of the Hodgkin lymphoma microenvironment	spatial	cancer|neurological|normal		A central challenge in cancer research is to identify the secreted factors that sustain tumor cell survival. This is best exemplified in Hodgkin lymphoma, where malignant cells constitute a minor frac
994264		Homo sapiens	Investigating delayed-onset Drug Hypersensitivity Reactions Prospectively	scRNA			Delayed-type drug hypersensitivity reactions (dtDHR) are significant causes of morbidity and mortality, but the origin, phenotype and function of pathogenic T cells across the spectrum of severity are
934666		Homo sapiens	Single Cell DNA Methylation Analysis for Forensic Epigenetics	snRNA	neurological|infectious		As part of the Epigenetic CHaracterization and Observation (ECHO) program, the Genomic Analysis Laboratory at the Salk Institute generated the DNA methylation profiles of certain PBMC cell types to de
744860		Homo sapiens	Single cell analysis reveals mechanisms of heterogeneity and plasticity of leukemia initiating cells [CITEseq]	cite-seq	cancer|neurological		Leukemia initiating cells (LICs) self-renew indefinitely to fuel leukemic growth and spark disease relapse.  Previously thought to be primitive and rare, the LIC state may actually be heterogeneous an
807046		Homo sapiens	Multiplexed scRNA-seq reveals cellular and genetic correlates of SLE	scRNA	neurological|autoimmune		Systemic lupus erythematosus (SLE) is a heterogeneous autoimmune disease. Knowledge of circulating immune cell types and cell states associated with SLE remains incomplete. We profiled over 1.2 millio
1078931		Homo sapiens	Spatial transcriptomics reveals discrete tumour microenvironments and autocrine loops within ovarian cancer subclones	10x_chromium|spatial	cancer|neurological|normal		Ovarian masses from patients with high grade serous ovarian carcinoma undergoing debulking surgery were subjected to spatial transcriptomics profiling using the 10x Genomics Visium (fresh frozen) plat
926598		Homo sapiens	Non-small Cell Lung Cancer Brain Metastasis Atlas [lpWGS]	snRNA	cancer|neurological|pulmonary|normal		We performed single nuclei RNA-sequencing (snRNA-seq) with matched T cell receptor sequencing (TCR-seq), and pool matched low pass whole genome sequencing (WGS)  of 12 treatment-naïve non-small cell l
1185830		Homo sapiens	Longitudinal Multi-omic Immune Resource Reveals Dynamic Responses in Healthy Human Aging	scRNA	neurological|infectious|normal		The generation and maintenance of protective immunity is a dynamic interplay between host and environment that is impacted by age. Understanding fundamental changes in the healthy immune system that o
1373320		Homo sapiens	Parkinson Cell Atlas in 5D (PD5D)	spatial|snRNA	neurological|normal		Genome-wide association studies (GWAS) have unequivocally linked thousands of noncoding variants to Parkinson's disease (PD). Why have these breakthroughs not uncovered the mechanism(s) of common, gen
516635		Homo sapiens	The altered DNA methylation landscape in chronic lymphocytic leukemia emerges early and persists after treatment		cancer|neurological|normal		Here we measured genome-wide DNA methylation in patients with chronic lymphocytic leukemia as it provides an opportunity to capture the emergence of altered methylation landscapes as well as track the
928684		Homo sapiens	Single cell RNA sequencing of pancreastic cancer associated fibroblasts (CAFs) exposed to hypoxia	scRNA	cancer		Single cell RNA sequencing of cancer associated fibroblasts cultured in hypoxia and normoxia environments Overall design: Total 81 HCCs with PET information were sequenced to identify gene expressions
659732	phs002280	Homo sapiens	Multimodal Analysis for Human ex vivo Studies Shows Extensive Molecular Changes from Delays in Blood Processing	10x_chromium|scRNA	autoimmune|normal		Multi-omic profiling of human peripheral blood is increasingly utilized to identify biomarkers and pathophysiologic mechanisms of disease. The importance of these platforms in clinical and translation
1162163		Homo sapiens	10x Multiome from Human Fetal Heart	10x_chromium|multiome|atac|scRNA	cardiovascular|developmental|normal		We hope to uncover the genetic basis of congenital heart disease by examining how genetic variants, especially those in non-coding regions, influence heart development. To achieve this goal, our resea
1227601		Homo sapiens	Systemic inflammation and lymphocyte activation precede rheumatoid arthritis	scRNA	autoimmune|developmental		The Allen Institute for Immunology-University of California, San Diego-University of Colorado Transition to Rheumatoid Arthritis (ALTRA) project is a prospective longitudinal cohort study to understan
1138808		Homo sapiens	Mutation patterns predict drug response in acute myeloid leukemia		cancer		As part of a study correlating co-occurring mutations in Acute Myeloid Leukemia (AML) with drug sensitivity, we performed single cell mutation analysis to document the subclonal composition for 8 pati
1333510		Homo sapiens	Studies of Atopic Dermatitis through Single-cell Transcriptomics and Immune Repertoires	scRNA	neurological|normal		In atopic dermatitis (AD) patients, the homeostatic processes maintaining barrier integrity and immune regulation in the skin break down, resulting in chronic inflammation. To understand the tissue ch
1075299		Homo sapiens	Coordinated immune networks in leukemia bone marrow microenvironments distinguish response to cellular therapy	spatial|scRNA	cancer		Understanding how intra-tumoral immune populations coordinate to generate anti-tumor responses following therapy can guide precise treatment prioritization. We performed systematic dissection of an es
679098		Homo sapiens	Yale SPORE in Skin Cancer Project 2	10x_chromium	cancer		Understanding the relationship between tumor and peripheral immune environments could allow longitudinal immune monitoring in cancer. Here, we examined whether T cells that share the same TCRab and ar
633185		Homo sapiens	Heart of Cells	spatial|merfish|scRNA	neurological|cardiovascular		The heart, which is the first organ to develop, is highly dependent on its form to function. However, how diverse cardiac cell types spatially coordinate to create complex morphological structures cri
1021761		Homo sapiens	Deconvolution of the mechanisms of T cell drug response in multiple myeloma induction therapy	atac|scRNA	cancer|normal		Bortezomib, lenalidomide, and dexamethasone are administered to treat various hematologic malignancies. We tested the effects of each drug on the molecular state of primary human peripheral blood T ce
895347		Homo sapiens	Clonal dynamics of alloreactive T cells in kidney allograft rejection after anti-PD-1 therapy [Non-naive CD8 single-cell]	scRNA	cancer|neurological|kidney		Kidney transplant recipients are at particular risk for developing tumors, many of which are now routinely treated with immune checkpoint inhibitors (ICIs); however, ICI therapy can precipitate transp
1023366		Homo sapiens	Children's Hospital of Philadelphia  B- and T-cell Acute Leukemia and Lymphomas	cite-seq|atac	cancer|neurological|developmental|normal		Our goal with this study was to identify the mechanisms of treatment resistance in T-cell acute lymphoblastic leukemia (ALL) using single-cell genomics. We profiled 40 T-ALL cases from the Children's 
267621		Homo sapiens	Homo sapiens	spatial	neurological|normal		A comprehensive characterization of transcriptional diversity and heterogeneity of the human cortex is crucial to understand its functions in healthy and disease conditions. The diversity and cellular
355008		Homo sapiens	Homo sapiens	scRNA	neurological|developmental		DNA methylation is a well studied, yet still incompletely understood component of the multi-layered epigenome. The somatic DNA methylation landscape is established early in development, but remains hi
1151149		Homo sapiens	Single cell and spatial transcriptomic profiling of Haemophilus ducreyi infection	10x_chromium|spatial	neurological|infectious		We investigated the immune response in end-point pustules formed by Haemophilus ducreyi in volunteers using an experimental infection model. Six volunteers were infected in the skin of the upper arm a
1014561		Homo sapiens	Immune Responses in Checkpoint Myocarditis Across Heart, Blood, and Tumor	scRNA	cancer|autoimmune|cardiovascular		Immune checkpoint inhibitors (ICIs) are widely used in anti-cancer therapies, but they can cause morbid and potentially fatal immune-related adverse events (irAEs), such as ICI-related myocarditis (ir
1276618		Homo sapiens	Single-cell RNA-seq profiling of peripheral immune responses to severe infection in Uganda	10x_chromium|scRNA	infectious		We conducted a prospective observational study (RESERVE-U-2-TOR) of adults admitted to Tororo General Hospital in eastern Uganda with severe, undifferentiated infection (i.e., suspected sepsis). Perip
1149847		Homo sapiens	Dynamic evolution of fibroblasts revealed by single cell RNA sequencing of human pancreatic cancer	10x_chromium|spatial|scRNA	cancer|normal		Understanding the constituents of the pancreatic ductal adenocarcinoma (PDAC) microenvironment may illuminate more efficacious targets for treating this aggressive malignancy. However, the composition
1021760		Homo sapiens	Deconvolution of the mechanisms of T cell drug response in multiple myeloma induction therapy	atac|scRNA	cancer|normal		Bortezomib, lenalidomide, and dexamethasone are administered to treat various hematologic malignancies. We tested the effects of each drug on the molecular state of primary human peripheral blood T ce
1321400		Homo sapiens	Single-Cell Analysis of Placenta Development	spatial|atac|snRNA	developmental|normal		This study aims to generate a comprehensive, high-resolution understanding of the human maternal-fetal interface across gestation during healthy pregnancy. The project will combine large-scale paired 
1373305		Homo sapiens	Identifying senescence and immune biomarkers predictive of benefit to combined CDK4 and checkpoint blockade inhibition in patients with dedifferentiated liposarcoma	scRNA	cancer		This dataset comes from an exploratory correlatives sub-study embedded within NCT04438824, a single-arm, open-label phase II trial evaluating the combination of the CDK4/6 inhibitor palbociclib and th
1181949		Homo sapiens	Droplet Hi-C for Fast and Scalable Profiling of Chromatin Architecture in Single Cells		cancer		Current methods for analyzing chromatin architecture are not readily scalable to heterogeneous tissues. Here we introduce Droplet Hi-C, which uses a commercial microfluidic device for high-throughput,
610095		Homo sapiens	Molecular characterization of bulk and single cell prostate cancer	scRNA	cancer|neurological|normal		Version 1: We performed single-cell RNA-sequencing (scRNA-seq) of fresh biopsies from metastatic castration resistant prostate cancer. Additionally, where available, we performed matched bulk whole ex
672733		Homo sapiens	Single-cell RNA Sequencing data from PBMC subjected to whole blood processing delay	scRNA			Multi-omic profiling of human peripheral blood is increasingly utilized to identify biomarkers and pathophysiologic mechanisms of disease. The importance of these platforms in clinical and translation
850500		Homo sapiens	Single-cell analysis of CD19-specific CAR T cell treatment of relapsed/refractory CD19+ acute lymphoblastic leukemia		cancer		By leveraging single-cell transcriptome and T cell receptor (TCR) sequencing, we aimed to track the transcriptional signatures of chimeric antigen receptor (CAR) T cell clonotypes throughout the cours
387322		Homo sapiens	Homo sapiens	scRNA	cancer		Intratumoral genetic heterogeneity has been characterized across cancers by genome sequencing of bulk tumors, including chronic lymphocytic leukemia (CLL). In order to more accurately identify subclon
1374226		Homo sapiens	Establishing and benchmarking advanced methods to comprehensively characterize somatic genome variation in single human cells				Understanding somatic genomic variation presents unique challenges, primarily stemming from the individual rarity of most somatic mutations across cells in a multicellular organism. Hence, both sensit
1033334		Homo sapiens	Single-cell dynamics of breakthrough toxicities following anakinra prophylaxis for axicabtagene ciloleucel treatment in lymphoma	10x_chromium|scRNA	cancer|neurological|autoimmune|developmental|normal		Chimeric antigen receptor T cells have transformed the treatment of multiple hematologic malignancies, but are limited in application due to treatment-related toxicities. Cytokine release syndrome (CR
615003		Homo sapiens	CLL relapse after allo-HSCT		cancer		We investigated the molecular dynamics driving relapse of chronic lymphocytic leukemia (CLL) following allogeneic hematopoietic stem cell transplant (allo-HSCT) through an integrated analysis of whole
1040404		Homo sapiens	Cellular and Molecular Investigations of Human Hearts	atac|snRNA	cardiovascular|developmental		We aim to discover gene regulatory networks that govern heart morphogenesis in the early fetal heart. To this end, we have performed single-nucleus ATAC-seq on cells derived from 2 human hearts at 15 
1300501	phs001300	Homo sapiens	Single Nuclei Multiome of the NABEC Cerebral Cortex	multiome|atac|snRNA	neurological|normal		We generated paired single nucleus multiome ATAC plus gene expression data in 202 human brain samples from the North American Brain Expression Consortium (NABEC, dbGaP parent study accession phs001300
1211201		Homo sapiens	Multiomic Landscape of Multiple Myeloma Precursor and Relapsed Disease	10x_chromium|multiome|atac	cancer|normal		Multiple myeloma (MM) is a treatable, though incurable, plasma cell malignancy. The molecular mechanisms driving disease onset and the emergence of drug resistance remain elusive. To better characteri
1199597		Homo sapiens	Spatial multi-omics of intratumoral humoral immunity niches associated with tertiary lymphoid structures in pancreatic cancer pathologic responders to immunotherapy.	spatial	cancer		Pancreatic ductal adenocarcinoma (PDAC) is a rapidly progressing cancer that responds poorly to immunotherapies. Intratumoral tertiary lymphoid structures (TLS) have been associated with rare long-ter
1399486		Homo sapiens	Systematic evaluation of single-cell multimodal data integration for comprehensive human reference atlas	atac|snRNA|scRNA	neurological|kidney|normal		We systematically evaluated experimental and computational strategies for integrating multimodal single-cell and single-nucleus genomics data in complex human tissues. Using human renal cortex as the 
681647		Homo sapiens	Interdependencies of Intratumoral Genetic Heterogeneity and the Immune Microenvironment in Chronic Lymphocytic Leukemia	scRNA	cancer		Tumor microenvironment (TME) and somatic mutations drive progression of chronic lymphocytic leukemia (CLL). Integrated bulk and single-cell RNA sequencing (RNA-seq) of paired peripheral blood (PB) and
1024037		Homo sapiens	KRT17High/CXCL8+ tumor cells display both classical and basal features and regulate myeloid infiltration in the pancreatic cancer microenvironment.	scRNA	cancer		Recent studies have uncovered the co-existence of basal and classical subtypes within pancreatic ductal adenocarcinoma (PDAC). We sought to characterize these intermediary cells using single-cell RNA 
706570		Homo sapiens	Single cell RNA-seq analysis of bronchial epithelium in patients with severe SARS-CoV-2 pneumonia	10x_chromium|scRNA	infectious		To test whether airway epithelial and immune cells in patients with severe SARS-CoV-2 pneumonia exhibit specific gene expression signatures (namely interferon-response signature) we have performed bro
267620		Homo sapiens	Homo sapiens				This study aims to assess the technical and biological noise in measured RNA levels in single cells in a number of human tissue types, and to develop analytical tools to address the complexity observe
1422192		Homo sapiens	Multi-omics profiling of genetic and transcriptomic alterations in bladder cancer	scRNA	cancer|normal		This prospective study aimed to explore genetic and transcriptomic alterations in bladder cancer using multi-omics approaches. Samples were obtained from clinical investigators under Center for Cancer
670116		Homo sapiens	HTAN_MCL_PCAPP_Breast_CA		cancer|infectious|normal		The HTAN-MCL Pre-Cancer Atlas Pilot Project (PCAPP) is the result of a collaboration between the seven members of the MCL consortium. Across four organ types, PCAPP's goal is to collect and profile pr
1265215		Homo sapiens	Distinct phenotypes and repertoires of bronchoalveolar and airway mucosal T cells in health and allergic asthma	10x_chromium|scRNA	pulmonary|normal		T cells play a central role in host protection against respiratory pathogens, but a maladaptive T cell response can lead to pulmonary diseases. Defining the biology of protective versus pathogenic T c
953149		Homo sapiens	Single-cell ATAC and RNA sequencing of human breast cancer reveals salient cancer-specific enhancers	atac|scRNA	cancer|neurological|normal		Matched single-cell chromatin accessibility sequencing (scATAC-seq) and single-cell transcriptomic sequencing (scRNA-seq) were performed for 12 human breast tumor samples, 4 normal human mammary reduc
1253789		Homo sapiens	HuBMAP: Penn Center for Multi-scale Molecular Mapping of the Female Reproductive System	spatial	neurological		The female reproductive system, the uterus, fallopian tubes and the ovaries, is a complex interrelated set of organs that is physiologically dynamic and not only important for fertility but critically
666164		Homo sapiens	Peanut oral immunotherapy suppresses clonally distinct subsets of T helper cells	scRNA			Food allergy affects an estimated 8% of children in the US, with increasing severity and global prevalence. Using single-cell RNA sequencing and paired TCR sequencing, we assessed the transcriptomes o
1181948		Homo sapiens	Droplet Hi-C for Fast and Scalable Profiling of Chromatin Architecture in Single Cells		cancer		Current methods for analyzing chromatin architecture are not readily scalable to heterogeneous tissues. Here we introduce Droplet Hi-C, which uses a commercial microfluidic device for high-throughput,
1010448		Homo sapiens	scRNAseq of Human Urothelial Carcinoma	scRNA	cancer		Single-cell RNA sequencing (scRNA-seq) was performed on urothelial carcinoma samples to investigate the association between squamous differentiation and gene expression. Treatment-naive samples, rangi
1172794		Homo sapiens	HIV DAb-seq of ART-treated individuals		neurological|infectious		Despite effective antiretroviral therapy (ART), HIV remains an incurable disease. The latent HIV reservoir is a central obstacle to a cure. It consists of rare CD4+ cells harboring replication-compete
792849		Homo sapiens	Characterizing the role of the immune microenvironment in multiple myeloma progression at a single cell level	scRNA	cancer		The plasma cell disease multiple myeloma (MM) is highly dependent on its bone marrow microenvironment (BMME). Early alterations within the bone marrow microenvironment that contribute to the progressi
336364		Homo sapiens	Single-cell DNA and RNA sequencing over a 29 year period of a CLL patient demonstrating evolution of multiple cell clones	scRNA	cancer		Chronic lymphocytic leukemia (CLL) is a frequent B-cell malignancy characterized by recurrent somatic chromosome alterations and a low level of point mutations. Here we present single nucleotide polym
935027		Homo sapiens	Single cell colony whole genome sequencing data from individuals with telomere syndromes		neurological|normal		This is an observational study which examined the phylogenetic evolution of somatic clonal mutations in individuals with Mendelian telomere syndromes. It includes data from two individuals who carry a
1185831		Homo sapiens	Longitudinal Multi-omic Immune Resource Reveals Dynamic Responses in Healthy Human Aging	scRNA	neurological|infectious|normal		The generation and maintenance of protective immunity is a dynamic interplay between host and environment that is impacted by age. Understanding fundamental changes in the healthy immune system that o
1308652		Homo sapiens	The Sepsis ClinicAl Resource And Biorepository (SCARAB) Project	10x_chromium|scRNA	infectious|metabolic|normal		Bioenergetic dysfunction is an archetypical finding in critical illness, particularly among patients with sepsis. A central feature of sepsis is the shift towards pathologic immunosuppression predispo
890374		Homo sapiens	Single cell transcriptomic data from CD4+ T cells from children with MIS-C	scRNA	autoimmune|infectious|developmental		Multisystem inflammatory syndrome in children (MIS-C) is a severe complication of SARS-CoV-2 infections in the pediatric population characterized by fever, multi-organ involvement and systemic inflamm
1157918		Homo sapiens	A matrix metalloproteinase biosensor-functionalized metastasis-on-a-chip platform for evaluating adrenocortical carcinoma progression	snRNA	cancer|neurological|kidney|normal		Adrenocortical carcinoma (ACC) is a rare endocrine cancer with a poor prognosis for which treatment options are limited. We hypothesized that intratumoral heterogeneity, which has been associated with
1075331		Homo sapiens	Single cell RNA sequencing and single cell TCR sequencing of Type 2 lymphocytes in human nasal polyps	10x_chromium|cite-seq|scRNA	neurological		We explored the heterogeneity of lymphocytes in primary human tissues with type 2 inflammation through single cell RNA sequencing. TCRs were sequenced through single cell TCR sequencing and used as ba
807045		Homo sapiens	Multiplexed scRNA-seq reveals cellular and genetic correlates of SLE	scRNA	neurological|autoimmune		Systemic lupus erythematosus (SLE) is a heterogeneous autoimmune disease. Knowledge of circulating immune cell types and cell states associated with SLE remains incomplete. We profiled over 1.2 millio
1210005		Homo sapiens	Cancer-restricted cryptic antigens are targets for T cell recognition		cancer|normal		Subjects included patients with pancreatic cancer, at least 18 years of age, who were recruited from outpatient clinics and inpatient units at Dana-Farber Cancer Institute and Brigham and Women's Hosp
352580		Homo sapiens	Homo sapiens	smart-seq|scRNA	cancer		To understand the diversity of expression states within IDH-mutant astrocytoma tumors, we profiled 6341 cells from 10 tumors by single cell RNA-seq Overall design: Tumors were disaggregated, sorted in
808084		Homo sapiens	Paired human colon and tumor biopsies	10x_chromium	cancer		Paired human colon and tumor biopsies were obtained and made into single cell suspensions. Cells were encapsulated into droplets and libraries prepared using the 10X Genomics platform and libraries se
356913		Homo sapiens	Molecular Evolution of Cancer	10x_chromium|spatial	cancer		Recently developed methods that utilize partitioning of long genomic DNA fragments, and barcoding of shorter fragments derived from them, have succeeded in retaining long-range information in short se
1106925		Homo sapiens	Pre-existing skin-resident CD8 and gd T cell circuits mediate immune response in Merkel cell carcinoma and predict immunotherapy efficacy	spatial|scRNA	cancer|neurological		Merkel cell carcinoma (MCC) is an aggressive neuroendocrine skin cancer with a ~50% response rate to immunotherapy. Here, we attempted to identify novel predictive biomarkers of response through exten
951693		Homo sapiens	Homo sapiens	scRNA	neurological		The immune system is dynamic and changes throughout life, yet molecular cellular details of these changes are not well characterized. To precisely characterize age and sex associated changes in periph
984318		Homo sapiens	Pre-existing skin-resident CD8 and γδ T cell circuits mediate immune response in Merkel cell carcinoma and Predict immunotherapy efficacy [bulkRNA-seq]	scRNA	cancer		Merkel Cell Carcinoma (MCC) is an aggressive skin cancer with limiterd treatment and low response rates to Immune Checkpoint Blockade (ICB) therapy. We compiled the largest sc database of MCC tumor sa
1231603		Homo sapiens	Single-cell mitochondrial mutation lineage tracing of non-dysplastic and dysplastic Barrett's esophagus	spatial|scRNA	cancer|developmental|normal		This study addresses a critical knowledge gap in understanding Barrett's esophagus (BE), a common metaplastic condition and precursor to esophageal adenocarcinoma, by identifying lineage connections a
576727		Homo sapiens	Clonally expanded T cells reveal immunogenicity of rhabdoid tumors		cancer		Rhabdoid tumors (RT) are cancers of early childhood and are driven by loss of SWI/SNF components, most frequently SMARCB1, but with low somatic mutation burdens otherwise. They can arise both in the c
1024039		Homo sapiens	Basal-to-inflammatory transition contributes to basal cell carcinoma therapy resistance via crosstalk with a pro-inflammatory stromal niche	spatial|atac	cancer|autoimmune		Overcoming tumor evolution and inducible resistance states remain the main challenge to creating successful anti-tumor therapies. The body's cancer-associated inflammatory response is a double-edged s
1152791		Homo sapiens	Tracking of donor and recipient immune and leukemia phenotypes after allogeneic stem cell transplantation using mitochondrial DNA mutations. [ASAP-Seq 4]	atac	cancer		Mitochondrial DNA mutations (mtDNA) enable deconvolution of donor- and recipient-derived single cell profiles. Here, we provide examples for sensitive donor-recipient deconvolution of peripheral blood
722059		Homo sapiens	The Role of Myeloid Cells in Parkinson's Disease		neurological|normal		The Myeloid cells in Neurodegenerative Diseases (MyND) initiative is a collaborative effort with the goal of creating a multi-omic atlas of myeloid cells from the periphery and from autopsied brains o
1077096		Homo sapiens	Risk factors for asymptomatic diverticulosis	scRNA			Data for this analysis came from a prospective study of colonic diverticulosis at the University of North Carolina Hospital in Chapel Hill, North Carolina (NIH R01DK094738). This is a case-control gen
670115		Homo sapiens	HTAN_MCL_PCAPP_Breast_CA		cancer|infectious|normal		The HTAN-MCL Pre-Cancer Atlas Pilot Project (PCAPP) is the result of a collaboration between the seven members of the MCL consortium. Across four organ types, PCAPP's goal is to collect and profile pr
1377644		Homo sapiens	scRNAseq Analysis of Osteosarcoma Reveals Conserved and Distinct Ecosystems Across Sites and Species	scRNA	cancer|neurological		Osteosarcoma exhibits profound heterogeneity that has long challenged efforts to understand its mechanisms and advance therapeutic progress. To unravel this complexity, we compiled the largest cross-s
1014565		Homo sapiens	Resistance development in basal cell nevus syndrome through the basal to squamous transition	spatial	cancer|developmental		While basal cell carcinomas (BCCs) arise from ectopic hedgehog pathway activation and can be treated with pathway inhibitors, sporadic BCCs display high resistance rates, while tumors arising in Gorli
1027817		Homo sapiens	Transfer learning associates CAFs with EMT and inflammation in tumor cells in human tumors and organoid co-culture in pancreatic ductal adenocarcinoma [Bulk RNA-seq]	scRNA	cancer|autoimmune|normal		Pancreatic ductal adenocarcinoma (PDAC) is an aggressive malignancy characterized by an immunosuppressive tumor microenvironment enriched with cancer associated fibroblasts (CAFs). This study provides
684640		Homo sapiens	Identification and characterization of skin-resident memory T cells in patients with melanoma-associated vitiligo	scRNA	cancer|autoimmune		Metastatic melanoma patients who develop melanoma-associated vitiligo, an autoimmune cutaneous side effect after receiving immunotherapy, have better overall survival than those who do not develop vit
547654		Homo sapiens	Cross-species Single Cell Analysis of Pancreatic Ductal Adenocarcinoma Reveals Antigen-presenting Cancer-associated Fibroblasts	10x_chromium|scRNA	cancer|neurological|normal		Cancer-associated fibroblasts (CAFs) are major players in the progression and drug resistance of pancreatic ductal adenocarcinoma (PDAC). CAFs constitute a diverse cell population consisting of severa
1016056		Homo sapiens	The Chromatin Landscape of Pathogenic Transcriptional Cell States in Rheumatoid Arthritis	10x_chromium|atac	neurological|autoimmune		In this study, we characterized 24 rheumatoid arthritis (RA) synovial tissue chromatin classes (i.e., cell states defined by chromatin accessibility) across 5 cell types (T, B/plasma, myeloid, stromal
1055623		Homo sapiens	Human Single-Cell Data	10x_chromium	cancer|neurological|normal		Familial platelet disorder (FPD) is caused by germline RUNX1 mutations. Families inheriting the disease suffer from platelet dysfunction and consequently various bleeding disorders. The life long risk
1020976		Homo sapiens	Single-cell profiling of premature neonate airways reveals a continuum of myeloid differentiation		neurological|developmental|normal		We set out to develop a reference single-cell transcriptomic profile of airway aspirate samples from extremely premature neonates (collected within an hour of birth). In this study, we profiled sample
1168592		Homo sapiens	Single-Cell Transcriptomic Analysis of Kaposi Sarcoma	10x_chromium|scRNA	cancer|neurological|infectious		Summary: Single-cell transcriptome analysis of skin and blood samples from individuals with Kaposi's sarcoma Aims: Elucidate the cellular composition and gene expression profiles of Kaposi sarcoma her
1246417		Homo sapiens	Peptide Driven Identification of TCRs (PDI-TCR) reveals dynamics and phenotypes of CD4 T cells in tuberculosis		neurological|normal		Accurately assigning antigen specificity to T cell receptor (TCR) sequences is challenging due to the complexity of the TCR-antigen recognition process in humans. We developed the Peptide-Driven Ident
609094		Homo sapiens	single cell RNA-seq analysis of ovarian cancer ascites	10x_chromium|smart-seq|scRNA	cancer|neurological		To understand the cellular diversity within malignant ascites, we profiled ~11,000 single cells from 22 samples by Smartseq2 and by 10x. Overall design: Ascites samples were either depleted of CD45+ c
995801	phs001587	Homo sapiens	The origin and dynamics of cellular heterogeneity vary across lineage subtypes of castrate resistant prostate cancer [scATAC-seq]	atac	cancer		Cancer cells often adapt a stem-like state resulting in lineage plasticity and phenotypic heterogeneity. We assessed the dynamics of lineage determination and cellular subpopulation expansion in treat
1333508		Homo sapiens	Studies of Atopic Dermatitis through Single-cell Transcriptomics and Immune Repertoires	scRNA	neurological|normal		In atopic dermatitis (AD) patients, the homeostatic processes maintaining barrier integrity and immune regulation in the skin break down, resulting in chronic inflammation. To understand the tissue ch
1308651		Homo sapiens	The Sepsis ClinicAl Resource And Biorepository (SCARAB) Project	10x_chromium|scRNA	infectious|metabolic|normal		Bioenergetic dysfunction is an archetypical finding in critical illness, particularly among patients with sepsis. A central feature of sepsis is the shift towards pathologic immunosuppression predispo
893807		Homo sapiens	Whole-genome sequencing analysis of extrachromosomal DNA with Amplicon Architect		cancer		The study is related to our manuscript entitled "Single-cell genetic heterogeneity linked to immune infiltration in glioblastoma". Using multiplexed FISH analysis of 3-4 tumor cores from 17 glioblasto
787953		Homo sapiens	Multi-modal single-cell sequencing identifies cellular immunophenotypes associated with juvenile dermatomyositis disease activity	10x_chromium|scRNA	neurological|autoimmune		Juvenile dermatomyositis (JDM) is a rare autoimmune condition with insufficient biomarkers and treatments, in part, due to incomplete knowledge of the cell types mediating disease. We investigated imm
841973			Droplet-based bisulfite sequencing for high-throughput profiling of single-cell DNA methylomes		neurological		We present a high-throughput and droplet-based bisulfite sequencing library preparation platform. Our protocol allows production of BS library of 2,000-10,000 single cells within 2 days. In addition t
551048		Homo sapiens	Single cell RNA-seq of BRAF-rearranged pilocytic astrocytomas	scRNA	cancer|neurological		Pilocytic astrocytoma (PA), the most common childhood brain tumor, is a low-grade glioma with a single driver BRAF rearrangement. Here, we perform scRNAseq in six PAs using methods that enabled detect
649150		Homo sapiens	Circuits between infected macrophages and T cells in SARS-CoV-2 pneumonia	10x_chromium|spatial|scRNA	autoimmune|infectious		Some patients infected with Severe Acute Respiratory Syndrome Coronavirus-2 (SARS-CoV-2) develop severe pneumonia and the acute respiratory distress syndrome (ARDS). Distinct clinical features in thes
1259076		Homo sapiens	Cellular profiling identifies targetable T cell phenotypes in lymphocytic variant hypereosinophilic syndrome	scRNA			Lymphocytic variant hypereosinophilic syndrome (LHES) is driven by aberrant Th2_skewed lymphocyte clones that promote tissue eosinophilia. We performed multimodal single_cell RNA_sequencing (scRNA_seq
967336		Mus musculus	MAITs in HCC	10x_chromium|scRNA	cancer|liver		Here we investigate the role of mucosal-associated invariant T (MAIT) cells in human and murine hepatocellular carcinoma (HCC). We isolated immune cells of syngeneic HCC cell line RIL-175 tumor-bearin
640201		Homo sapiens	Genomic Profiling of Hematologic Disorders		cancer		Myeloid malignancies have previously been characterized by large scale bulk molecular profiling studies on patient samples. These studies, while clinically informative, are unable to delineate mutatio
1306684		Homo sapiens	HEAL PRECISION: Human Nociceptor and Spinal Cord Molecular Signature Center	spatial			The goal of this research project is to create a scientific foundation that will inform novel pain therapeutics, by forming a deeper understanding of the molecular characteristics of the human pain pa
300464		Homo sapiens	Fixed single-cell transcriptomic characterization of human radial glial diversity		neurological		The human neocortex is created from diverse intermixed progenitors in the prenatal germinal zones. These progenitors have been difficult to characterize since progenitors - particularly radial glia (R
823695		Homo sapiens	Melanoma Brain Metastasis Atlas [single-cell/nuclei RNA-sequencing (sc/snRNA-seq)]	snRNA|scRNA	cancer|neurological|normal		We performed single-cell/nuclei RNA-sequencing (sc/snRNA-seq) of 22 treatment-naïve melanoma brain metastases (MBM; 5 samples using scRNA-seq and 17 snRNA-seq) from 21 patients and 10 treatment-naïve 
993797		Homo sapiens	Targeted linked-read DNA-seq analysis of castration-resistant prostate cancers	10x_chromium	cancer		Androgen receptor (AR) inhibition is standard of care for advanced prostate cancer (PC). However, its efficacy is limited by progression to castration-resistant PC (CRPC), usually due to AR re-activat
671295		Homo sapiens	HuBMAP: A 3-D Tissue Map of the Human Lymphatic System	spatial	neurological		The major goal of the 3-D Tissue Map of the Human Lymphatic System is to use microscopic and biomolecular procedures to facilitate co-registration pipelines and common 3D reconstruction algorithms. Ti
1276164		Homo sapiens	INCLUDE: Down syndrome early post-natal basal forebrain multiome	multiome	neurological|developmental|normal		Neurodevelopmental deficiencies and neuronal dysfunction contribute to cognitive impairment in individuals with Down syndrome, but what molecular pathways underlie the defects that lead to intellectua
1312893		Homo sapiens	Exome and multi-site bulk and scRNA-seq profiling of pleural mesothelioma	spatial|scRNA	cancer|neurological		This study comprehensively profiles pleural mesothelioma (PM) using integrated bulk DNA sequencing [whole-exome sequencing (WES)], bulk RNA-sequencing (RNA-seq), single-cell RNA-sequencing (scRNA-seq)
1023686		Homo sapiens	Circulating Genomic Determinants of Treatment Failure in Hodgkin Lymphoma		cancer		In this study, we show that the plasma representation of mutations exceeds the bulk tumor representation in most cases, making classic Hodgkin Lymphoma (cHL) particularly amenable to noninvasive profi
1227599		Homo sapiens	Single cell and spatial transcriptomics studies of Fibrosis in Prospective Registry in IBD Study at MGH and GI Disease and Endoscopy Registry	spatial	autoimmune|pulmonary|normal		Stricturing disease or fibrosis is a common complication of inflammatory bowel disease (IBD), often requiring surgical intervention. This process is caused by the abnormal deposition of extracellular 
1281733		Homo sapiens	Pyoderma gangrenosum caused by molecular uncoupling of OTULIN catalytic activity and LUBAC binding	10x_chromium|scRNA	normal		This is a single-cell RNA sequencing (scRNA-seq) study using peripheral blood mononuclear cells (PBMC) from 3 healthy donors and 2 patients with OTULIN-related Pyoderma Gangrenosum (ORP). Samples were
1373311		Homo sapiens	Well plate lineage sequencing for ultra-high-quality SNV and indel detection with single cell cycle resolution in vitro				Lineage sequencing uniquely measures somatic single nucleotide variants in dividing cells to achieve high specificity/sensitivity as well as the ability to temporally resolve variants and to relate se
810346		Homo sapiens	A Novel MIP-1 Expressing Macrophage Subtype in Bronchoalveolar Lavage Fluid from Healthy Volunteers	scRNA	normal		We perform single-cell RNA-seq on Bronchoalvaolar Lavage (BAL) fluid from 4 healthy volunteers. Overall design: single-cell RNA-seq of BAL fluid. ** The submitter declare that  the raw data files will
762948		Homo sapiens	Maintenance of Genome Sequence Integrity in Long -and Short-lived Rodent Species				In this study, we compared somatic mutation frequencies and spectra of bleomycin-treated and control fibroblasts of 5 species, i.e., mouse, guinea pig, blind mole-rat, naked mole-rat and humans, by us
389980		Homo sapiens	Homo sapiens	scRNA	cancer|normal		Follicular lymphoma (FL) is a generally incurable B-cell malignancy which has the potential to transform into highly aggressive lymphomas. Genomic studies indicate it is often a small subpopulation ra
1005705				scRNA	cancer|neurological		Patients with relapsed multiple myeloma were treated with fully-human heavy-chain-only CAR T cells (FHVH-T) targeting B-cell Maturation Antigen (BCMA), a protein expressed by multiple myeloma cells. I
946019		Homo sapiens	Analysis of donor pancreata defines the transcriptomic signature and microenvironment of early neoplastic pancreatic lesions.	10x_chromium|scRNA	neurological|normal		The adult healthy human pancreas has been poorly studied given lack of indication to obtain tissue from the pancreas in the absence of disease and rapid postmortem degradation. We obtained pancreata f
1199603		Homo sapiens	Multi-modal single-cell, spatial, and genomic analyses of human non-small cell lung cancer brain metastases	spatial|snRNA	cancer|neurological|pulmonary		We performed single nuclei RNA-sequencing (snRNA-seq) with matched T cell receptor sequencing (TCR-seq), and pool matched low pass whole genome sequencing (WGS) of 12 treatment-naive non-small cell lu
1053426		Homo sapiens	Cell Mediated Immunity in Viral Hepatitis	smart-seq|scRNA	infectious|liver|normal		To assess the immune correlates of viral hepatitis cure, we studied changes in the liver myeloid compartment pre-treatment and three months post-DAA (direct-acting antiviral treatment medication) in c
1168591		Homo sapiens	Single-Cell Transcriptomic Analysis of Kaposi Sarcoma	10x_chromium|scRNA	cancer|neurological|infectious		Summary: Single-cell transcriptome analysis of skin and blood samples from individuals with Kaposi's sarcoma Aims: Elucidate the cellular composition and gene expression profiles of Kaposi sarcoma her
849982		Homo sapiens	Colitis associated with immune checkpoint inhibitors [blood_cells]	cite-seq|snRNA|scRNA	autoimmune		In this study we set investigate four aspects of irColitis that are vital  to the pathogenesis of most immunotherapy related adverse events: (1) the  interactions between CD8 T cells and other immune,
671483		Homo sapiens	Transcriptomic and clonal characterization of T-cells in the human central nervous system	scRNA	neurological|normal		The cerebrospinal fluid (CSF) is thought to be a main route for immune surveillance in the central nervous system (CNS). Understanding the composition and state of CSF in healthy individuals may provi
1101984	phs001188	Homo sapiens	Type 2 Diabetes Specific Spatial Differential Gene Expression in Pancreas Visium Data	10x_chromium|spatial	neurological|metabolic|normal		Understanding the spatial distribution of gene expression in the pancreas could provide new insights into its function and islet biology. Visium spatial gene expression is a powerful tool for quantify
1157919		Homo sapiens	A matrix metalloproteinase biosensor-functionalized metastasis-on-a-chip platform for evaluating adrenocortical carcinoma progression	snRNA	cancer|neurological|kidney|normal		Adrenocortical carcinoma (ACC) is a rare endocrine cancer with a poor prognosis for which treatment options are limited. We hypothesized that intratumoral heterogeneity, which has been associated with
348785		Homo sapiens	Homo sapiens	scRNA	cancer|normal		This repository contains sequencing data to describe the genomic profiles of several B-cell lymphomas including follicular lymphoma and Hodgkin lymphoma. We have used several different high throughput
679644		Homo sapiens	Development of tools for cell-type specific labeling of neocortical neurons	atac|snRNA|scRNA	neurological|developmental		A complete epigenomic map of human brain cell types will be necessary to fully understand their genetic regulation, and to create the next generation of non-species-restricted genetic tools for their 
1294240		Homo sapiens	Neuronal-Activity Dependent Mechanisms of Small Cell Lung Cancer Pathogenesis	10x_chromium	cancer|neurological|pulmonary|developmental		Neural activity is increasingly recognized as a crucial regulator of cancer growth. In the brain, neuronal activity robustly influences glioma growth both through paracrine mechanisms and through elec
1276617		Homo sapiens	Single-cell RNA-seq profiling of peripheral immune responses to severe infection in Uganda	10x_chromium|scRNA	infectious		We conducted a prospective observational study (RESERVE-U-2-TOR) of adults admitted to Tororo General Hospital in eastern Uganda with severe, undifferentiated infection (i.e., suspected sepsis). Perip
794244		Homo sapiens	Single-cell analysis of Somatic Mutations in Human Bronchial Epithelial Cells in Relation to Aging and Smoking		cancer|pulmonary|normal		While lung cancer risk among smokers is dependent on smoking dose, it remains unknown if this increased risk reflects an increased rate of somatic mutation accumulation in normal lung cells. Here we a
1181752	phs003848	Homo sapiens	Single-cell RNA-seq of peripheral blood links cell-type-specific regulation of splicing to autoimmune and inflammatory diseases [scRNAseq_JP_RIK]	scRNA	autoimmune|normal		Alternative splicing is pivotal in the genetics of complex traits, but a detailed understanding requires relevant cell types from diverse genetic ancestries. Here, we described cell-type-specific, sex
942022		Homo sapiens	Identification of high-risk PHF19 expressing cells in myeloma single cell multiomics	atac|scRNA	cancer		The aim of this study is to identify novel subsets of cells that are associated with progression and response to treatment. In this project, we study the tumor fraction from 49 myeloma patients across
479863		Homo sapiens	Targeting individual cells by barcode in pooled sequence libraries	10x_chromium			Purpose: Selectively sequence desired single cells from pooled single cell libraries Overall design: 10X libraries were prepared from two FACs sorted populations (HLA-DR and CD19) followed by enrichme
1368932		Homo sapiens	Single cell and spatial transcriptomic profiling of pustule formers and resolvers of Haemophilus ducreyi infection following a second challenge	spatial|scRNA	neurological|infectious		In this study, the cutaneous immune response of individuals who previously formed pustules (N=4) or who previously spontaneously resolved disease following Haemophilus ducreyi inoculation (N=4) were c
722058		Homo sapiens	The Role of Myeloid Cells in Parkinson's Disease		neurological|normal		The Myeloid cells in Neurodegenerative Diseases (MyND) initiative is a collaborative effort with the goal of creating a multi-omic atlas of myeloid cells from the periphery and from autopsied brains o
690251		Homo sapiens	Integrated analysis of multimodal single-cell data	cite-seq	infectious|normal		The simultaneous measurement of multiple modalities, known as multimodal analysis, represents an exciting frontier for single-cell genomics and necessitates new computational methods that can define c
1023685		Homo sapiens	Circulating Genomic Determinants of Treatment Failure in Hodgkin Lymphoma		cancer		In this study, we show that the plasma representation of mutations exceeds the bulk tumor representation in most cases, making classic Hodgkin Lymphoma (cHL) particularly amenable to noninvasive profi
926595		Homo sapiens	Non-small Cell Lung Cancer Brain Metastasis Atlas [single nuclei RNAseq]	snRNA	cancer|neurological|pulmonary|normal		We performed single nuclei RNA-sequencing (snRNA-seq) with matched T cell receptor sequencing (TCR-seq), and pool matched low pass whole genome sequencing (WGS)  of 12 treatment-naïve non-small cell l
671322		Homo sapiens	HuBMAP Single-Cell Data from Human Tissues	spatial|atac	neurological		The small bowel and colon are organs critical for maintaining homeostasis of the human body by mediating nutritional absorption upon the ingestion of food. Though both organs are extensive in length, 
1107270		Homo sapiens	B cell directed CAR-T cell therapy results in activation of CD8+ cytotoxic CAR-negative bystander T cells in both non-human primates and patients (human)	scRNA			There is growing appreciation for the emergence of CARneg bystander T cells after CAR-T cell infusion. However, their phenotypic and transcriptomic hallmarks and mechanisms of activation remain uncert
842223		Homo sapiens	Multi-modal skin atlas associates a multicellular immune-stromal community with altered cornification and T cell expansion in atopic dermatitis [scRNAseq_VDJ]	10x_chromium|atac|scRNA	neurological|autoimmune|normal		In healthy skin, a cutaneous immune system maintains balance between tolerance towards innocuous environmental antigens and immune responses against pathological agents, but in atopic dermatitis (AD),
890375		Homo sapiens	Single cell transcriptomic data from CD4+ T cells from children with MIS-C	scRNA	autoimmune|infectious|developmental		Multisystem inflammatory syndrome in children (MIS-C) is a severe complication of SARS-CoV-2 infections in the pediatric population characterized by fever, multi-organ involvement and systemic inflamm
1078932		Homo sapiens	Spatial transcriptomics reveals discrete tumour microenvironments and autocrine loops within ovarian cancer subclones	10x_chromium|spatial	cancer|neurological|normal		Ovarian masses from patients with high grade serous ovarian carcinoma undergoing debulking surgery were subjected to spatial transcriptomics profiling using the 10x Genomics Visium (fresh frozen) plat
671321		Homo sapiens	HuBMAP Single-Cell Data from Human Tissues	spatial|atac	neurological		The small bowel and colon are organs critical for maintaining homeostasis of the human body by mediating nutritional absorption upon the ingestion of food. Though both organs are extensive in length, 
1009671		Homo sapiens	Single-cell  transcription and chromatin accessbility profiles of IDH mutant gliomas	10x_chromium|atac|scRNA	cancer		we use single cell RNA-seq and ATAC-seq to understand the cell states and epigenetic states of IDH mutant gliomas, including the condition with DNMT1 inhibitor treatment Overall design: Primary IDH mu
609183		Homo sapiens	A single-cell and single-nucleus RNA-Seq toolbox for fresh and frozen human tumors	snRNA|scRNA	cancer|neurological		Single cell transcriptomics is a powerful tool to map the complex tumor microenvironment, providing unprecedented resolution into cell types, cell states, cell interactions, and tumor heterogeneity. D
660743		Homo sapiens	Transcriptomic and clonal characterization of T cells in the human central nervous system	snRNA|scRNA	neurological|normal		Tissues develop unique homeostatic immune states through specific recruitment of immune cells that are further shaped by the tissue environment. Here, we use single-cell RNA and TCR sequencing of heal
587118	phs001861	Homo sapiens	Single-cell analysis reveals new evolutionary complexity in uveal melanoma	10x_chromium|scRNA	cancer|neurological		Uveal melanoma (UM) is a highly metastatic cancer that, in contrast to cutaneous melanoma, is largely unresponsive to checkpoint immunotherapy. In this study we interrogate the tumour microenvironment
430902		Homo sapiens	Single cell RNA-seq analysis of freshly isolated synovial fibroblasts in patients with rheumatoid arthritis or osteoarthritis	scRNA	autoimmune		Transcriptomics of distinct subpopulations of synovial fibroblasts from osteoarthritis and rheumatoid arthritis arthroplasty tissues. Overall design: We gated synovial fibroblasts by protein surface m
1305033		Homo sapiens	Functional and dysfunctional T regulatory cell states in human tissues in RA and other autoimmune arthritic diseases		autoimmune|normal		This study includes newly generated regulatory T cell datasets derived from peripheral blood and synovial fluid samples obtained from adult patients with rheumatoid arthritis. These samples were colle
999323		Homo sapiens	SARS-CoV-2 infection elucidates unique features of pregnancy-specific immunity [GEX]	10x_chromium	infectious		Pregnancy is a risk factor for increased severity of SARS-CoV-2 and other respiratory infections. The mechanisms underlying this risk have not been well-established, partly due to limited understandin
859193	phs003427	Homo sapiens	Single-Cell Profiling of Premature Neonate Airways Reveals a Continuum of Myeloid Differentiation	scRNA	neurological|pulmonary|developmental		Single-cell genomic technologies hold great potential to advance our understanding of lung development and disease. A major limitation lies in accessing intact cells from primary lung tissues for prof
664057		Homo sapiens	Lung transplantation for patients with severe COVID-19	10x_chromium|scRNA	pulmonary|infectious|normal		Lung transplantation can potentially be a life-saving treatment for patients with non-resolving COVID-19-associated respiratory failure. Concerns limiting transplant include recurrence of SARS-CoV-2 i
1373313		Homo sapiens	RNAseq of human nasal epithelial cultures infected with rhinovirus	scRNA	neurological|pulmonary|infectious		Rhinovirus (RV) is the most frequent cause of common colds, but also a major cause of serious respiratory illness in high-risk groups (e.g., smokers and asthmatics). The molecular mechanisms leading t
811185		Homo sapiens	Multi-omics analyses of changes in the tumor microenvironment of pancreatic adenocarcinoma following neoadjuvant treatment with anti-PD-1 antibody	scRNA	cancer|normal		Successful pancreatic ductal adenocarcinoma (PDAC) immunotherapy necessitates optimization and maintenance of activated effector T cells (Teffs). We prospectively collected and applied multi-omics ana
1281738		Homo sapiens	B cell lymphocytosis and reprogramming due to a CARD11 bi-allelic gain-of-function mutation	10x_chromium|scRNA	normal		This is a single-cell RNA sequencing (scRNA-seq) study using peripheral blood mononuclear cells (PBMC) from 2 healthy donors and 2 patients with B cell Expansion with NF-_B and T cell Anergy (BENTA). 
981556		Homo sapiens	Single cell RNAseq of peripheral blood mononuclear cells from children with mitochondrial disease	scRNA	developmental|normal		Mitochondria are nearly ubiquitous in all cells, suggesting that mitochondrial dysfunction may extend to the immune system.  In this study, we utilized Single-Cell RNA sequencing (scRNA-seq) to charac
895089		Homo sapiens	Decoding the endometrial niche of Asherman's syndrome at single-cell resolution [organoids]	scRNA	neurological|autoimmune|normal		Asherman’s Syndrome is characterized by intrauterine adhesions or scarring, which cause infertility, menstrual abnormalities, and recurrent pregnancy loss. The pathophysiology of this syndrome remains
962196		Homo sapiens	Genetic analysis of skin cells	10x_chromium|spatial	cancer|normal		Cutaneous squamous cell carcinoma (cSCC) is a form of skin cancer originating from keratinocytes in the skin. They have high mutation burdens, primarily driven by UV-radiation-induced DNA damage. The 
734667		Homo sapiens	Tissue and Fluid Analysis in Ocular Inflammatory Disease	scRNA	autoimmune		Granulomas are found in multiple infectious and non-infectious human diseases, yet the pathogenic drivers of granulomatous disease are still poorly understood. To enrich for pathologic inflammatory ce
728702		Homo sapiens	Multiplexed scRNA-seq reveals the cellular and genetic correlates of systemic lupus erythematosus	scRNA	neurological|autoimmune|normal		Systemic lupus erythematosus (SLE) is a heterogeneous autoimmune disease. Knowledge of circulating immune cell types and cell states associated with SLE remains incomplete. We profiled over 1.2 millio
768495		Homo sapiens	The Spatio-Temporal Evolution of Multiple Myeloma from Baseline to Relapse-Refractory States	spatial	cancer		In multiple myeloma, the spatio-temporal evolution patterns of cancer cells in the bone marrow remain largely unknown. Here, we applied spatial-longitudinal sequencing, including a total of 179 sample
552370			Single-cell connectomic analysis of adult mammalian lungs	scRNA	pulmonary		Single-cell RNA sequencing (scRNAseq) has made it possible to analyze complex organs such as the lung with unprecedented resolution. We have leveraged these techniques to identify conserved patterns o
987021		Homo sapiens	Microvascular Permeability, Inflammation, and Lesion Physiology in Endometriosis: A Microphysiological Systems Approach	scRNA			The goal of the study is to identify novel molecular pathways involved in the etiology of endometriosis and to develop in vitro model systems to enable the study of the mechanisms regulating reproduct
1254327		Homo sapiens	Human Body Single-Cell Atlas of 3D Genome Organization and DNA Methylation		normal		Cell type specific patterns of gene expression arise from an interplay of diverse gene regulatory mechanisms, including transcription factor binding, chromatin accessibility, DNA methylation, and high
972295		Homo sapiens	Comparative single-cell analyses identify shared and divergent features of human and mouse kidney development [human snRNA-seq]	atac|snRNA	developmental|kidney		Mammalian kidneys maintain fluid homeostasis through the cellular activity of nephrons and the conjoined collecting system. Each epithelial network originates from distinct progenitor cell populations
884477		Homo sapiens	Nanobody-tethered Transposition Allows for Multifactorial Chromatin Profiling at Single-cell Resolution				Chromatin states are functionally defined by a complex combination of histone modifications, transcription factor binding, DNA accessibility, and other factors. However, most current single-cell-resol
1151150		Homo sapiens	Single cell and spatial transcriptomic profiling of Haemophilus ducreyi infection	10x_chromium|spatial	neurological|infectious		We investigated the immune response in end-point pustules formed by Haemophilus ducreyi in volunteers using an experimental infection model. Six volunteers were infected in the skin of the upper arm a
1431453	phs004521	Homo sapiens	Myofibroblast programming blocks differentiation of TLS-organizing fibroblastic reticular cells in pancreatic cancer	10x_chromium|spatial	cancer|neurological		Pancreatic ductal adenocarcinoma (PDAC) is considered an immunologically cold cancer type. This perception is due to its rapid progression, strong presence of immunosuppressive cells and lack of respo
622590		Homo sapiens	Genome-wide transcriptome analysis of the STAT6-regulated genes in advanced-stage cutaneous T-cell lymphoma [scRNA-seq]	scRNA	cancer|normal		The signal transducer and activator of transcription 6 (STAT-6) is a critical up-stream mediator of IL-13 and IL-4 signaling and is constitutively activated in malignant lymphocytes from Sezary syndro
736762		Homo sapiens	Circulating tumor cell heterogeneity in neuroendocrine prostate cancer by single cell copy number analysis		cancer|neurological		Neuroendocrine prostate cancer (NEPC) is an aggressive variant of prostate cancer that may arise de novo or develop from pre-existing prostate adenocarcinoma as a mechanism of treatment resistance. Co
731585		Homo sapiens	Transcriptome and Epigenome of TIL infusion for cancer immunotherapy	atac	cancer		Adoptive T cell therapy (ACT) using ex vivo_expanded autologous tumor-infiltrating lymphocytes (TILs) can mediate complete regression of certain human cancers. The impact of TIL phenotypes on clinical
533470		Homo sapiens	Single cell RNA-seq profiling of two bladder cancer specimen	scRNA	cancer		To explore the heterogeneity of stromal compartment of bladder cancer, we performed scRNAseq on two muscle-invasive bladder cancer specimens Overall design: After sorting into CD45-negative and CD45-p
679643		Homo sapiens	Development of tools for cell-type specific labeling of neocortical neurons	atac|snRNA|scRNA	neurological|developmental		A complete epigenomic map of human brain cell types will be necessary to fully understand their genetic regulation, and to create the next generation of non-species-restricted genetic tools for their 
1148226		Homo sapiens	Single Cell RNA-sequencing of BCG naïve and recurrent non-muscle invasive bladder cancer reveals a CD6/ALCAM-mediated immune-suppressive pathway	scRNA	cancer|neurological|autoimmune		Non-muscle invasive bladder cancer (NMIBC) represents 70_80% patients with newly diagnosed bladder cancer, and Bacillus Calmette-Guerin (BCG) remains a cornerstone treatment for intermediate- and high
1171812		Homo sapiens	Mast cell heterogeneity in human nasal polyps	scRNA	neurological|autoimmune		Mast cells (MCs) expressing a distinctive protease phenotype (MCTs) selectively expand within the epithelium of human mucosal tissues during type 2 (T2) inflammation. While MCTs are phenotypically dis
563710		Homo sapiens	Next-generation sequencing analysis to compare expression pattern of relapse and baseline "GMP pattern" MDS samples	scRNA			Transcriptional changes occurring in the expanding LMPP population of "GMP pattern" MDS patients with blast expansion post-HMA failure were compared with the transcriptional profile of untreated (base
671245		Homo sapiens	HubMAP: A Spatially Resolved Molecular Atlas of Human Endothelium	spatial|atac	neurological|cardiovascular|normal		The human circulatory system plays a vital role in the proper functioning of every organ in the human body. Because vascular related diseases, such as atherosclerosis, do not occur homogeneously throu
1438241		Homo sapiens	Multi-modal profiling reveals epithelial hierarchy disorganization underlying field cancerization in head and neck cancer	multiome|snRNA	cancer|neurological|normal		Local recurrence rates in head and neck squamous cell carcinoma (HNSCC) exceed 50%, potentially due to field cancerization, a phenomenon where tissue that appears normal microscopically actually harbo
1162826		Homo sapiens	Evaluating Novel Therapeutic Strategies to Enhance CAR-T Cell Efficacy Using Patient-Derived Organotypic Tumor Spheroids	10x_chromium|scRNA	cancer|neurological		Novel therapeutic strategies are needed to improve the efficacy of chimeric antigen receptor (CAR)-T cells in the treatment of solid tumors. Multiple tumor microenvironmental factors are thought to co
1010893		Homo sapiens	MILK-Omics: Systems Biology of Human Milk and its Links to Maternal and Infant Health	scRNA	normal		The primary objective of the project is to generate a systems-level view of human milk in the context of healthy mothers and their term infants. The study uses biospecimens and clinical data from the 
819406		Homo sapiens	Novel insights into pulmonary phosphate homeostasis and osteoclastogenesis emerge from the study of pulmonary alveolar microlithiasis.	10x_chromium	pulmonary|normal		Pulmonary alveolar microlithiasis (PAM) is an autosomal recessive lung disease caused by a deficiency in the pulmonary epithelial Npt2b sodium-phosphate co-transporter that results in accumulation of 
734668		Homo sapiens	Tissue and Fluid Analysis in Ocular Inflammatory Disease	scRNA	autoimmune		Granulomas are found in multiple infectious and non-infectious human diseases, yet the pathogenic drivers of granulomatous disease are still poorly understood. To enrich for pathologic inflammatory ce
1133820		Homo sapiens	Deep longitudinal immune profiling reveals reprogramming of memory T cells that links to B cell dysregulation with age	10x_chromium|scRNA	neurological|infectious|normal		Immune aging is a dynamic process shaped by time and external perturbation. Here, we sought to untangle the complexity of the healthy human immunity across age using deep molecular profiling. Applying
800565		Homo sapiens	IFN-γ and TNF-α drive a CXCL10+ CCL2+ macrophage phenotype expanded in severe COVID-19 lungs and inflammatory diseases with tissue inflammation		neurological|autoimmune|pulmonary|infectious		We explored how the human macrophages response to different inflammatory factors, focusing particularly on the effects of antiviral interferons (IFN-beta and IFN-gamma), pro-inflammatory cytokines suc
810726		Homo sapiens	Transcriptomic Atlas of Embryonic Human Craniofacial Development	scRNA	neurological|developmental|normal		A majority of craniofacial development occurs early in pregnancy and to fully understand how craniofacial defects arise, it is essential to observe gene expression during this critical time period. To
1000653		Homo sapiens	Patient-derived models of prostate cancer	scRNA	cancer		1. Low-Dose Carboplatin Modifies the Tumor Microenvironment to Augment CAR T Cell Efficacy in Human Prostate Cancer Models.Single-cell RNA sequencing (scRNA-seq) was performed to analyze the transcrip
498740		Homo sapiens	Pancreatic adenocarcinoma human organoids share structural and genetic features with primary tumors	scRNA	cancer		Patient-derived pancreatic ductal adenocarcinoma (PDAC) organoid systems show great promise for understanding the biological underpinnings of disease and advancing therapeutic precision medicine. Desp
762947		Homo sapiens	Maintenance of Genome Sequence Integrity in Long -and Short-lived Rodent Species				In this study, we compared somatic mutation frequencies and spectra of bleomycin-treated and control fibroblasts of 5 species, i.e., mouse, guinea pig, blind mole-rat, naked mole-rat and humans, by us
713777		Homo sapiens	IFN-γ and TNF-α drive a CXCL10+ CCL2+ macrophage phenotype expanded in severe COVID-19 lungs and inflammatory diseases with tissue inflammation	10x_chromium|cite-seq	neurological|autoimmune|pulmonary|infectious|normal		We explored how the human macrophages response to different inflammatory factors, focusing particularly on the effects of antiviral interferons (IFN-β and IFN-γ), pro-inflammatory cytokines such as TN
545751		Homo sapiens	A single cell transcriptomic analysis of human neocortical development		neurological|developmental		Defining the number, proportion, or lineage of distinct cell types in the developing human brain is an important goal of modern brain research. We produced single cell transcriptomic profiles for 40,0
1276621		Homo sapiens	Single cell transcriptional analysis of human adenoids identifies molecular features of airway microfold cells	snRNA	infectious		We aimed to characterize the cellular composition and molecular features of the human adenoid, a mucosa-associated lymphoid tissue located in the upper airway, with a focus on epithelial populations i
1052879		Homo sapiens	Combinatorial Indexed 10x Genomics Single-cell ATAC-seq on Human Cerebral Cortex	10x_chromium|atac	neurological		Single-cell chromatin accessibility profiling (scATAC) using droplet fluidics (10x Genomics) is inherently limited in throughput due to the number of available indexed droplets. This study leverages s
821464		Homo sapiens	Protracted neuronal recruitment in the temporal lobe of young children	spatial|snRNA	neurological		The human brain's temporal lobe contains the entorhinal cortex (EC), a highly interconnected integrative hub for sensory and spatial information; key for episodic memory formation and the primary sour
484965		Homo sapiens	Altered oligodendrocyte heterogeneity in Multiple sclerosis.	snRNA	neurological|metabolic|developmental|normal		Oligodendrocyte (OL) pathology is increasingly implicated in neurodegenerative diseases, as they are involved in metabolic support of axons and functional cross-talk with other brain cells. Rodent OLs
985376		Homo sapiens	Integrated Analysis of Multimodal Single-Cell Datasets for SARS-CoV-2 Vaccination	cite-seq	infectious|developmental		The study aimed to explore immune responses during a time course of BNT162b2 mRNA vaccination. To better characterize these responses, we utilize a suite of multi-modal single-cell sequencing technolo
1305034		Homo sapiens	Functional and dysfunctional T regulatory cell states in human tissues in RA and other autoimmune arthritic diseases		autoimmune|normal		This study includes newly generated regulatory T cell datasets derived from peripheral blood and synovial fluid samples obtained from adult patients with rheumatoid arthritis. These samples were colle
1020977		Homo sapiens	Single-cell profiling of premature neonate airways reveals a continuum of myeloid differentiation		neurological|developmental|normal		We set out to develop a reference single-cell transcriptomic profile of airway aspirate samples from extremely premature neonates (collected within an hour of birth). In this study, we profiled sample
884478		Homo sapiens	Nanobody-tethered Transposition Allows for Multifactorial Chromatin Profiling at Single-cell Resolution				Chromatin states are functionally defined by a complex combination of histone modifications, transcription factor binding, DNA accessibility, and other factors. However, most current single-cell-resol
348784		Homo sapiens	Sequencing Follicular Lymphoma	scRNA	cancer|normal		This repository contains sequencing data to describe the genomic profiles of several B-cell lymphomas including follicular lymphoma and Hodgkin lymphoma. We have used several different high throughput
891776		Homo sapiens	Multi-modal single-cell and whole-genome sequencing of minute, frozen specimens to propel clinical applications [slideseq]	spatial	cancer|neurological|pulmonary|infectious|liver		We provide 5' and/or 3' single cell and single nuclei RNA sequencing data for matched comparisons of profiling from fresh (single cells) and frozen (single nuclei) samples of a non small cell lung can
1432969		Homo sapiens	The critical role of the host endogenous immune compartment after intracerebroventricular CAR T cell therapy in recurrent GBM	scRNA	cancer		In this study, we characterize the longitudinal immune dynamics of intracerebroventricular (ICV) bivalent EGFR_IL13Ralpha2 CAR T cell therapy in patients with recurrent glioblastoma (rGBM). We perform
1085795		Homo sapiens	Regulation of T cell CXCL13 production	atac	neurological|autoimmune		This study evaluated the signals that regulate production of the B cell chemoattractant CXCL13 by human CD4 T cells. Single-cell and bulk RNA-seq datasets evaluated the gene expression changes induced
767149		Homo sapiens	The Psychiatric Cell Mapping Initiative (PCMI)	10x_chromium|scRNA	neurological		We sought to characterize the cell types produced by individual human cortical progenitors and describe their lineage relationships. We labeled individual human cortical cells with a massively complex
989355		Homo sapiens	Uveal Melanoma Immunogenomics Predict Immunotherapy Resistance and Susceptibility		cancer		Immunotherapy using immune checkpoint inhibition (ICI) has shown success in treating metastatic cutaneous melanoma but has limited efficacy against metastatic uveal melanoma (UM), a rare variant arisi
740371	phs001323	Homo sapiens	Single-cell RNA-sequencing identifies immune biomarkers of response to immunotherapy in patients with high-risk Smoldering Myeloma	scRNA	cancer		Single-cell RNA-sequencing identifies immune biomarkers of response to immunotherapy in patients with high-risk Smoldering Multiple Myeloma (SMM). We conducted a Phase II trial of the immunotherapeuti
925485		Homo sapiens	Single-cell profiling of a clinically applicable lentiviral vector for the treatment of Diamond-Blackfan anemia	10x_chromium|scRNA	infectious|normal		We applied single-cell RNA sequencing analysis to study the transcriptomic landscapes of a clinically applicable lentiviral vector in RPS19-deficient CD34+ hematopoietic stem and progenitor cells Over
1149846		Homo sapiens	Dynamic evolution of fibroblasts revealed by single cell RNA sequencing of human pancreatic cancer	10x_chromium|spatial|scRNA	cancer|normal		Understanding the constituents of the pancreatic ductal adenocarcinoma (PDAC) microenvironment may illuminate more efficacious targets for treating this aggressive malignancy. However, the composition
976486		Homo sapiens	Type I interferon and cycling lymphocytes in macrophage activation syndrome	scRNA	normal		We performed immune profiling of peripheral blood mononuclear cells from patients with Still's disease and macrophage activation syndrome (MAS) using bulk RNA sequencing and single-cell RNA sequencing
1338255		Homo sapiens	Pilot Study to Investigate the Pathogenesis of Juvenile Idiopathic Arthritis	10x_chromium|spatial	neurological		The study investigates how immune and stromal cells are organized within inflamed synovium in juvenile idiopathic arthritis (JIA). Synovial tissue was obtained at clinically indicated procedures from 
1403033		Homo sapiens	Evaluation of the effects of endocrine therapy and abemaciclib on host and tumor immune cell repertoire/function in advanced ER+/HER2- breast cancer	scRNA	cancer		To characterize the advanced and metastatic breast tumor immune landscape and the impact of CDK4/6 inhibition on its composition and function, we used scRNA-seq to analyze tumor biopsies pre- and post
1333512		Homo sapiens	Epigenetic Determinants and Mechanisms Influencing Genital Chlamydia trachomatis Reinfection in African American Women		neurological|infectious		Chlamydia, which is caused by the bacterium Chlamydia trachomatis (Ct), is the most diagnosed bacterial sexually transmitted infection. In the US, up to 20% of reported chlamydia cases are due to rein
824482	phs004468	Homo sapiens	Comprehensive Benchmarking of CITE-seq versus DOGMA-seq Single Cell Multimodal Omics	cite-seq|atac			The recently developed transcription, epitopes, and chromatin accessibility by sequencing (TEA-seq) and similar DOGMA-seq single-cell trimodal omics assays provide unprecedented opportunities for unde
800566		Homo sapiens	IFN-γ and TNF-α drive a CXCL10+ CCL2+ macrophage phenotype expanded in severe COVID-19 lungs and inflammatory diseases with tissue inflammation		neurological|autoimmune|pulmonary|infectious		We explored how the human macrophages response to different inflammatory factors, focusing particularly on the effects of antiviral interferons (IFN-beta and IFN-gamma), pro-inflammatory cytokines suc
666446		Homo sapiens	Multimodal profiling of 500,000 memory T cells from a tuberculosis cohort	cite-seq	infectious		We profiled peripheral memory T cells from donors with prior TB disease or latent infection to identify cell states associated with disease or other demographic and environmental variables. For higher
493623	phs001680	Homo sapiens	Defining T cell states associated with response to checkpoint immunotherapy in melanoma	smart-seq	cancer		we profiled 16,291 immune cells from 48 tumor samples of melanoma patients treated with checkpoint inhibitors, using single-cell transcriptomics. Overall design: Tumors were disaggregated, sorted into
547840		Homo sapiens	Transcriptomic analysis of human hematopoietic progenitors from healthy donors and bone marrow failure patients	smart-seq	normal		The purpose of this study was to define transcriptional changes that occur in the rare and heterogeneous bone marrow progenitors that are affected in Shwachman-Diamond Syndrome. Data are reported for 
934663		Homo sapiens	A comprehensive platform for analyzing longitudinal multi-omics data				PALMO (Platform for Analyzing Longitudinal Multi-omics data) is a platform for analyzing longitudinal data from bulk as well as single cell. It allows to identify inter-, intra-donor variations in gen
946651		Homo sapiens	Ultraviolet radiation shapes dendritic cell leukaemia transformation in the skin		cancer|neurological|developmental|normal		Tumours most often arise from progression of precursor clones within a single anatomical niche. In the bone marrow, clonal progenitors can undergo malignant transformation to acute leukaemia, or diffe
1402414		Homo sapiens	PGE2-Driven Inhibition of T Cell Activation		autoimmune|developmental|normal		We aim to elucidate the functional effects of PGE2 and non-coding, inflammatory bowel disease (IBD)-associated genetic variants on T cells exposed to activation stimuli and other inflammatory mediator
999322		Homo sapiens	SARS-CoV-2 infection elucidates unique features of pregnancy-specific immunity [ADT]	10x_chromium	infectious		Pregnancy is a risk factor for increased severity of SARS-CoV-2 and other respiratory infections. The mechanisms underlying this risk have not been well-established, partly due to limited understandin
640197		Homo sapiens	Mapping SLE heterogeneity at the single cell level	scRNA	autoimmune|normal		Patients with Systemic Lupus Erythematosus (SLE) display a complex blood transcriptome whose cellular origin is poorly resolved. Using single-cell RNA-seq, we profiled ~276,000 PBMCs from 33 children 
1373310		Homo sapiens	Well plate lineage sequencing for ultra-high-quality SNV and indel detection with single cell cycle resolution in vitro				Lineage sequencing uniquely measures somatic single nucleotide variants in dividing cells to achieve high specificity/sensitivity as well as the ability to temporally resolve variants and to relate se
560047	phs002048	Homo sapiens	A single cell approach to map cellular subsets involved in Systemic Lupus Erythematosus (SLE) heterogeneity		autoimmune|normal		In this study, we analyzed the transcriptomes of ~276k single PBMCs from 33 childhood SLE (cSLE) and 11 healthy matched donors (cHD). Our findings were validated in an independent cohort including 8 a
984315		Homo sapiens	Pre-existing skin-resident CD8 and γδ T cell circuits mediate immune response in Merkel cell carcinoma and Predict immunotherapy efficacy [scRNA_blood]	scRNA	cancer		Merkel Cell Carcinoma (MCC) is an aggressie skin cancer with limiterd treatment and low response rates to Immune Checkpoint Blockade (ICB) therapy. We compiled the largest sc database of MCC tumor sam
1085794		Homo sapiens	Regulation of T cell CXCL13 production	atac	neurological|autoimmune		This study evaluated the signals that regulate production of the B cell chemoattractant CXCL13 by human CD4 T cells. Single-cell and bulk RNA-seq datasets evaluated the gene expression changes induced
864609		Homo sapiens	Single cell RNA-sequencing identifies a paracrine interaction that may drive oncogenic Notch signaling in human adenoid cystic carcinoma	scRNA	cancer		Salivary adenoid cystic carcinoma (ACC) is a rare but biologically unique biphasic tumor, consisting of malignant myoepithelial and luminal epithelial cells. MYB and Notch signaling have been implicat
591621		Homo sapiens	­Single Cell Transcriptomics  identifies Focal Segmental Glomerulosclerosis Remission  Endothelial Biomarker	scRNA	cancer|kidney|normal		Intrinsic nephron cell types and tissue resident immune cells were recovered from renal biopsy specimens using a scRNAseq protocol for the Kidney Precision Medicine Project (KPMP), designed for deploy
961896		Homo sapiens	Spatiotemporal charting of human esophageal development for epidermolysis bullosa cell therapy		neurological|developmental|normal		Human fetal esophageal development is not well understood. We present a spatio-temporal single-cell multi-omics atlas to close such a long-standing knowledge gap. With such an atlas, we describe the c
1149772	phs004458	Homo sapiens	Gene expression profile at single cell level  of Drug-tolerant persister cells induced by targeted therapy in lung adenocarcinoma.	scRNA	cancer|pulmonary		Drug-tolerant persister (DTP) stage is viewed as a major source of non-genetic drug resistance. We use single cell RNA seq to reveal the transcriptomic heterogeniety of DTP stage Overall design: PC9 c
1344319		Homo sapiens	High Throughput KIR and HLA Sequencing in CNS Paraneoplastic Syndromes	10x_chromium|scRNA			This study investigated genetic and immunological factors in anti-N-methyl-D-aspartate receptors (NMDAR) encephalitis using a multi-ethnic cohort of 479 patients and 2,806 PCA- and genotyping platform
1344318		Homo sapiens	High Throughput KIR and HLA Sequencing in CNS Paraneoplastic Syndromes	10x_chromium|scRNA			This study investigated genetic and immunological factors in anti-N-methyl-D-aspartate receptors (NMDAR) encephalitis using a multi-ethnic cohort of 479 patients and 2,806 PCA- and genotyping platform
1010892		Homo sapiens	MILK-Omics: Systems Biology of Human Milk and its Links to Maternal and Infant Health	scRNA	normal		The primary objective of the project is to generate a systems-level view of human milk in the context of healthy mothers and their term infants. The study uses biospecimens and clinical data from the 
1269652		Homo sapiens	Clonal Heterogeneity in Human Pancreatic Ductal Adenocarcinoma and Its Impact on Tumor Progression	spatial|scRNA	cancer		This study of primary human pancreatic ductal adenocarcinoma (PDAC) tumors (n = 62) aims to characterize intratumoral clonal diversity, transcriptional plasticity, tumor_microenvironment interactions,
389979		Homo sapiens	Intratumoral Transcriptional States of Lymphoma	scRNA	cancer|normal		Follicular lymphoma (FL) is a generally incurable B-cell malignancy which has the potential to transform into highly aggressive lymphomas. Genomic studies indicate it is often a small subpopulation ra
1242410	phs003991	Homo sapiens	Single Cell Opioid Responses in the Context of HIV (SCORCH)	atac|snRNA	neurological|infectious		The Single Cell Opioid Responses in the Context of HIV (SCORCH) consortium was formed to begin to address scientific questions about addiction and HIV/ART at the single cell level. Fifteen funded SCOR
369715		Homo sapiens	Response and Resistance to ER-directed Therapy in ER+ Metastatic Breast Cancer	scRNA	cancer		Despite the reduction in cancer recurrence and mortality provided by hormonal therapy, estrogen receptor positive (ER+) metastatic breast cancer (MBC) remains the most common cause of breast cancer de
1226667		Homo sapiens	Studying Glioblastoma in a Human Organoid Tumor Transplantation Model	snRNA|scRNA	cancer|developmental		This study comprises two complementary investigations that leverage innovative human model systems and cutting-edge molecular profiling to dissect glioblastoma (GBM) heterogeneity and tumor-microenvir
1347103		Homo sapiens	Healthy Donor Controls for Immune Evaluation	10x_chromium|scRNA	infectious|metabolic|normal		Bioenergetic dysfunction is an archetypical finding in critical illness, particularly among patients with sepsis. A central feature of sepsis is the shift towards pathologic immunosuppression predispo
622599		Homo sapiens	University of Washington Developmental Single Cell Atlas	atac	neurological|developmental|normal		We set out to generate a human cell atlas of both gene expression and chromatin accessibility using tissues obtained during development. In this study, we applied an assay for single cell profiling of
862872	phs002915	Homo sapiens	Single-cell multi-omic velocity infers dynamic and decoupled gene regulation	10x_chromium			Single-cell multi-omic datasets, in which multiple molecular modalities are profiled within the same cell, provide a unique opportunity to discover the interplay between cellular epigenomic and transc
1054676		Homo sapiens	Systems analysis of single-cell heterogeneity underlying glioma drug resistance		cancer|neurological		This study characterizes the transcriptional regulatory mechanisms that drive responses of two patient-derived glioblastoma multiforme (GBM) stem-like cells (PD-GSCs) that have distinct phenotypes - o
606618		Homo sapiens	Genomic landscape of human skin at a single-cell resolution		cancer|normal		Every cell in the human body has a unique set of somatic mutations, yet it remains difficult to comprehensively genotype an individual cell. Here, we developed solutions to overcome this obstacle in t
1053427		Homo sapiens	Cell Mediated Immunity in Viral Hepatitis	smart-seq|scRNA	infectious|liver|normal		To assess the immune correlates of viral hepatitis cure, we studied changes in the liver myeloid compartment pre-treatment and three months post-DAA (direct-acting antiviral treatment medication) in c
823686		Homo sapiens	Melanoma Brain Metastasis Atlas [TCR-Seq]	scRNA	cancer|neurological|normal		We performed matched TCR-seq and single-cell RNA-sequencing of 5 treatment-naïve melanoma brain metastases (MBM) from 5 individual patients. Overall design: Single-cell/nuclei RNA sequencing of 145,55
1311166		Homo sapiens	Single-cell multiomics of the immune microenvironment in T-cell acute lymphoblastic leukemia	10x_chromium|cite-seq	cancer|neurological|developmental|normal		We present single-cell transcriptome and surface protein expression (CITE-seq) data from four healthy donors and fifteen pediatric T cell acute lymphoblastic leukemia (T-ALL) patients at diagnosis and
649824		Homo sapiens	Multimodal Mapping of the Immune Landscape in Human Pancreatic Cancer	scRNA	cancer		Pancreatic ductal adenocarcinoma (PDA) is characterized by an immune-suppressive tumor microenvironment that has rendered it largely refractory to immunotherapy. We used single-cell RNA sequencing on 
1162162		Homo sapiens	10x Multiome from Human Fetal Heart	10x_chromium|multiome|atac|scRNA	cardiovascular|developmental|normal		We hope to uncover the genetic basis of congenital heart disease by examining how genetic variants, especially those in non-coding regions, influence heart development. To achieve this goal, our resea
677987	phs001961	Homo sapiens	Single Nucleus ATAC-Seq Multiomic Profiling Reveals Age-Dynamic Regulation of Host Genes Associated with SARS-CoV-2 Infection [scATAC-Seq]	atac|snRNA	neurological|pulmonary|infectious|normal		Respiratory failure is the leading cause of COVID-19 death and disproportionately impacts adults more than children. Here, we present a large-scale snATAC-seq dataset (90,980 nuclei) of the human lung
1276620		Homo sapiens	Genomic copy-number variants drive apoptotic resistance and relapses on immune checkpoint inhibitors		cancer		We investigated the genomic mechanisms underlying acquired resistance (AR) to immune checkpoint inhibitors (ICIs) across tumor types, specifically by examining how copy number variant (CNV)-driven sub
1395106		Homo sapiens	Single-cell profiling of circulating immune cells in healthy older adults	scRNA	neurological|normal		To characterize immune signatures of aging, we recruited healthy, non-frail older adults (aged 64 and above) and profiled their peripheral blood mononuclear cells via 5' single-cell RNA sequencing alo
974174		Homo sapiens	Adipocytes regulate fibroblast function, and their loss contributes to fibroblast dysfunction in inflammatory diseases	scRNA	neurological|autoimmune|normal		We profiled live synovial cells from 16 individuals with no diagnosed arthritis using single-cell RNA sequencing. Our study was designed to provide a reference single cell RNA sequencing dataset for r
895388			Single-cell multi-omic analysis of the vestibular schwannoma ecosystem uncovers a nerve injury-like state	atac|scRNA	cancer		Vestibular schwannomas (VS) are benign tumors that lead to significant neurologic and otologic morbidity. How VS heterogeneity and the tumor microenvironment (TME) contribute to the pathogenesis of th
1253785		Homo sapiens	Revealing the single cell determinants of brain relevant to persistent HIV infection and opioid use disorder		neurological|infectious|normal		People living with HIV (PLWH) are at the higher risk for impaired cognitive functions such as HIV-Associated Neurocognitive Disorder or HAND. Further, higher use of legal and illegal opioids among PLW
1199596		Homo sapiens	Spatial multi-omics of intratumoral humoral immunity niches associated with tertiary lymphoid structures in pancreatic cancer pathologic responders to immunotherapy.	spatial	cancer		Pancreatic ductal adenocarcinoma (PDAC) is a rapidly progressing cancer that responds poorly to immunotherapies. Intratumoral tertiary lymphoid structures (TLS) have been associated with rare long-ter
547841		Homo sapiens	Transcriptomic analysis of human hematopoietic progenitors from healthy donors and bone marrow failure patients	smart-seq	normal		The purpose of this study was to define transcriptional changes that occur in the rare and heterogeneous bone marrow progenitors that are affected in Shwachman-Diamond Syndrome. Data are reported for 
850501		Homo sapiens	Single-cell analysis of CD19-specific CAR T cell treatment of relapsed/refractory CD19+ acute lymphoblastic leukemia		cancer		By leveraging single-cell transcriptome and T cell receptor (TCR) sequencing, we aimed to track the transcriptional signatures of chimeric antigen receptor (CAR) T cell clonotypes throughout the cours
1095025		Homo sapiens	Physical Resiliencies: Indicators and Mechanisms in the Elderly (PRIME)	scRNA	neurological|infectious		In this study, we utilized single-cell RNA sequencing and flow cytometry to characterize latent cytomegalovirus (CMV) infection at the transcriptional level in older individuals (aged 60 and above) at
1395107		Homo sapiens	Single-cell profiling of circulating immune cells in healthy older adults	scRNA	neurological|normal		To characterize immune signatures of aging, we recruited healthy, non-frail older adults (aged 64 and above) and profiled their peripheral blood mononuclear cells via 5' single-cell RNA sequencing alo
1312891		Homo sapiens	Clinicogenomic analysis of EGFR-mutant lung tumors identifies Rb inactivation as a hallmark of squamous transformation		cancer|pulmonary		Histologic transformation to squamous cell carcinoma (LUSC) is an underrecognized mechanism of resistance to treatment in EGFR-mutant lung adenocarcinoma (LUAD). While small cell lung cancer (SCLC) tr
415686		Homo sapiens	Single cell RNA-seq reveals malignant and stromal programs associated with invasion and metastasis in head and neck cancer	scRNA	cancer|neurological		This study of head and neck cancer aimed to profile individual malignant, stromal, and immune cells in treatment-naive oral cavity squamous cell carcinoma, with or without matched metastatic cervical 
957924		Homo sapiens	G-CSF1	cite-seq	normal		Our research using in-vivo preclinical xenograft mouse models demonstrated that G-CSF impedes engraftment of CRISPR-Cas9 gene edited human hematopoietic stem cells (HSCs). In this CITE-seq study, we s
1210006		Homo sapiens	Cancer-restricted cryptic antigens are targets for T cell recognition		cancer|normal		Subjects included patients with pancreatic cancer, at least 18 years of age, who were recruited from outpatient clinics and inpatient units at Dana-Farber Cancer Institute and Brigham and Women's Hosp
647005		Homo sapiens	Integrative molecular characterization of genitourinary cancers		cancer|kidney|normal		We have performed integrative bulk (whole exome sequencing of tumor and normal paired and whole transcriptome sequencing) and single cell analysis of primary and metastatic non-prostate genitourinary 
622600		Homo sapiens	University of Washington Developmental Single Cell Atlas	atac	neurological|developmental|normal		We set out to generate a human cell atlas of both gene expression and chromatin accessibility using tissues obtained during development. In this study, we applied an assay for single cell profiling of
489548		Homo sapiens	Defining T Cell States Associated with Response to Checkpoint Immunotherapy in Melanoma		cancer		Checkpoint blockade therapy using antibodies targeting CTLA4, PD1 or PDL1 have changed the way cancer patients with advanced disease are being treated, as evident by their FDA approval in a wide varie
1427259		Homo sapiens	Synchronous dual hematologic neoplasms of myeloid and lymphoid lineage are of common clonal origin				Synchronous dual hematologic neoplasms (SDHN) of myeloid and lymphoid lineages occur more frequently than expected based on their respective disease epidemiology. However, whether these entities are c
396086		Homo sapiens	The Finland-United States Investigation of NIDDM Genetics (FUSION) Study – Islet Expression and Regulation by RNAseq and ATACseq	10x_chromium|spatial|atac|scRNA	neurological|metabolic		This study evaluates gene expression and its regulation in human pancreatic islets, a tissue relevant in the study of genetic risk factors contributing to diabetes. We obtained pancreatic tissue secti
295468		Homo sapiens	Study of Human Developmental Neurogenesis		neurological|developmental		We sought to characterize cellular heterogeneity in the human cerebral cortex at a molecular level during cortical neurogenesis. We captured single cells and generated sequencing libraries using the C
698274	phs002204	Homo sapiens	Cardiac cell type-specific gene regulatory programs and disease risk association [RNA-seq]	atac|snRNA	cardiovascular|normal		Misregulated gene expression in human hearts can result in cardiovascular diseases that are leading causes of morbidity and mortality worldwide. However, the limited information on the genomic locatio
1054683		Homo sapiens	Immunoprofiling of the blood and intestine and creation of a gut cell atlas	cite-seq|spatial|scRNA	autoimmune|normal		This is a focused, nested case-control study within our larger cohort "Immunoprofiling of the Blood and Intestine and Creation of a Gut Cell Atlas". This sub-study is titled as "Single-cell and spatia
972293		Homo sapiens	Comparative single-cell analyses identify shared and divergent features of human and mouse kidney development [human ATAC-seq]	atac	developmental|kidney		Mammalian kidneys maintain fluid homeostasis through the cellular activity of nephrons and the conjoined collecting system. Each epithelial network originates from distinct progenitor cell populations
1081502		Homo sapiens	Aberrant activation of wound healing programs within the metastatic niche facilitates lung colonization by osteosarcoma cells	spatial|scRNA	cancer|pulmonary|developmental		Lung metastasis is responsible for nearly all deaths caused by osteosarcoma, the most common pediatric bone tumor. How malignant bone cells coerce the lung microenvironment to support metastatic growt
640196		Homo sapiens	Mapping SLE heterogeneity at the single cell level	scRNA	autoimmune|normal		Patients with Systemic Lupus Erythematosus (SLE) display a complex blood transcriptome whose cellular origin is poorly resolved. Using single-cell RNA-seq, we profiled ~276,000 PBMCs from 33 children 
1424218		Homo sapiens	Interrogating gene regulation during human cortical development	10x_chromium|atac|scRNA	neurological|infectious|developmental		Our study investigates the regulatory function and evolutionary origins of the fastest evolved genomic regions in the human genome termed Human Ancestor Quickly Evolved Regions (HAQERs), during human 
1043809		Homo sapiens	BPH Tissues for Cell Culture and Analysis - Spatial transcriptomics identifies candidate stromal drivers of benign prostatic hyperplasia	spatial|scRNA	cancer|developmental		The study goal was to apply spatial transcriptomics to identify candidate stromal drivers of benign prostatic hyperplasia (BPH). Laser microdissection (LCM) with RNA-seq of the stroma adjacent to hype
629599	phs002003	Homo sapiens	A human cell atlas of fetal chromatin accessibility	atac	developmental|normal		We devised an improved assay for single cell profiling of chromatin accessibility with three-level combinatorial indexing (sci-ATAC-seq3). We applied this method to 53 fetal tissue samples representin
1231604		Homo sapiens	Single-cell mitochondrial mutation lineage tracing of non-dysplastic and dysplastic Barrett's esophagus	spatial|scRNA	cancer|developmental|normal		This study addresses a critical knowledge gap in understanding Barrett's esophagus (BE), a common metaplastic condition and precursor to esophageal adenocarcinoma, by identifying lineage connections a
1213887		Homo sapiens	Response​ to Tagraxofusp in Blastic Plasmacytoid Dendritic Cell Neoplasm	scRNA			Tagraxofusp is a CD123-targeted therapy comprised of a recombinant human interleukin-3 (IL-3) fused to a truncated diphtheria toxin (DT) payload. It is the first approved treatment specifically for pa
962197		Homo sapiens	Genetic analysis of skin cells	10x_chromium|spatial	cancer|normal		Cutaneous squamous cell carcinoma (cSCC) is a form of skin cancer originating from keratinocytes in the skin. They have high mutation burdens, primarily driven by UV-radiation-induced DNA damage. The 
341753		Homo sapiens	Homo sapiens	scRNA	neurological|developmental|normal		During development of the human brain, multiple cell types with diverse regional identities are generated. Here we report a system to generate early human brain forebrain and mid/hindbrain cell types 
430957		Homo sapiens	Genetics, Cellular and Natural History of X-Linked Dystonia Parkinsonism	10x_chromium	neurological		X-linked Dystonia-Parkinsonism (XDP, DYT3) is a long-standing quandary in human disease genetics. XDP is predominantly observed on Panay island in the Philippines. This study is one of the first of it
1312894		Homo sapiens	Exome and multi-site bulk and scRNA-seq profiling of pleural mesothelioma	spatial|scRNA	cancer|neurological		This study comprehensively profiles pleural mesothelioma (PM) using integrated bulk DNA sequencing [whole-exome sequencing (WES)], bulk RNA-sequencing (RNA-seq), single-cell RNA-sequencing (scRNA-seq)
671380		Homo sapiens	Characterization of immune evasion in Merkel cell carcinoma	atac|scRNA	cancer|infectious		Merkel cell carcinoma (MCC) is a rare, neuroendocrine skin carcinoma that is caused by the Merkel cell polyomavirus (MCPyV) in 80% of cases and by ultraviolet (UV) damage in 20% of cases. MCC should t
953150		Homo sapiens	Single-cell ATAC and RNA sequencing of human breast cancer reveals salient cancer-specific enhancers	atac|scRNA	cancer|neurological|normal		Matched single-cell chromatin accessibility sequencing (scATAC-seq) and single-cell transcriptomic sequencing (scRNA-seq) were performed for 12 human breast tumor samples, 4 normal human mammary reduc
994263		Homo sapiens	Investigating delayed-onset Drug Hypersensitivity Reactions Prospectively	scRNA			Delayed-type drug hypersensitivity reactions (dtDHR) are significant causes of morbidity and mortality, but the origin, phenotype and function of pathogenic T cells across the spectrum of severity are
1373306		Homo sapiens	Identifying senescence and immune biomarkers predictive of benefit to combined CDK4 and checkpoint blockade inhibition in patients with dedifferentiated liposarcoma	scRNA	cancer		This dataset comes from an exploratory correlatives sub-study embedded within NCT04438824, a single-arm, open-label phase II trial evaluating the combination of the CDK4/6 inhibitor palbociclib and th
758449		Homo sapiens	Longitudinal immune dynamics of mild COVID-19 define signatures of recovery and persistence		neurological|infectious		SARS-CoV-2 has infected over 160 million and caused more than 3 million deaths to date. Most individuals (>80%) have mild symptoms and recover in the outpatient setting, but detailed studies of immune
876015		Homo sapiens	JSS transcriptome study	scRNA	autoimmune|normal		Sjogren's disease (SjD) is a systemic autoimmune disorder with major clinical manifestations of dryness in the eyes and mouth, fatigue, and joint pain. Our interdisciplinary experts in SjD at the Univ
633186		Homo sapiens	Heart of Cells	spatial|merfish|scRNA	neurological|cardiovascular		The heart, which is the first organ to develop, is highly dependent on its form to function. However, how diverse cardiac cell types spatially coordinate to create complex morphological structures cri
989356		Homo sapiens	Uveal Melanoma Immunogenomics Predict Immunotherapy Resistance and Susceptibility		cancer		Immunotherapy using immune checkpoint inhibition (ICI) has shown success in treating metastatic cutaneous melanoma but has limited efficacy against metastatic uveal melanoma (UM), a rare variant arisi
1244939		Homo sapiens	Neurogenetic studies of trichotillomania and excoriation disorder	scRNA	neurological		The overall objective of this study is to use a series of state-of-the-art neurogenetic approaches to advance our understanding of the genes and pathways that contribute to trichotillomania and excori
1311158		Homo sapiens	Space Associated Stem Cell Hallmarks of Aging in Astronauts	scRNA			This study examined the effects of the stress of space, specifically low earth orbit, on hematopoietic stem and progenitor cells (HSPCs) that maintain lifelong hematopoiesis and immune responses. Enri
1288048		Homo sapiens	Numbat-multiome: Inferring copy number variation by combining RNA and chromatin accessibility information from single-cell data	multiome|atac	cancer		Numbat-multiome is a computational framework designed to infer copy number variations (CNVs) by integrating RNA and chromatin accessibility data from single-cell multiomic datasets. The methodology ex
789262		Homo sapiens	A comprehensive platform for analyzing longitudinal multi-omics data	10x_chromium|atac|scRNA	neurological|normal		We profiled four healthy individuals with age between 25 to 38 years old over 10-week period longitudinally using high throughput analysis. We measured blood count, flow-based cell populations, plasma
287184		Homo sapiens	Melanoma Exome Sequencing	scRNA	cancer|normal		This study reports on genomic profiling [whole-exome sequencing (WXS), bulk RNA sequencing (RNA-seq), and/or single-cell RNA sequencing (scRNA-seq)] of patient-derived melanoma samples and matched nor
671264		Homo sapiens	Single Cell Genomic Analysis of Lymphoma	scRNA	cancer|neurological		Our studies aimed to define the extent of heterogeneity between anatomically separated tumor manifestations and to identify treatment-induced changes in patients with indolent lymphoma, mainly follicu
1024040		Homo sapiens	Basal-to-inflammatory transition contributes to basal cell carcinoma therapy resistance via crosstalk with a pro-inflammatory stromal niche	spatial|atac	cancer|autoimmune		Overcoming tumor evolution and inducible resistance states remain the main challenge to creating successful anti-tumor therapies. The body's cancer-associated inflammatory response is a double-edged s
727873		Homo sapiens	Integrative molecular characterization of breast cancer	snRNA|scRNA	cancer|normal		Version 1: We have performed integrative analyses of breast cancer tumors, including whole exome sequencing (WES) of tumor and normal pairs, whole transcriptome sequencing, and single-cell RNA sequenc
1256938		Homo sapiens	High-resolution single cell profiling of SARS-CoV-2 vaccine responsiveness in healthy adults		neurological|infectious|normal		mRNA vaccines, administered in two doses, have been highly effective against SARS-CoV-2 and are now being explored for broader applications. However, how human immune cells respond to these platforms,
338827		Homo sapiens	Homo sapiens	10x_chromium|spatial|atac|scRNA	neurological|metabolic		This study evaluates gene expression and its regulation in human pancreatic islets, a tissue relevant in the study of genetic risk factors contributing to diabetes. We obtained pancreatic tissue secti
794245		Homo sapiens	Single-cell analysis of Somatic Mutations in Human Bronchial Epithelial Cells in Relation to Aging and Smoking		cancer|pulmonary|normal		While lung cancer risk among smokers is dependent on smoking dose, it remains unknown if this increased risk reflects an increased rate of somatic mutation accumulation in normal lung cells. Here we a
1399487		Homo sapiens	Systematic evaluation of single-cell multimodal data integration for comprehensive human reference atlas	atac|snRNA|scRNA	neurological|kidney|normal		We systematically evaluated experimental and computational strategies for integrating multimodal single-cell and single-nucleus genomics data in complex human tissues. Using human renal cortex as the 
1148227		Homo sapiens	Single Cell RNA-sequencing of BCG naïve and recurrent non-muscle invasive bladder cancer reveals a CD6/ALCAM-mediated immune-suppressive pathway	scRNA	cancer|neurological|autoimmune		Non-muscle invasive bladder cancer (NMIBC) represents 70_80% patients with newly diagnosed bladder cancer, and Bacillus Calmette-Guerin (BCG) remains a cornerstone treatment for intermediate- and high
971189		Homo sapiens	Single cell transcriptomics reveals cell type specific features of developmentally regulated responses to lipopolysaccharide between birth and 5 years	10x_chromium|scRNA	neurological|developmental		Perinatal life is a period of extraordinary change in which newborns transition into a new world abundant in environmental stimuli and pathogens.  To meet this challenge, the neonatal immune system is
929450		Homo sapiens	A Randomized, Placebo-Controlled, Phase III Trial Evaluating Motixafortide and G-CSF to Mobilize Hematopoietic Stem Cells for Autologous Transplantation in Multiple Myeloma – The Genesis Trial	scRNA	cancer|neurological|normal		Autologous hematopoietic stem cell transplantation (ASCT) improves survival in multiple myeloma (MM). However, up to 30% of MM patients are unable to collect optimal numbers of peripheral blood (PB) C
781748		Homo sapiens	Hematopoiesis at single cell resolution spanning human development and maturation	scRNA	developmental|liver		Hematopoiesis is a process of constitutive regeneration whereby hematopoietic stem and progenitor cells (HSPCs) constantly replenish mature blood cells. During maturation and aging, HSPCs alter their 
672734		Homo sapiens	Single-cell RNA Sequencing data from PBMC subjected to whole blood processing delay	scRNA			Multi-omic profiling of human peripheral blood is increasingly utilized to identify biomarkers and pathophysiologic mechanisms of disease. The importance of these platforms in clinical and translation
733527		Homo sapiens	Single cell 'omics resolves transcriptional alterations in Sjogren's Syndrome				This data compares the single cell transcriptional profiles of the minor salivary glands and peripheral blood mononuclear cells (PBMCs) between patients diagnosed with Sjogren's Disease (SjD) and thos
895336		Homo sapiens	Clonal dynamics of alloreactive T cells in kidney allograft rejection after anti-PD-1 therapy [MLR single-cell]	scRNA	cancer|neurological|kidney		Kidney transplant recipients are at particular risk for developing tumors, many of which are now routinely treated with immune checkpoint inhibitors (ICIs); however, ICI therapy can precipitate transp
954960		Homo sapiens	Remodeling of the immune system across human lifespan at single cell resolution	scRNA	neurological		The immune system is dynamic and changes throughout life, yet molecular/cellular details of these changes are not well characterized. To precisely characterize age and sex associated changes in periph
954961		Homo sapiens	Remodeling of the immune system across human lifespan at single cell resolution	scRNA	neurological		The immune system is dynamic and changes throughout life, yet molecular/cellular details of these changes are not well characterized. To precisely characterize age and sex associated changes in periph
1311167		Homo sapiens	Single-cell multiomics of the immune microenvironment in T-cell acute lymphoblastic leukemia	10x_chromium|cite-seq	cancer|neurological|developmental|normal		We present single-cell transcriptome and surface protein expression (CITE-seq) data from four healthy donors and fifteen pediatric T cell acute lymphoblastic leukemia (T-ALL) patients at diagnosis and
693011		Homo sapiens	Single Cell Analysis of Chromatin Accessibility Reveals Genetic and Regulatory Heterogeneity in Glioblastomas	atac	cancer|neurological		Intra-tumoral heterogeneity is a key contributor to therapeutic failure in glioblastomas, the most common form of primary adult brain cancer.  To better define this heterogeneity, genome-wide chromati
856475		Homo sapiens	Single-cell RNA-Seq resolves phenotypically heterogeneous subtypes in systemic juvenile idiopathic arthritis (SJIA)	scRNA	autoimmune|pulmonary|developmental		Systemic juvenile idiopathic arthritis (SJIA) is a clinically heterogenous systemic inflammatory disorder sometimes complicated by macrophage activation syndrome (MAS) and lung disease (LD), which are
1276619		Homo sapiens	Genomic copy-number variants drive apoptotic resistance and relapses on immune checkpoint inhibitors		cancer		We investigated the genomic mechanisms underlying acquired resistance (AR) to immune checkpoint inhibitors (ICIs) across tumor types, specifically by examining how copy number variant (CNV)-driven sub
1263045		Homo sapiens	Uncovering gene regulatory differences between human and chimpanzee neural cells	atac|scRNA	neurological		A major challenge in human evolutionary biology is to pinpoint the genetic differences that underlie phenotypic changes in the human lineage, such as increased neuron number and a prolonged period of 
910208	phs002915	Homo sapiens	HIV-1 Vpr targets PU.1 to vastly alter the antiviral machinery of HIV infected primary human macrophages	10x_chromium|scRNA	infectious|normal		HIV-1 accessory protein, Vpr, is required for efficient HIV-1 infection of macrophages. Here we show that Vpr reprograms macrophage gene expression by altering the activity of master transcriptional r
663561		Homo sapiens	Shared transcriptional profiles at the single cell level of atypical memory B cells suggest common drivers of expansion and function in malaria, HIV and autoimmune diseases [Malaria VDJ+GEX scRNA-seq]	scRNA	neurological|autoimmune|infectious		Human chronic infectious diseases have been shown to alter the composition and phenotype of the B cell compartment, which, in part, can attribute to failure to acquire protective immunity. However, th
935425		Homo sapiens	Structurally complex osteosarcoma genomes exhibit limited heterogeneity within individual tumors and across evolutionary time		cancer		A key characteristic of osteosarcoma is extensive and complex genomic rearrangements. However, published models explaining how these genomic rearrangements occur disagree about if these rearrangements
796547	phs001323	Homo sapiens	Single Cell Characterization of Myeloma and its Precursor Conditions Reveals Transcriptional Signatures of Early Tumorigenesis	scRNA	cancer|neurological|normal		Multiple myeloma is a plasma cell malignancy almost always preceded by precursor conditions, but low tumor burden of these early stages has hindered the study of their molecular programs through bulk 
610094		Homo sapiens	Molecular characterization of bulk and single cell prostate cancer	scRNA	cancer|neurological|normal		Version 1: We performed single-cell RNA-sequencing (scRNA-seq) of fresh biopsies from metastatic castration resistant prostate cancer. Additionally, where available, we performed matched bulk whole ex
511584		Homo sapiens	Single-cell RNA sequencing reveals compromised immune microenvironment in precursor stages of multiple myeloma	scRNA	cancer|neurological|normal		Precursor states of Multiple Myeloma (MM) and its native tumor microenvironment need in-depth molecular characterization to better stratify and treat patients at risk. Using single-cell RNA sequencing
1270998		Homo sapiens	Vascular invasion-associated gene expression is detectable in pre-surgical biopsies of stage I lung adenocarcinoma [bulkRNAseq_biopsies]	spatial	cancer|pulmonary		Microscopic vascular invasion (VI) predicts recurrence and benefit from lobectomy in stage I lung adenocarcinoma (LUAD) but cannot be accurately predicted before surgery. Thus, biomarkers that identif
741226		Homo sapiens	Next Generation Sequencing analysis to compare expression patterns of myeloid progenitors in healthy donors and MDS patients	scRNA	normal		Transcriptional changes occurring in the CMPs and GMPs of untreated "CMP pattern" and "GMP pattern" MDS patients were compared with the transcriptional profile of CMPs and GMPs from healthy donors Ove
1308197		Homo sapiens	Sequencing of rare pancreatic tumors that respond to PD-1 blockade	10x_chromium|scRNA	cancer		Pancreatic cancer is nearly always refractory to immunotherapy, except in a rare subset of patients whose tumors have a high mutational burden (TMB), usually due to mismatch-repair deficiency. We coll
1107395		Homo sapiens	Genomic profiles and survival prognosticators in African-American patients with acute myeloid leukemia	scRNA	cancer|autoimmune		Genomic profiles and prognostic biomarkers in patients with acute myeloid leukemia (AML) from ancestry diverse populations are underexplored. We analyzed the exomes and transcriptomes of 100 Black pat
909402		Homo sapiens	Integrative Somatic and Germline Computational Biology to Redefine Clinical Actionability in Solid Tumors	scRNA	cancer|normal		Version 1: Neuroendocrine tumors (NETs) are rare cancers that arise in the gastrointestinal tract and pancreas. The fundamental mechanisms driving gastroenteropancreatic NETs (GEP-NETs) growth remain 
1242411	phs003991	Homo sapiens	Single Cell Opioid Responses in the Context of HIV (SCORCH)	atac|snRNA	neurological|infectious		The Single Cell Opioid Responses in the Context of HIV (SCORCH) consortium was formed to begin to address scientific questions about addiction and HIV/ART at the single cell level. Fifteen funded SCOR
842222		Homo sapiens	Multi-modal skin atlas associates a multicellular immune-stromal community with altered cornification and T cell expansion in atopic dermatitis [scATAC-seq]	10x_chromium|atac|scRNA	neurological|autoimmune|normal		In healthy skin, a cutaneous immune system maintains balance between tolerance towards innocuous environmental antigens and immune responses against pathological agents, but in atopic dermatitis (AD),
1424219		Homo sapiens	Interrogating gene regulation during human cortical development	10x_chromium|atac|scRNA	neurological|infectious|developmental		Our study investigates the regulatory function and evolutionary origins of the fastest evolved genomic regions in the human genome termed Human Ancestor Quickly Evolved Regions (HAQERs), during human 
726830		Homo sapiens	Characterization of CNS Metastases	scRNA	cancer|neurological		Metastatic disease to the central nervous system (CNS) is devastating, with a poor prognosis. There are limited treatment options for patients with CNS metastases, and in particular with leptomeningea
723926		Homo sapiens	A single cell atlas of MMRd and MMRp colorectal cancer	spatial	cancer|normal		Immune responses to cancer vary across cancer types and patients. Colorectal cancer tumors with mismatch repair-deficiency (MMRd) show an elevated immune cell activity as compared to mismatch repair p
545750		Homo sapiens	A single cell transcriptomic analysis of human neocortical development		neurological|developmental		Defining the number, proportion, or lineage of distinct cell types in the developing human brain is an important goal of modern brain research. We produced single cell transcriptomic profiles for 40,0
947747		Homo sapiens	Single Cell Genotypic and Phenotypic Analysis of Measurable Residual Disease in Acute Myeloid Leukemia		cancer|developmental|normal		Acute myeloid leukemia (AML) is a group of blood cancers with high mortality. Even though complete remission is often achieved, majority of the AML patients still relapse. Measurable residual disease 
1028777		Homo sapiens	Single-cell Genomic and Transcriptomic Analysis of the Aging Human Brain	merfish|snRNA	neurological		We studied human brain aging using single-cell whole genome sequencing and single-nucleus RNA sequencing of the pre-frontal cortex from 19 donors ranging in age from 0.4 years to 104 years. All donors
667525		Homo sapiens	Characterization of high-grade serous ovarian cancer subtypes via single-cell profiling	scRNA	cancer|neurological		We measured gene expression in single-cell RNA sequencing samples from patients with high-grade serous ovarian cancer (HGSOC), for a study on improving HGSOC subtype definition by taking into account 
835732		Homo sapiens	Single-cell RNA-seq of CD8 T cells sorted from one sample of seropositive rheumatoid arthritis synovial fluid	10x_chromium|scRNA	autoimmune		We used FACS to sort CD8 T cells from synovial fluid mononuclear cells from one patient with seropositive rheumatoid arthritis Overall design: SFMCs were thawed, stained with MR1 tetramers and surface
836693		Homo sapiens	Integrative Single-Cell Analysis of Transcriptome, Epigenome, and Lineage in HIV Latency and Activation		infectious|developmental		With the development of triple combination antiretroviral therapy, routine HIV treatment eliminates nearly all actively infected cells. Nevertheless, the small reservoir of latently infected cells, wh
1422191		Homo sapiens	Multi-omics profiling of genetic and transcriptomic alterations in bladder cancer	scRNA	cancer|normal		This prospective study aimed to explore genetic and transcriptomic alterations in bladder cancer using multi-omics approaches. Samples were obtained from clinical investigators under Center for Cancer
754135			Multiple Nf1 Schwann cell populations reprogram the plexiform neurofibroma tumor microenvironment		cancer|neurological|normal		To define alterations early in tumor formation, we studied nerve tumors in neurofibromatosis 1 (NF1), a tumor predisposition syndrome in which affected individuals develop plexiform neurofibroma (PN).
525920		Homo sapiens	Conserved cell types with divergent features between human and mouse cortex	snRNA|scRNA	neurological		Elucidating the cellular architecture of the human neocortex is central to understanding our cognitive abilities and susceptibility to disease. In this study, we applied single nucleus RNA sequencing 
1438242		Homo sapiens	Multi-modal profiling reveals epithelial hierarchy disorganization underlying field cancerization in head and neck cancer	multiome|snRNA	cancer|neurological|normal		Local recurrence rates in head and neck squamous cell carcinoma (HNSCC) exceed 50%, potentially due to field cancerization, a phenomenon where tissue that appears normal microscopically actually harbo
1312892		Homo sapiens	Clinicogenomic analysis of EGFR-mutant lung tumors identifies Rb inactivation as a hallmark of squamous transformation		cancer|pulmonary		Histologic transformation to squamous cell carcinoma (LUSC) is an underrecognized mechanism of resistance to treatment in EGFR-mutant lung adenocarcinoma (LUAD). While small cell lung cancer (SCLC) tr
823928		Homo sapiens	Melanoma Brain Metastasis Atlas [SlideSeq]	spatial|snRNA|scRNA	cancer|neurological|normal		We performed single-cell/nuclei RNA-sequencing (sc/snRNA-seq) of 22 treatment-naïve melanoma brain metastases (MBM; 5 samples using scRNA-seq and 17 snRNA-seq) from 21 patients and 10 treatment-naïve 
1281737		Homo sapiens	B cell lymphocytosis and reprogramming due to a CARD11 bi-allelic gain-of-function mutation	10x_chromium|scRNA	normal		This is a single-cell RNA sequencing (scRNA-seq) study using peripheral blood mononuclear cells (PBMC) from 2 healthy donors and 2 patients with B cell Expansion with NF-_B and T cell Anergy (BENTA). 
1023367		Homo sapiens	Children's Hospital of Philadelphia  B- and T-cell Acute Leukemia and Lymphomas	cite-seq|atac	cancer|neurological|developmental|normal		Our goal with this study was to identify the mechanisms of treatment resistance in T-cell acute lymphoblastic leukemia (ALL) using single-cell genomics. We profiled 40 T-ALL cases from the Children's 
772733		Homo sapiens	T cell characteristics associated with toxicity to immune checkpoint blockade in patients with melanoma [bulk RNA-seq]	scRNA	cancer|developmental|normal		Severe immune-related adverse events (irAEs) occur in up to 60% of melanoma patients treated with immune checkpoint inhibitors (ICIs). However, it remains unknown whether a common baseline immunologic
892707		Homo sapiens	Multi-modal single-cell and whole-genome sequencing of small, frozen clinical specimens	spatial	cancer|neurological|liver		Clinical application of single-cell sequencing technologies has been hampered by their need for quick processing of relatively large, fresh specimens. Here, we benchmarked the performance of a new tec
431831		Homo sapiens	Single-cell RNA-seq of rheumatoid arthritis synovial tissue using low-cost microfluidic instrumentation	scRNA	autoimmune		Droplet-based single-cell RNA-seq has emerged as a powerful technique for massively parallel cellular profiling. While these approaches offer the exciting promise to deconvolute cellular heterogeneity
809638		Homo sapiens	Differential dynamics of response at single cell resolution following CAR-T therapy in refractory B-cell lymphoma	scRNA	cancer		Single-cell RNA sequencing of PBMCs and infusion products from 32 patients treated with CD19 CAR-T therapy Overall design: Single-cell RNA sequencing of PBMCs and infusion products from 32 patients tr
876016		Homo sapiens	JSS transcriptome study	scRNA	autoimmune|normal		Sjogren's disease (SjD) is a systemic autoimmune disorder with major clinical manifestations of dryness in the eyes and mouth, fatigue, and joint pain. Our interdisciplinary experts in SjD at the Univ
949663		Homo sapiens	Using single-cell transcriptomics to characterise early mechanisms of psoriasis resolution	10x_chromium|scRNA	neurological|autoimmune		We obtained full-thickness skin biopsies from five individuals with severe psoriasis who were receiving risankizumab treatment. Skin biopsies were taken from lesional and non-lesional sites at baselin
1018859		Homo sapiens	Defining the Regulatory Logic of Breast Cancer Using Single-Cell Epigenetic and Transcriptome Profiling	atac|scRNA	cancer|neurological|normal		Annotation of the cis-regulatory elements mediating oncogenic transcription is essential to understanding breast cancer biology. In this work, we quantitatively linked variation in chromatin accessibi
547653		Homo sapiens	Cross-species Single Cell Analysis of Pancreatic Ductal Adenocarcinoma Reveals Antigen-presenting Cancer-associated Fibroblasts	10x_chromium|scRNA	cancer|neurological|normal		Cancer-associated fibroblasts (CAFs) are major players in the progression and drug resistance of pancreatic ductal adenocarcinoma (PDAC). CAFs constitute a diverse cell population consisting of severa
603848		Homo sapiens	Molecular Biomarkers in Glioma (Mechanisms and therapeutic implications of hypermutation in gliomas)		cancer		This study seeks to genomically and mechanistically examine the basis for resistance of glioblastoma to chemotherapy, radiation therapy, and targeted therapy including immunotherapies. The study desig
954383	phs002071	Homo sapiens	Analysis of donor pancreata defines the transcriptomic signature and microenvironment of early neoplastic lesions.	10x_chromium|scRNA	cancer|neurological|normal		The adult healthy human pancreas has been poorly studied given lack of indication to obtain tissue from the pancreas in the absence of disease and rapid postmortem degradation. We obtained pancreata f
1018219		Homo sapiens	Profiling of Sarcomas from Archival Tissues [lp-WGS]	snRNA	cancer|infectious		We performed single nuclei RNA-sequencing (snRNA-seq) with matched T cell receptor sequencing (TCR-seq), and pool matched low pass whole genome sequencing (WGS) of eight specimens from six patients, e
1003845	phs003260	Homo sapiens	Single Nucleus Transcriptomes from the Ventral Midbrain of Opioid Overdose Cases and Controls	10x_chromium|snRNA	neurological		Dynamic interactions of neurons and glia in the ventral midbrain (VM) mediate reward and addiction behavior. We studied gene expression in 212,713 VM single nuclei from 95 human opioid overdose cases 
891357		Homo sapiens	Decoding the endometrial niche of Asherman's syndrome at single-cell resolution	scRNA	neurological|autoimmune|normal		Asherman’s Syndrome is characterized by intrauterine adhesions or scarring, which cause infertility, menstrual abnormalities, and recurrent pregnancy loss. The pathophysiology of this syndrome remains
849968	phs002655	Homo sapiens	SARS-CoV-2 induced immune perturbations in infants vary with disease severity and differ from adults’ responses	scRNA	neurological|autoimmune|infectious|developmental|normal		Differences in immune profiles of children and adults with COVID-19 have been previously described. However, no systematic studies have been reported from infants hospitalized with severe disease. We 
999324		Homo sapiens	SARS-CoV-2 infection elucidates unique features of pregnancy-specific immunity [VDJ]	10x_chromium	infectious		Pregnancy is a risk factor for increased severity of SARS-CoV-2 and other respiratory infections. The mechanisms underlying this risk have not been well-established, partly due to limited understandin
407354		Homo sapiens	Homo sapiens	smart-seq	cancer|neurological|liver		Combined transcriptomic and functional analyses of HCC cells at single-cell level were performed to assess CSC heterogeneity. Overall design: Single-cell transcriptome analyses of two HCC cell lines (
287185		Homo sapiens	Homo sapiens	scRNA	cancer|normal		This study reports on genomic profiling [whole-exome sequencing (WXS), bulk RNA sequencing (RNA-seq), and/or single-cell RNA sequencing (scRNA-seq)] of patient-derived melanoma samples and matched nor
895392		Homo sapiens	Single-cell multi-omic analysis of the vestibular schwannoma ecosystem uncovers a nerve injury-like state [scRNA-seq]	atac|scRNA	cancer|normal		Vestibular schwannomas (VS) are benign tumors that lead to significant neurologic and otologic morbidity. How VS heterogeneity and the tumor microenvironment (TME) contribute to the pathogenesis of th
885844		Homo sapiens	Tri-modal Single Cell Approach Reveals Cellular and Molecular Heterogeneity in Naïve T cells Across Human Age	10x_chromium|cite-seq|multiome|atac|scRNA	neurological|infectious		The naïve T cell compartment undergoes multiple changes across age that associate with altered susceptibility to infection and autoimmunity. In addition to the acquisition of naïve-like memory T cell 
1119954		Homo sapiens	RNA-seq of monocyte derived macrophages and dendritic cells in a Peruvian Tuberculosis cohort	smart-seq	neurological		In this study, we sought to analyze the effects of genetic variants on gene expression levels in relation to the history of infectious disease and cell type. To do this, we focused on a Peruvian human
1374225		Homo sapiens	Establishing and benchmarking advanced methods to comprehensively characterize somatic genome variation in single human cells				Understanding somatic genomic variation presents unique challenges, primarily stemming from the individual rarity of most somatic mutations across cells in a multicellular organism. Hence, both sensit
1211202		Homo sapiens	Multiomic Landscape of Multiple Myeloma Precursor and Relapsed Disease	10x_chromium|multiome|atac	cancer|normal		Multiple myeloma (MM) is a treatable, though incurable, plasma cell malignancy. The molecular mechanisms driving disease onset and the emergence of drug resistance remain elusive. To better characteri
1072033		Homo sapiens	PanIN and CAF Transitions in Pancreatic Carcinogenesis Revealed with Spatial Data Integration	10x_chromium|spatial|scRNA	cancer|autoimmune|normal		This study introduces a new imaging, spatial transcriptomics (ST), and single-cell RNA-sequencing (scRNA-seq) integration pipeline to characterize neoplastic cell state transitions during tumorigenesi
603849		Homo sapiens	Molecular Biomarkers in Glioma (Mechanisms and therapeutic implications of hypermutation in gliomas)		cancer		This study seeks to genomically and mechanistically examine the basis for resistance of glioblastoma to chemotherapy, radiation therapy, and targeted therapy including immunotherapies. The study desig
1196903	phs002915	Homo sapiens	Inferring differential dynamics from multi-lineage, multi-omic, and multi-sample single-cell data	10x_chromium|multiome|scRNA	developmental		Understanding the gene regulatory mechanisms that establish and maintain cell type identities is a central goal in cellular and developmental biology. Single-cell RNA sequencing and multi-omic profili
871024		Homo sapiens	Single cell genome variation induced by mutational processes in cancer - HGSOC Trios study		cancer		Mutational signatures derived from whole genome sequencing have potential prognostic significance. Identification of high grade serous ovarian cancer patients with deficiency in homologous recombinati
928660	phs003015	Homo sapiens	Mechanisms of response and resistance to combined decitabine and ipilimumab for advanced myeloid disease	scRNA	cancer		The ETCTN 10026 study tested decitabine and ipilimumab for transplant-naive advanced myelodysplastic syndrome/acute myeloid leukemia and relapsed acute myeloid leukemia after allogeneic hematopoietic 
1001996	phs003230	Homo sapiens	Temporal evolution reveals bifurcated lineages in aggressive neuroendocrine small cell prostate cancer trans-differentiation (Bulk RNA-Seq)	atac|scRNA	cancer|neurological|pulmonary|developmental|normal		Trans-differentiation from an adenocarcinoma to a small cell neuroendocrine state is associated with therapy escape in multiple cancer types. The temporal transcriptional changes of this process remai
616334		Homo sapiens	The immune cell atlas of human neuroblastoma	10x_chromium|scRNA	cancer|autoimmune|developmental|kidney|normal		Our current knowledge of the different immune cells in neuroblastoma is based on in vitro and in vivo studies mainly focusing on a single cell type. Importantly, different studies have conveyed confli
1014564		Homo sapiens	Resistance development in basal cell nevus syndrome through the basal to squamous transition	spatial	cancer|developmental		While basal cell carcinomas (BCCs) arise from ectopic hedgehog pathway activation and can be treated with pathway inhibitors, sporadic BCCs display high resistance rates, while tumors arising in Gorli
1062913		Homo sapiens	Cell type-specific and disease-associated eQTL in the human lung	scRNA	pulmonary		This study was conducted to investigate the genetic control of gene expression in a cell-type and context-specific manner in the human lung. We performed single-cell RNA-sequencing (scRNA-seq) of lung
1095026		Homo sapiens	Physical Resiliencies: Indicators and Mechanisms in the Elderly (PRIME)	scRNA	neurological|infectious		In this study, we utilized single-cell RNA sequencing and flow cytometry to characterize latent cytomegalovirus (CMV) infection at the transcriptional level in older individuals (aged 60 and above) at
923099		Homo sapiens	Combined PD-1, BRAF and MEK inhibition in BRAFV600E colorectal cancer: a phase 2 trial	scRNA	cancer		In this study, we evaluated the clinical efficacy of combined PDCD1, BRAF, and MAP2K7 inhibition in metastatic BRAFV600E Colorectal Cancer (CRC) patients (NCT03668431). We performed bulk whole exome s
1432968		Homo sapiens	The critical role of the host endogenous immune compartment after intracerebroventricular CAR T cell therapy in recurrent GBM	scRNA	cancer		In this study, we characterize the longitudinal immune dynamics of intracerebroventricular (ICV) bivalent EGFR_IL13Ralpha2 CAR T cell therapy in patients with recurrent glioblastoma (rGBM). We perform
1404222		Homo sapiens	Spatial analysis of IPMNs defines a paradoxical KRT17-positive, low-grade epithelial population harboring malignant features [scRNA-seq]	spatial|scRNA	cancer		Background & Aims: Intraductal papillary mucinous neoplasms (IPMNs) are pancreatic cysts that represent one of the few radiologically identifiable precursors to pancreatic ductal adenocarcinoma (PDAC)
974175		Homo sapiens	Adipocytes regulate fibroblast function, and their loss contributes to fibroblast dysfunction in inflammatory diseases	scRNA	neurological|autoimmune|normal		We profiled live synovial cells from 16 individuals with no diagnosed arthritis using single-cell RNA sequencing. Our study was designed to provide a reference single cell RNA sequencing dataset for r
744859		Homo sapiens	Single cell analysis reveals mechanisms of heterogeneity and plasticity of leukemia initiating cells [ChIP-Seq]		cancer|neurological		Leukemia initiating cells (LICs) self-renew indefinitely to fuel leukemic growth and spark disease relapse.  Previously thought to be primitive and rare, the LIC state may actually be heterogeneous an
667526		Homo sapiens	Characterization of high-grade serous ovarian cancer subtypes via single-cell profiling	scRNA	cancer|neurological		We measured gene expression in single-cell RNA sequencing samples from patients with high-grade serous ovarian cancer (HGSOC), for a study on improving HGSOC subtype definition by taking into account 
955805		Homo sapiens	Lineage and ecology define liver tumor evolution in response to treatment	scRNA	cancer|liver		Single-cell transcriptome-based strategy to determine the evolutionary trajectories of longitudinal tumor biopsies from liver cancer patients by measuring cellular lineage and ecology. Our study provi
341752		Homo sapiens	Region-Specific Neural Stem Cell Lineages Revealed By Single-Cell RNA-Seq From Human Embryonic Stem Cells	scRNA	neurological|developmental|normal		During development of the human brain, multiple cell types with diverse regional identities are generated. Here we report a system to generate early human brain forebrain and mid/hindbrain cell types 
1173251		Homo sapiens	MR1T Cells at Birth Have Diverse TCR Usage, are Less Cytotoxic and are Unable to Respond to Many Common Childhood Pathogens	10x_chromium	neurological|liver|normal		This study enrolled healthy adult participants and expectant mothers from the Portland, USA area and consent was obtained. Adult participants donated blood from which peripheral blood mononuclear cell
1259607		Homo sapiens	Single-cell atlas of human liver and blood immune cells across fatty liver disease stages	10x_chromium|scRNA	metabolic|liver|normal		The goal of the study was to investigate immunological correlates of human fatty liver disease progression. We generated a single-cell RNA-seq (scRNA-seq) atlas of immune cells from liver fine needle 
878787		Homo sapiens	Lung endothelial cells regulate pulmonary fibrosis through FOXF1/R-Ras signaling (Human).	10x_chromium|scRNA	pulmonary|normal		Pulmonary fibrosis results from dysregulated repair of damaged tissue caused by persistent injury of lung epithelium. Multiple cell types in the lung are involved in the process of repair.  During lun
1253784		Homo sapiens	Revealing the single cell determinants of brain relevant to persistent HIV infection and opioid use disorder		neurological|infectious|normal		People living with HIV (PLWH) are at the higher risk for impaired cognitive functions such as HIV-Associated Neurocognitive Disorder or HAND. Further, higher use of legal and illegal opioids among PLW
497875		Mus musculus	Single-Cell Transcriptomic Analysis of Human Lung Reveals Complex Multicellular Changes During Pulmonary Fibrosis	10x_chromium|scRNA	neurological|pulmonary|normal		Pulmonary fibrosis is a heterogeneous syndrome in which fibrotic scar replaces normal lung tissue. We performed massively parallel single-cell RNA-Seq on lung tissue from eight lung transplant donors 
606952		Homo sapiens	Single Cell sequencing of human Sputum cells in cystic fibrosis and healthy controls	scRNA	pulmonary|normal		The study aimed to compare the gene expression profiles at a single cell level in Sputum cells between patients with cystic fibrosis (CF) and disease controls (CTRL). Overall design: Single-cell RNA s
871025		Homo sapiens	Single cell genome variation induced by mutational processes in cancer - HGSOC Trios study		cancer		Mutational signatures derived from whole genome sequencing have potential prognostic significance. Identification of high grade serous ovarian cancer patients with deficiency in homologous recombinati
836692		Homo sapiens	Integrative Single-Cell Analysis of Transcriptome, Epigenome, and Lineage in HIV Latency and Activation		infectious|developmental		With the development of triple combination antiretroviral therapy, routine HIV treatment eliminates nearly all actively infected cells. Nevertheless, the small reservoir of latently infected cells, wh
387321		Homo sapiens	Integrated single cell genetic and transcriptional analysis suggests novel private drivers of chronic lymphocytic leukemia.	scRNA	cancer		Intratumoral genetic heterogeneity has been characterized across cancers by genome sequencing of bulk tumors, including chronic lymphocytic leukemia (CLL). In order to more accurately identify subclon
935028		Homo sapiens	Single cell colony whole genome sequencing data from individuals with telomere syndromes		neurological|normal		This is an observational study which examined the phylogenetic evolution of somatic clonal mutations in individuals with Mendelian telomere syndromes. It includes data from two individuals who carry a
528020		Homo sapiens	Single-cell lymphocyte heterogeneity inadvanced Cutaneous T-Cell Lymphoma skin tumors	10x_chromium|scRNA	cancer|neurological|normal		Purpose: The heterogeneity of tumor cells presents a major challenge to cancer diagnosis and therapy. Cutaneous T cell lymphomas (CTCL) are a group of T lymphocyte malignanciesthat primarily affect sk
629811		Homo sapiens	Chronic Malaria drives functional heterogenity in B cell subpopulations and expansion of unswitched atypical memory B cells [Malaria bulkRNA-seq]	scRNA	neurological		Human chronic infectious diseases have been shown to alter the composition and phenotype of the B cell compartment, which, in part, can attribute to failure to acquire protective immunity. However, th
1369580		Homo sapiens	Single nucleus and spatial transcriptomic analyses of pulmonary fibrosis from the “Lung Transplant” and “Lung Tissue” Biorepositories	10x_chromium|spatial|snRNA	neurological|pulmonary		Interstitial lung disease (ILD) is characterized by a progressive destruction of the lung parenchyma driven by complex interactions between epithelial, stromal and immune cells. To understand the cell
1253704	phs001158	Homo sapiens	Spatial transcriptomics of human dorsal root ganglia from subjects with a history of diabetes	10x_chromium|spatial	metabolic		Visium spatial RNA sequencing was performed on 16 human dorsal root ganglia (DRG) tissue sections collected from 7 different DRGs, from 6 human subjects with a history of diabetes. Overall design: Hum
1427260		Homo sapiens	Synchronous dual hematologic neoplasms of myeloid and lymphoid lineage are of common clonal origin				Synchronous dual hematologic neoplasms (SDHN) of myeloid and lymphoid lineages occur more frequently than expected based on their respective disease epidemiology. However, whether these entities are c
655238	phs002071	Homo sapiens	Multimodal Mapping of the Tumor and Peripheral Blood Immune Landscape in Human Pancreatic Cancer	10x_chromium	cancer|normal		This is a human single cell sequencing repository of pancreatic cancer tumor tissue and PBMCs of pancreatic cancer patients.  The goal of this study was to thorough map the immune landscape of pancrea
691175		Homo sapiens	Biallelic loss of BCMA as a resistance mechanism to CAR T cell therapy in a patient with Multiple Myeloma		cancer		BCMA targeting chimeric antigen receptor (CAR) T cell therapy have shown deep and durable responses in multiple myeloma. However, relapse following therapy is frequently observed, and mechanisms of re
644898			A single-cell chromatin accessibility map of pulmonary alveologenesis in humans and mice		pulmonary|developmental|normal		Regulation of lung responses to air breathing and continued alveolar development shape ex-utero and adult respiratory health.  Applying single-cell transposome hypersensitive site sequencing (scTHS-se
1014560		Homo sapiens	Immune Responses in Checkpoint Myocarditis Across Heart, Blood, and Tumor	scRNA	cancer|autoimmune|cardiovascular		Immune checkpoint inhibitors (ICIs) are widely used in anti-cancer therapies, but they can cause morbid and potentially fatal immune-related adverse events (irAEs), such as ICI-related myocarditis (ir
1293470		Homo sapiens	Long-read Genome and Single-Nucleus Multiome Sequencing of Brain Tissue from Colombian Individuals with Neurodegenerative Diseases	multiome|snRNA	neurological		This study provides genomic, transcriptomic, and epigenomic data from brain tissue of Colombian individuals affected by neurodegenerative diseases. Participants were recruited through the Grupo de Neu
976485		Homo sapiens	Type I interferon and cycling lymphocytes in macrophage activation syndrome	scRNA	normal		We performed immune profiling of peripheral blood mononuclear cells from patients with Still's disease and macrophage activation syndrome (MAS) using bulk RNA sequencing and single-cell RNA sequencing
1007858		Homo sapiens	Dysregulation of naive T cell quiescence during Aging	scRNA	developmental|normal		TEA-seq (novel trimodal single-cell analysis of mRNA transcripts, surface protein epitopes, and chromatin accessibility) was performed on CD3+ T cells isolated from peripheral blood of healthy pediatr
326266	phs001027	Homo sapiens	Homo sapiens	scRNA	cancer|normal		We report the DNA methylation and transcriptional molecular features of paired diagnosis and relapsed Acute Myeloid Leukemia  samples Overall design: To determine if epigenetic features at gene promot
1209133		Homo sapiens	Developing targeted therapy for patients with Multiple Myeloma and Amp1q	scRNA	cancer		Multiple myeloma (MM) frequently presents with gain or amplification of chr1q (1q+), which is associated with inferior response to treatment and poor outcomes. To develop targeted therapy for MM with 
756265		Homo sapiens	The Landscape of Tumor Cell States and Ecosystems in Diffuse Large B Cell Lymphoma [scRNA-seq]	scRNA	cancer|neurological		Biological heterogeneity in diffuse large B cell lymphoma (DLBCL) is partly driven by cell-of-origin subtypes and associated genomic lesions, but also by diverse cell types and cell states in the tumo
521522			Expanding the CITE-seq tool-kit: Detection of proteins, transcriptomes, clonotypes and CRISPR perturbations with multiplexing, in a single assay	10x_chromium|cite-seq|scRNA	cancer		Multi-modal single-cell assays provide high-resolution snapshots of complex cell populations but are mostly limited to transcriptome plus an additional modality. Here, we describe Expanded CRISPR-comp
1240349			Uncovering gene regulatory differences between human and chimpanzee neural cells [scRNA-seq]	scRNA	neurological		A major challenge in human evolutionary biology is to pinpoint the genetic differences that underlie phenotypic changes in the human lineage, such as increased neuron number and a prolonged period of 
950416		Homo sapiens	Immunologic drivers of immune checkpoint inhibitor therapy myocarditis, fatality and anti-tumor response in cancer patients	scRNA	cancer|neurological|autoimmune|cardiovascular		Immune checkpoint inhibitors (ICIs) can offer remarkable benefits to patients with cancer, but these agents can cause morbid and potentially fatal immune-related adverse events (irAEs), the most letha
909401		Homo sapiens	Integrative Somatic and Germline Computational Biology to Redefine Clinical Actionability in Solid Tumors	scRNA	cancer|normal		Version 1: Neuroendocrine tumors (NETs) are rare cancers that arise in the gastrointestinal tract and pancreas. The fundamental mechanisms driving gastroenteropancreatic NETs (GEP-NETs) growth remain 
849981		Homo sapiens	Colitis associated with immune checkpoint inhibitors [tissue_cells]	cite-seq|snRNA|scRNA	autoimmune		In this study we set investigate four aspects of irColitis that are vital  to the pathogenesis of most immunotherapy related adverse events: (1) the  interactions between CD8 T cells and other immune,
606619		Homo sapiens	Genomic landscape of human skin at a single-cell resolution		cancer|normal		Every cell in the human body has a unique set of somatic mutations, yet it remains difficult to comprehensively genotype an individual cell. Here, we developed solutions to overcome this obstacle in t
176409		Homo sapiens	Homo sapiens		cancer|developmental		Acute myeloid leukemia is an aggressive clonal malignancy of the bone marrow that is the direct result of sequential acquisition of mutations in a single lineage of cells. In this study, we investigat
782616	phs000933	Homo sapiens	Integrative molecular and clinical profiling of acral melanoma links focal amplification of chr22q11.21 to metastasis	scRNA	cancer|neurological|normal		Acral melanoma, the most common melanoma subtype among non-Caucasian individuals, is associated with poor prognosis. However, its key molecular drivers remain obscure. Here, we perform integrative gen
934665		Homo sapiens	Single Cell DNA Methylation Analysis for Forensic Epigenetics	snRNA	neurological|infectious		As part of the Epigenetic CHaracterization and Observation (ECHO) program, the Genomic Analysis Laboratory at the Salk Institute generated the DNA methylation profiles of certain PBMC cell types to de
926597		Homo sapiens	Non-small Cell Lung Cancer Brain Metastasis Atlas [TCR-seq]	snRNA	cancer|neurological|pulmonary|normal		We performed single nuclei RNA-sequencing (snRNA-seq) with matched T cell receptor sequencing (TCR-seq)  of 12 treatment-naïve non-small cell lung cancer (NSCLC) primary tumors  (PTs) and 31  treatmen
792848		Homo sapiens	Characterizing the role of the immune microenvironment in multiple myeloma progression at a single cell level	scRNA	cancer		The plasma cell disease multiple myeloma (MM) is highly dependent on its bone marrow microenvironment (BMME). Early alterations within the bone marrow microenvironment that contribute to the progressi
576726		Homo sapiens	Clonally expanded T cells reveal immunogenicity of rhabdoid tumors		cancer		Rhabdoid tumors (RT) are cancers of early childhood and are driven by loss of SWI/SNF components, most frequently SMARCB1, but with low somatic mutation burdens otherwise. They can arise both in the c
698273	phs002204	Homo sapiens	Cardiac cell type-specific gene regulatory programs and disease risk association [ATAC-seq]	atac|snRNA	cardiovascular|normal		Misregulated gene expression in human hearts can result in cardiovascular diseases that are leading causes of morbidity and mortality worldwide. However, the limited information on the genomic locatio
489547		Homo sapiens	Defining T Cell States Associated with Response to Checkpoint Immunotherapy in Melanoma		cancer		Checkpoint blockade therapy using antibodies targeting CTLA4, PD1 or PDL1 have changed the way cancer patients with advanced disease are being treated, as evident by their FDA approval in a wide varie
401959		Homo sapiens	Personal Neoantigen Cancer Vaccines		cancer|normal		Effective anti-tumor immunity in humans has been associated with presence of T cells targeting neoantigens that arise from non-silent tumor-specific mutations. Here we conducted whole-exome sequencing
507000	phs001750	Homo sapiens	Single-Cell Transcriptomic Analysis of Human Lung Reveals Complex Multicellular Changes During Pulmonary Fibrosis II	10x_chromium|scRNA	neurological|pulmonary|normal		Pulmonary fibrosis is a heterogeneous syndrome in which fibrotic scar replaces normal lung tissue. We performed massively parallel single-cell RNA-Seq on lung tissue from eight lung transplant donors 
896957		Homo sapiens	Integrative Single Cell Multiomic Profiling Analysis Reveals HOX-PBX Gene Regulatory Network Regulating the Survival of mTOR Hyperactive Cells [snRNA-Seq]	atac|snRNA	neurological|pulmonary|developmental		Lymphangioleiomyomatosis (LAM) is a rare, debilitating lung disease that predominantly affects women of reproductive age. LAM cells carry deleterious mutations of tuberous sclerosis complex (TSC1/TSC2
924769	phs000159	Homo sapiens	Single-cell discovery and multi-omic characterization of therapeutic targets in multiple myeloma [scRNA-seq]	scRNA	cancer|developmental		Multiple myeloma (MM) is a highly refractory hematological cancer. Targeted immunotherapy has shown promise in MM but remains hindered by the challenge of identifying specific yet broadly representati
1276622		Homo sapiens	Single cell transcriptional analysis of human adenoids identifies molecular features of airway microfold cells	snRNA	infectious		We aimed to characterize the cellular composition and molecular features of the human adenoid, a mucosa-associated lymphoid tissue located in the upper airway, with a focus on epithelial populations i
563724		Homo sapiens	Next-generation sequencing analysis to compare expression pattern of relapse and baseline "CMP pattern" MDS samples	scRNA			Transcriptional changes occurring in the expanding LT-HSC population of "CMP pattern" MDS patients with blast expansion post-HMA failure were compared with the transcriptional profile of untreated (ba
369716		Homo sapiens	Homo sapiens	scRNA	cancer		Despite the reduction in cancer recurrence and mortality provided by hormonal therapy, estrogen receptor positive (ER+) metastatic breast cancer (MBC) remains the most common cause of breast cancer de
629546		Homo sapiens	Single cell RNAseq of human early stage lung adenocarcinoma with activating somatic KRAS mutations and associated normal lung tissues reveals alterations of key gene expression in alveolar type II pneumocytes	scRNA	cancer|neurological|pulmonary|normal		Mutant KRAS is the most common oncogenic driver of epithelial cancers. Nevertheless, the molecular changes induced by KRAS activation in primary epithelial cells remain unknown. Here, we determined tr
1333513		Homo sapiens	Epigenetic Determinants and Mechanisms Influencing Genital Chlamydia trachomatis Reinfection in African American Women		neurological|infectious		Chlamydia, which is caused by the bacterium Chlamydia trachomatis (Ct), is the most diagnosed bacterial sexually transmitted infection. In the US, up to 20% of reported chlamydia cases are due to rein
930887		Homo sapiens	Uncovering the spatial landscape of molecular interactions within the tumor microenvironment through latent spaces	10x_chromium|spatial|scRNA	cancer|liver		Recent advances in spatial transcriptomics (ST) enable gene expression measurements from a tissue sample while retaining its spatial context. This technology enables unprecedented in situ resolution o
627454			SARS-CoV-2 receptor ACE2 is an interferon-stimulated gene in human airway epithelial cells and is detected in specific cell subsets across tissues	scRNA	pulmonary|infectious|normal		There is pressing urgency to understand the pathogenesis of the severe acute respiratory syndrome coronavirus clade 2 (SARS-CoV-2) which causes the disease COVID-19. SARS-CoV-2 spike (S)-protein binds
336365		Homo sapiens	Homo sapiens	scRNA	cancer		Chronic lymphocytic leukemia (CLL) is a frequent B-cell malignancy characterized by recurrent somatic chromosome alterations and a low level of point mutations. Here we present single nucleotide polym
957925		Homo sapiens	G-CSF1	cite-seq	normal		Our research using in-vivo preclinical xenograft mouse models demonstrated that G-CSF impedes engraftment of CRISPR-Cas9 gene edited human hematopoietic stem cells (HSCs). In this CITE-seq study, we s
525919		Homo sapiens	Conserved cell types with divergent features between human and mouse cortex	snRNA|scRNA	neurological		Elucidating the cellular architecture of the human neocortex is central to understanding our cognitive abilities and susceptibility to disease. In this study, we applied single nucleus RNA sequencing 
1028776		Homo sapiens	Single-cell Genomic and Transcriptomic Analysis of the Aging Human Brain	merfish|snRNA	neurological		We studied human brain aging using single-cell whole genome sequencing and single-nucleus RNA sequencing of the pre-frontal cortex from 19 donors ranging in age from 0.4 years to 104 years. All donors
671294		Homo sapiens	HuBMAP: A 3-D Tissue Map of the Human Lymphatic System	spatial	neurological		The major goal of the 3-D Tissue Map of the Human Lymphatic System is to use microscopic and biomolecular procedures to facilitate co-registration pipelines and common 3D reconstruction algorithms. Ti
671484		Homo sapiens	Transcriptomic and clonal characterization of T-cells in the human central nervous system	scRNA	neurological|normal		The cerebrospinal fluid (CSF) is thought to be a main route for immune surveillance in the central nervous system (CNS). Understanding the composition and state of CSF in healthy individuals may provi
1306683		Homo sapiens	HEAL PRECISION: Human Nociceptor and Spinal Cord Molecular Signature Center	spatial			The goal of this research project is to create a scientific foundation that will inform novel pain therapeutics, by forming a deeper understanding of the molecular characteristics of the human pain pa
842220			Multi-modal skin atlas associates a multicellular immune-stromal community with altered cornification and T cell expansion in atopic dermatitis [scRNA-seq]	10x_chromium|atac|scRNA	neurological|autoimmune|normal		In healthy skin, a cutaneous immune system maintains balance between tolerance towards innocuous environmental antigens and immune responses against pathological agents, but in atopic dermatitis (AD),
1227600		Homo sapiens	Systemic inflammation and lymphocyte activation precede rheumatoid arthritis	scRNA	autoimmune|developmental		The Allen Institute for Immunology-University of California, San Diego-University of Colorado Transition to Rheumatoid Arthritis (ALTRA) project is a prospective longitudinal cohort study to understan
1145391		Homo sapiens	Human Lung Allografts Experience Persistent Fibrogenic Shift Following Acute Cellular Rejection	10x_chromium|atac|scRNA	pulmonary|developmental		Rationale: Acute cellular rejection (ACR) remains a significant challenge in lung transplantation, with incomplete understanding of its molecular mechanisms and pathways linking ACR to chronic lung al
1150227	phs004458	Homo sapiens	Chromasome accessibility profiles at single cell level of Drug-tolerant persister cells induced by targeted therapy in lung adenocarcinoma.	atac	cancer|pulmonary		Drug-tolerant persister (DTP) stage is viewed as a major source of non-genetic drug resistance. We use single cell ATAC seq to reveal the epigenetic heterogeniety of DTP stage Overall design: PC9 cell
896956		Homo sapiens	Integrative Single Cell Multiomic Profiling Analysis Reveals HOX-PBX Gene Regulatory Network Regulating the Survival of mTOR Hyperactive Cells [snATAC-Seq]	atac	neurological|pulmonary|developmental		Lymphangioleiomyomatosis (LAM) is a rare, debilitating lung disease that predominantly affects women of reproductive age. LAM cells carry deleterious mutations of tuberous sclerosis complex (TSC1/TSC2
1259077		Homo sapiens	Cellular profiling identifies targetable T cell phenotypes in lymphocytic variant hypereosinophilic syndrome	scRNA			Lymphocytic variant hypereosinophilic syndrome (LHES) is driven by aberrant Th2_skewed lymphocyte clones that promote tissue eosinophilia. We performed multimodal single_cell RNA_sequencing (scRNA_seq
548726		Homo sapiens	Comparison of Cortical Organoids to Human Cortex Identifies Cellular Identity and Maturation Differences	10x_chromium	neurological		Direct Comparisons Between Cortical Organoids Generated with 3 Distinct Protocols and Primary Developing Human Cortex Overall design: Single-cell sequencing of cortical organoids using 10X Chormium v2
723925		Homo sapiens	A single cell atlas of MMRd and MMRp colorectal cancer	spatial	cancer|normal		Immune responses to cancer vary across cancer types and patients. Colorectal cancer tumors with mismatch repair-deficiency (MMRd) show an elevated immune cell activity as compared to mismatch repair p
1199065		Homo sapiens	Single Cell Profiling of Transcriptional and Epigenetic Differences Between Virus and Severity in Infants Infected with SARS-CoV-2 and RSV		neurological|infectious|normal		This study compares the transcriptional and epigenetic immune responses to SARS-CoV-2 and RSV in infant PBMCs across different disease severities. Infants and young children hospitalized with SARS-CoV
1148224		Homo sapiens	Single-cell analysis of the multiple myeloma microenvironment after g-secretase inhibition and CAR T-cell therapy	atac	cancer|neurological		We examined the effects of gamma-secretase inhibition (GSI) on the bone marrow microenvironment in multiple myeloma patients before anti-B-cell maturation antigen (BCMA) CAR T-cell therapy. Single-nuc
1199602		Homo sapiens	Multi-modal single-cell, spatial, and genomic analyses of human non-small cell lung cancer brain metastases	spatial|snRNA	cancer|neurological|pulmonary		We performed single nuclei RNA-sequencing (snRNA-seq) with matched T cell receptor sequencing (TCR-seq), and pool matched low pass whole genome sequencing (WGS) of 12 treatment-naive non-small cell lu
647004		Homo sapiens	Integrative molecular characterization of genitourinary cancers		cancer|kidney|normal		We have performed integrative bulk (whole exome sequencing of tumor and normal paired and whole transcriptome sequencing) and single cell analysis of primary and metastatic non-prostate genitourinary 
1311159		Homo sapiens	Space Associated Stem Cell Hallmarks of Aging in Astronauts	scRNA			This study examined the effects of the stress of space, specifically low earth orbit, on hematopoietic stem and progenitor cells (HSPCs) that maintain lifelong hematopoiesis and immune responses. Enri
1065475			Droplet Hi-C enables scalable, single-cell profiling of chromatin architecture in heterogeneous tissues		cancer|neurological|normal		Current methods for analyzing chromatin architecture are not readily scalable to heterogeneous tissues. Here we introduce Droplet Hi-C, which uses a commercial microfluidic device for high-throughput,
1049389	phs002008	Homo sapiens	Developmental cell type specific enhancers in orofacial morphology and disease [human]	multiome|atac|snRNA	developmental|normal		The noncoding genome contains sequences called enhancers which facilitate expression of target genes through recruitment and binding of transcription factors. Enhancers are typically active in develop
374386		Homo sapiens	Health Cell Atlas Of Human Blood Dendritic Cells and Monocytes	smart-seq|scRNA	developmental|normal		Dendritic cells (DC) and monocytes play a central role in pathogen sensing, phagocytosis and antigen presentation, and consist of multiple specialized subtypes. However, their identities and inter-rel
